Program,Hubspot ID,Time Zone,Program Name,Current Cohort,Deposit Paid Date,Status,payment_status,Current Payment Status,Payment Mode,Call Status,Upfront/Non-Upfront payment,Original SSA
Agentic SkillUp,9270951,America/Los_Angeles,Applied Agentic AI Program for EM,Applied Agentic AI for EM's - 2nd Mid-April 2026,27-Mar-2026,ENROLLED_WITH_NO_DUES,has_paid_in_full,Fully Paid,ACH_TRANSFER,Onboarded,Upfront Payment,Manish
Step Up,9294652,America/Los_Angeles,Backend Interview Prep Fast Track Program,,27-Mar-2026,Refunded,has_paid_in_full,Refunded,CLIMBCREDIT,Incomplete OB ,Upfront Payment,Pragya
EdgeUp,9547076,America/New_York,EdgeUp 2026 Engineering Manager LevelUp Program (with Agentic AI Interview Prep),Applied Agentic AI for EM's - Early-June 2026,27-Mar-2026,ENROLLED_WITH_NO_DUES,has_paid_in_full,Fully Paid,CLIMBCREDIT,Onboarded,Upfront Payment,Archi
Agentic SkillUp,14240161,America/Los_Angeles,AI Engineering,Applied Agentic AI for SWEs - Mid-April 2026,27-Mar-2026,ENROLLED_WITH_NO_DUES,has_paid_in_full,Fully Paid,ACH_TRANSFER,Onboarded,Upfront Payment,Anwesh
Agentic SkillUp,76204851,America/New_York,AI Engineering,Data Analyst & Business Analyst Interview Prep - Mid-April 2026,27-Mar-2026,ENROLLED_WITH_NO_DUES,Refunded,Refunded,STRIPE_CARD,Onboarded,Upfront Payment,Zeeshan
EdgeUp Step Up,474010455,America/Los_Angeles,EdgeUp 2026 Fullstack StepUp Program (with Agentic AI Interview Prep),Applied Agentic AI for SWEs - Early-May 2026,27-Mar-2026,ENROLLED_WITH_NO_DUES,has_paid_in_full,Fully Paid,ACH_TRANSFER,Onboarded,Upfront Payment,Disha
EdgeUp,264727751,America/New_York,EdgeUp 2026 Engineering Manager LevelUp Program (with Agentic AI Interview Prep),Engineering Management Interview Prep - Early-April 2026,27-Mar-2026,ENROLLED_WITH_NO_DUES,has_paid_in_full,Fully Paid,STRIPE_CARD,Onboarded,Upfront Payment,Anjali
Paid Upgrade,119785719125,America/Los_Angeles,Backend Interview Preparation Pathway,Backend Interview Prep Pathway - Early-April 2026,27-Mar-2026,Refunded,has_paid_in_full,Refunded,ACH_TRANSFER,Onboarded,Upfront Payment,Pragya
Paid Upgrade,208376434068,America/Los_Angeles,Backend Interview Preparation Pathway,Applied Agentic AI - Early-April 2026,27-Mar-2026,ENROLLED,Flexipay_has_time_to_pay,Flexipay_has_time_to_pay,0_PERCENT_APR_FLEXIPAY,Onboarded,Flexipay,Sanjana
#VALUE!,211349201269,America/Los_Angeles,5,Applied Agentic AI - 2nd Mid-April 2026,27-Mar-2026,FULL_PAYMENT_PAID,has_paid_in_full,Fully Paid,CLIMBCREDIT,Onboarded,Upfront Payment,Safoora
Level Up,211598360127,America/New_York,Data Engineering Interview Prep Program,Data Engineering Interview Prep - Early-April 2026,27-Mar-2026,ENROLLED,Refunded,Flexipay Refunded,0_PERCENT_APR_FLEXIPAY,Onboarded,Flexipay,Ajil
EdgeUp Step Up,211613427478,America/Los_Angeles,EdgeUp 2026 Engineering Management StepUp Program (with Agentic AI Interview Prep),Applied Agentic AI for EM's - Early-June 2026,27-Mar-2026,ENROLLED_WITH_NO_DUES,has_paid_in_full,Fully Paid,STRIPE_CARD,Onboarded,Upfront Payment,Arush
Fast Track Adv.ML,9271441,America/Los_Angeles,Fast Track Advanced Machine Learning Program,Fast Track Advanced Machine Learning,27-Mar-2026,ENROLLED_WITH_NO_DUES,has_paid_in_full,Fully Paid,ACH_TRANSFER,Onboarded,Upfront Payment,Archi
EdgeUp,9272409,America/Los_Angeles,EdgeUp 2026 Engineering Manager LevelUp Program (with Agentic AI Interview Prep),Applied Agentic AI for EM's - Early-April 2026,27-Mar-2026,ENROLLED_WITH_NO_DUES,has_paid_in_full,Fully Paid,ACH_TRANSFER,Onboarded,Upfront Payment,Ajil
New ML,115518779955,America/Chicago,Machine Learning Program (with Agentic AI),Machine Learning Program - 2nd Mid-April 2026,27-Mar-2026,FULL_PAYMENT_PAID,Flexipay_has_time_to_pay,Flexipay_has_time_to_pay,0_PERCENT_APR_FLEXIPAY,Onboarded,Flexipay,Manish
New ML,9590844,America/Los_Angeles,Machine Learning Program (with Agentic AI),Applied Agentic AI for EM's - Early-April 2026,29-Mar-2026,ENROLLED_WITH_NO_DUES,has_paid_in_full,Fully Paid,ACH_TRANSFER,Onboarded,Upfront Payment,Sharon
EdgeUp Step Up,302773301,America/New_York,EdgeUp 2026 Fullstack StepUp Program (with Agentic AI Interview Prep),Applied Agentic AI for SWEs - Early-April 2026,30-Mar-2026,FULL_PAYMENT_PAID,Refunded,Refunded,CLIMBCREDIT,Onboarded,Upfront Payment,Zeeshan
Step Up,320759951,US/Pacific,Test Engineering Interview Prep Fast Track Program,Self-Paced Test Engineering FastTrack,30-Mar-2026,FULL_PAYMENT_PAID,has_paid_in_full,Dispute Lost,STRIPE_CARD,Onboarded,Upfront Payment,Suraj
Agentic SkillUp,12915745291,America/Chicago,AI Engineering,Applied Agentic AI for SWEs - Mid-April 2026,29-Mar-2026,ENROLLED_WITH_NO_DUES,has_paid_in_full,Fully Paid,ACH_TRANSFER,Onboarded,Upfront Payment,Muskan
New ML,186340589590,America/New_York,Machine Learning Program (with Agentic AI),Machine Learning Program - 2nd End-May 2026,29-Mar-2026,ENROLLED_WITH_NO_DUES,has_paid_in_full,Fully Paid,STRIPE_CARD,Onboarded,Upfront Payment,Arush
EdgeUp,207771001198,America/New_York,EdgeUp 2026 Technical Program Manager LevelUp Program (with Agentic AI Interview Prep),Applied Agentic AI - Early-May 2026,30-Mar-2026,ENROLLED_WITH_NO_DUES,has_paid_in_full,Fully Paid,PAYPAL,Onboarded,Upfront Payment,Manish
Step Up,208044959917,America/Chicago,Backend Interview Prep Fast Track Program,Self-Paced Backend FastTrack,30-Mar-2026,ENROLLED_WITH_NO_DUES,has_paid_in_full,Fully Paid,PAYPAL,Onboarded,Upfront Payment,Zeeshan
EdgeUp,209032398221,America/New_York,EdgeUp 2026 Engineering Manager LevelUp Program (with Agentic AI Interview Prep),Engineering Management Interview Prep - Mid-April 2026,30-Mar-2026,ENROLLED_WITH_NO_DUES,has_paid_in_full,Fully Paid,CLIMBCREDIT,Onboarded,Upfront Payment,Manish
Step Up,210547972961,America/Chicago,Backend Interview Prep Fast Track Program,Self-Paced Backend FastTrack,30-Mar-2026,ENROLLED_WITH_NO_DUES,has_paid_in_full,Fully Paid,STRIPE_CARD,Onboarded,Upfront Payment,Anjali
Step Up,211075066279,America/Chicago,Test Engineering Interview Prep Fast Track Program,Self-Paced Test Engineering FastTrack,29-Mar-2026,ENROLLED_WITH_NO_DUES,has_paid_in_full,Fully Paid,CLIMBCREDIT,Onboarded,Upfront Payment,Zeeshan
Advanced ML,211100795913,America/Los_Angeles,Advanced Machine Learning Program (with Agentic AI),Advanced Machine Learning Program - 2nd End-March 2026,30-Mar-2026,ENROLLED,Flexipay_has_time_to_pay,Flexipay_has_time_to_pay,0_PERCENT_APR_FLEXIPAY,VM - 4 Attempts,Flexipay,Nishtha
EdgeUp Step Up,211838211635,America/New_York,EdgeUp 2026 Security Engineering W/o Coding StepUp Program (with Agentic AI Interview Prep),Applied Agentic AI for SWEs - Early-April 2026,30-Mar-2026,ENROLLED_WITH_NO_DUES,has_paid_in_full,Fully Paid,CLIMBCREDIT,Onboarded,Upfront Payment,Anjali
New ML,211840602474,America/Chicago,Machine Learning Program (with Agentic AI),Machine Learning Program - 2nd Mid-April 2026,30-Mar-2026,FULL_PAYMENT_PAID,has_paid_in_full,Fully Paid,CLIMBCREDIT,Onboarded,Upfront Payment,Muskan
New ML,212341704504,America/Chicago,Machine Learning Program (with Agentic AI),Machine Learning Program - 2nd End-May 2026,29-Mar-2026,ENROLLED_WITH_NO_DUES,has_paid_in_full,Fully Paid,CLIMBCREDIT,Onboarded,Upfront Payment,Arush
EdgeUp,9250703,America/Los_Angeles,EdgeUp 2026 Fullstack LevelUp Program (with Agentic AI Interview Prep),Applied Agentic AI for SWEs - 2nd Mid-April 2026,31-Mar-2026,ENROLLED_WITH_NO_DUES,has_paid_in_full,Fully Paid,ACH_TRANSFER,Onboarded,Upfront Payment,Sharon
Step Up,9287570,America/Los_Angeles,Test Engineering DSA Only Interview Prep Fast Track Program,Self-Paced Test Engineering FastTrack,30-Mar-2026,ENROLLED_WITH_NO_DUES,has_paid_in_full,Fully Paid,ACH_TRANSFER,Onboarded,Upfront Payment,Suraj
EdgeUp,9587270,America/New_York,EdgeUp 2026 Security Engineering LevelUp Program (with Agentic AI Interview Prep),Applied Agentic AI for SWEs - Early-May 2026,31-Mar-2026,ENROLLED_WITH_NO_DUES,has_paid_in_full,Fully Paid,STRIPE_CARD,Onboarded,Upfront Payment,Kamal
EdgeUp,130712712495,America/Indiana/Indianapolis,EdgeUp Data Engineering LevelUp Program (with Agentic AI),Applied Agentic AI for SWEs - Early-May 2026,30-Mar-2026,Refunded,Refunded,Refunded,CLIMBCREDIT,VM - 4 Attempts,Upfront Payment,Archi
Step Up,183075780695,America/Texas,Fullstack Interview Prep Fast Track Program,Self-Paced Fullstack FastTrack,30-Mar-2026,ENROLLED_WITH_NO_DUES,has_paid_in_full,Refunded,CLIMBCREDIT,VM - 4 Attempts,Upfront Payment,Pragya
EdgeUp,190454356755,America/New_York,EdgeUp 2026 Technical Program Manager LevelUp Program (with Agentic AI Interview Prep),Data Analyst & Business Analyst Interview Prep - Mid-April 2026,31-Mar-2026,ENROLLED_WITH_NO_DUES,has_paid_in_full,Fully Paid,STRIPE_CARD,Onboarded,Upfront Payment,Manish
EdgeUp,196714725300,America/New_York,EdgeUp 2026 Test Engineering LevelUp Program (with Agentic AI Interview Prep),Applied Agentic AI for SWEs - Early-April 2026,31-Mar-2026,ENROLLED_WITH_NO_DUES,has_paid_in_full,Fully Paid,ACH_TRANSFER,Onboarded,Upfront Payment,Arush
EdgeUp,206693884557,America/New_York,EdgeUp 2026 Fullstack LevelUp Program (with Agentic AI Interview Prep),Fullstack Interview Prep - Early-April 2026,31-Mar-2026,FULL_PAYMENT_PAID,has_paid_in_full,Fully Paid,CLIMBCREDIT,Onboarded,Upfront Payment,Arush
EdgeUp,208403340454,America/New_York,EdgeUp 2026 Technical Program Manager LevelUp Program (with Agentic AI Interview Prep),Applied Agentic AI for SWEs - 2nd-Mid April 2026,31-Mar-2026,DEPOSIT_PAID,has_dropped_out,Fully Paid,CLIMBCREDIT,Onboarded,Non-Upfront Payment,Kamal
Level Up,211613121909,America/Chicago,Fullstack Engineering Interview Prep Program,Fullstack Interview Prep - End-April 2026,30-Mar-2026,ENROLLED_WITH_NO_DUES,has_paid_in_full,Fully Paid,ACH_TRANSFER,Onboarded,Upfront Payment,Samarth
Agentic SkillUp,211837493910,America/Los_Angeles,Applied Agentic AI Program,Applied Agentic AI - 2nd Mid-April 2026,30-Mar-2026,ENROLLED_WITH_NO_DUES,has_paid_in_full,Fully Paid,STRIPE_CARD,Onboarded,Upfront Payment,Nishtha
EdgeUp Step Up,212081795334,America/Los_Angeles,EdgeUp Machine Learning StepUp Program (with Agentic AI),Applied Agentic AI for SWEs - Early April 2026,30-Mar-2026,ENROLLED_WITH_NO_DUES,has_paid_in_full,Fully Paid,CLIMBCREDIT,Onboarded,Upfront Payment,Sanjana
EdgeUp,212261680129,America/Los_Angeles,EdgeUp 2026 Engineering Manager LevelUp Program (with Agentic AI Interview Prep),Engineering Management Interview Prep - Mid-April 2026,31-Mar-2026,ENROLLED_WITH_NO_DUES,has_paid_in_full,Fully Paid,ACH_TRANSFER,Onboarded,Upfront Payment,Nishtha
Step Up,212361462886,America/Los_Angeles,Fullstack Interview Prep Fast Track Program,Self-Paced Fullstack FastTrack,31-Mar-2026,FULL_PAYMENT_PAID,has_paid_in_full,Fully Paid,CLIMBCREDIT,Onboarded,Upfront Payment,Samarth
EdgeUp Step Up,212396764848,America/New_York,EdgeUp 2026 Data Engineering StepUp Program (with Agentic AI Interview Prep),Applied Agentic AI for SWEs - 2nd Mid-April 2026,31-Mar-2026,ENROLLED_WITH_NO_DUES,has_paid_in_full,Refunded,CLIMBCREDIT,Onboarded,Upfront Payment,Kamal
EdgeUp,212533532193,America/New_York,EdgeUp 2026 Data Engineering LevelUp Program (with Agentic AI Interview Prep),Data Engineering Interview Prep - Early-April 2026,30-Mar-2026,ENROLLED_WITH_NO_DUES,Invalid,Invalid,CLIMBCREDIT,Invalid,Upfront Payment,Arush
Agentic SkillUp,14237730,America/Los_Angeles,Applied Agentic AI Program for SWEs,Applied Agentic AI for SWEs - Early-April 2026,31-Mar-2026,ENROLLED_WITH_NO_DUES,has_paid_in_full,Fully Paid,ACH_TRANSFER,Onboarded,Upfront Payment,Nishtha
EdgeUp Step Up,9296337,America/Chicago,EdgeUp Engineering Management StepUp Program (with Agentic AI),Applied Agentic AI for EM's - 2nd Mid-April 2026,30-Mar-2026,ENROLLED_WITH_NO_DUES,has_paid_in_full,Fully Paid,ACH_TRANSFER,VM/VM Not Setup,Upfront Payment,SSA
Agentic SkillUp,9293745,America/Los_Angeles,Applied Agentic AI Program for SWEs,Applied Agentic AI for EM's - Early-April 2026,31-Mar-2026,ENROLLED_WITH_NO_DUES,has_paid_in_full,Fully Paid,STRIPE_CARD,Onboarded,Upfront Payment,Sudhanshu
EdgeUp,9259602,America/Los_Angeles,EdgeUp 2026 Technical Program Manager LevelUp Program (with Agentic AI Interview Prep),Applied Agentic AI - Early-May 2026,31-Mar-2026,ENROLLED_WITH_NO_DUES,has_paid_in_full,Fully Paid,ACH_TRANSFER,Onboarded,Upfront Payment,Sharon
EdgeUp,9550406,America/Eastern,EdgeUp Engineering Manager LevelUp Program (with Agentic AI),Applied Agentic AI for EM's - 2nd Mid-April 2026,26-Mar-2026,ENROLLED_WITH_NO_DUES,has_paid_in_full,Fully Paid,ACH_TRANSFER,VM - 4 Attempts,Upfront Payment,Archi
EdgeUp,9547821,America/Los_Angeles,EdgeUp 2026 Engineering Manager LevelUp Program (with Agentic AI Interview Prep),Applied Agentic AI for EM's - 2nd Mid-April 2026,31-Mar-2026,ENROLLED_WITH_NO_DUES,has_paid_in_full,Fully Paid,CLIMBCREDIT,Onboarded,Upfront Payment,Safoora
EdgeUp Step Up,243138401,America/Los_Angeles,EdgeUp 2026 Engineering Management StepUp Program (with Agentic AI Interview Prep),"Applied Agentic AI for EM's - 2nd Mid-May 2026
",31-Mar-2026,ENROLLED,Flexipay_has_time_to_pay,Refunded,0_PERCENT_APR_FLEXIPAY,Onboarded,Flexipay,Pragya
Agentic SkillUp,520514751,America/Phoenix,Applied Agentic AI Program for EM,Applied Agentic AI for EM's - 2nd Mid-April 2026,31-Mar-2026,ENROLLED_WITH_NO_DUES,has_paid_in_full,Fully Paid,PAYPAL,VM - 4 Attempts,Upfront Payment,Nishtha
Level Up,539381601,America/New_York,Site Reliability Engineering & DevOps Interview Prep Program,SRE Interview Prep - Mid-April 2026,1-Apr-2026,ENROLLED,Flexipay_has_time_to_pay,Flexipay_has_time_to_pay,0_PERCENT_APR_FLEXIPAY,Onboarded,Flexipay,Disha
EdgeUp,7887364185,America/New_York,EdgeUp 2026 Backend LevelUp Program (with Agentic AI Interview Prep),Applied Agentic AI for SWEs - Mid-July 2026,31-Mar-2026,ENROLLED,Flexipay_has_time_to_pay,Flexipay_has_time_to_pay,0_PERCENT_APR_FLEXIPAY,Onboarded,Flexipay,Archi
Agentic SkillUp,54554854225,America/New_York,Applied Agentic AI Program for PM/TPM,Applied Agentic AI - 2nd Mid-April 2026,31-Mar-2026,ENROLLED_WITH_NO_DUES,has_paid_in_full,Fully Paid,STRIPE_CARD,Onboarded,Upfront Payment,Muskan
EdgeUp,113893258023,America/Indiana/Indianapolis,EdgeUp 2026 Technical Program Manager LevelUp Program (with Agentic AI Interview Prep),"Applied Agentic AI - 2nd Mid-April 2026",31-Mar-2026,FULL_PAYMENT_PAID,has_paid_in_full,Fully Paid,CLIMBCREDIT,Onboarded,Upfront Payment,Ajil
EdgeUp,157954405151,America/Los_Angeles,EdgeUp 2026 Data Analyst & Business Analyst LevelUp Program (with Agentic AI Interview Prep),Applied Agentic AI - 2nd Mid-April 2026,31-Mar-2026,REFUNDED,REFUNDED,Refunded,CLIMBCREDIT,Onboarded,Upfront Payment,Sudhanshu
EdgeUp Step Up,184955840777,America/Los_Angeles,EdgeUp Engineering Management StepUp Program (with Agentic AI),Applied Agentic AI for EM's - 2nd Mid-April 2026,31-Mar-2026,ENROLLED_WITH_NO_DUES,has_paid_in_full,Fully Paid,ACH_TRANSFER,Onboarded,Upfront Payment,Suraj
EdgeUp,192527430520,America/Detroit,EdgeUp 2026 Backend LevelUp Program (with Agentic AI Interview Prep),Applied Agentic AI for SWEs - Mid-April 2026,31-Mar-2026,ENROLLED_WITH_NO_DUES,has_paid_in_full,Fully Paid,CLIMBCREDIT,Onboarded,Upfront Payment,Manish
Agentic pathway,203281862317,America/New_York,Agentic AI Pathway (Tech Professionals),,31-Mar-2026,FULL_PAYMENT_PAID,has_paid_in_full,Invalid,CLIMBCREDIT,Yet to Connect,Upfront Payment,SSA
New ML,207298870415,America/New_York,Machine Learning Program (with Agentic AI),Machine Learning Program - 2nd Mid-April 2026,1-Apr-2026,ENROLLED_WITH_NO_DUES,has_paid_in_full,Fully Paid,LIQUILOAN,Onboarded,Upfront Payment,Muskan
Agentic SkillUp,208629103715,America/New_York,Applied Agentic AI Program for SWEs,Applied Agentic AI for SWEs - Mid-April 2026,31-Mar-2026,ENROLLED_WITH_NO_DUES,has_paid_in_full,Fully Paid,STRIPE_CARD,Onboarded,Upfront Payment,Kamal
Step Up,208885071150,America/Los_Angeles,Site Reliability Engineering Interview Prep Fast Track Program,Self-Paced SRE FastTrack,31-Mar-2026,ENROLLED_WITH_NO_DUES,REFUNDED,Refunded,ACH_TRANSFER,Onboarded,Upfront Payment,Disha
Step Up,209405132097,America/Los_Angeles,Machine Learning Interview Prep Fast Track Program,Self-Paced Machine Learning FastTrack,1-Apr-2026,ENROLLED_WITH_NO_DUES,REFUNDED,Refunded,ACH_TRANSFER,Onboarded,Upfront Payment,Ajil
New ML,210479676806,America/Chicago,Machine Learning Program (with Agentic AI),Machine Learning Program - 2nd Mid-April 2026,31-Mar-2026,ENROLLED_WITH_NO_DUES,has_paid_in_full,Fully Paid,ACH_TRANSFER,Onboarded,Upfront Payment,Sharon
Level Up,210749691767,America/New_York,Site Reliability Engineering & DevOps Interview Prep Program,SRE Interview Prep - Early-April 2026,30-Mar-2026,ENROLLED_WITH_NO_DUES,has_paid_in_full,Fully Paid,ACH_TRANSFER,Onboarded,Upfront Payment,Disha
EdgeUp Step Up,211591380647,America/Los_Angeles,EdgeUp 2026 Test Engineering StepUp Program (with Agentic AI Interview Prep),Applied Agentic AI for SWEs - Mid-April 2026,31-Mar-2026,ENROLLED_WITH_NO_DUES,has_paid_in_full,Fully Paid,ACH_TRANSFER,Onboarded,Upfront Payment,Sharon
EdgeUp Step Up,212534810502,America/New_York,EdgeUp 2026 Engineering Management StepUp Program (with Agentic AI Interview Prep),Applied Agentic AI for EM's - 2nd Mid-April 2026,31-Mar-2026,ENROLLED_WITH_NO_DUES,has_paid_in_full,Refunded,CLIMBCREDIT,Onboarded,Upfront Payment,Ajil
EdgeUp Step Up,9307719,America/Los_Angeles,EdgeUp 2026 Engineering Management StepUp Program (with Agentic AI Interview Prep),Applied Agentic AI for EM's - 2nd Mid-April 2026,31-Mar-2026,ENROLLED,has_time_to_pay,Fully Paid,STRIPE_MANUAL_PAYMENT,Onboarded,Non-Upfront Payment,Nishtha
Agentic SkillUp,9555116,America/Los_Angeles,Applied Agentic AI Program for SWEs,Applied Agentic AI for SWEs - Mid-April 2026,1-Apr-2026,ENROLLED_WITH_NO_DUES,has_paid_in_full,Fully Paid,ACH_TRANSFER,Onboarded,Upfront Payment,Sudhanshu
EdgeUp Step Up,9267121,America/Los_Angeles,EdgeUp 2026 Embedded Systems StepUp Program (with Agentic AI Interview Prep),Applied Agentic AI for SWEs - Early-June 2026,1-Apr-2026,ENROLLED_WITH_NO_DUES,has_paid_in_full,Fully Paid,STRIPE_CARD,Onboarded,Upfront Payment,Sharon
New ML,27247730,America/Chicago,Machine Learning Program (with Agentic AI),Machine Learning Program - 2nd Mid-July 2026,1-Apr-2026,ENROLLED_WITH_NO_DUES,has_paid_in_full,Fully Paid,CLIMBCREDIT,VM - 4 Attempts,Upfront Payment,Disha
EdgeUp Step Up,111099751,America/Chicago,EdgeUp Site Reliability Engineering & DevOps StepUp Program (with Agentic AI),Applied Agentic AI - 2nd Mid-February 2026,1-Apr-2026,ENROLLED_WITH_NO_DUES,has_paid_in_full,Fully Paid,PAYPAL,Onboarded,Upfront Payment,Archi
EdgeUp,270294451,America/Chicago,EdgeUp 2026 Backend LevelUp Program (with Agentic AI Interview Prep),Applied Agentic AI for SWEs - Mid-April 2026,1-Apr-2026,ENROLLED,has_time_to_pay,Refunded,STRIPE_CARD,Onboarded,Non-Upfront Payment,Manish
EdgeUp,135446777462,America/New_York,EdgeUp 2026 Engineering Manager LevelUp Program (with Agentic AI Interview Prep),"
Applied Agentic AI for EM's - 2nd Mid-April 2026",2-Apr-2026,ENROLLED_WITH_NO_DUES,has_paid_in_full,Fully Paid,STRIPE_CARD,Onboarded,Upfront Payment,Zeeshan
EdgeUp,194232871566,America/Chicago,EdgeUp Data Engineering LevelUp Program (with Agentic AI),"
Data Engineering Interview Prep - Mid-April 2026",2-Apr-2026,ENROLLED_WITH_NO_DUES,has_paid_in_full,Fully Paid,CLIMBCREDIT,Onboarded,Upfront Payment,Zeeshan
EdgeUp Step Up,210870815847,America/Chicago,EdgeUp 2026 Frontend StepUp Program (with Agentic AI Interview Prep),Applied Agentic AI for SWEs - Mid-April 2026,1-Apr-2026,ENROLLED_WITH_NO_DUES,Refunded,Refunded,STRIPE_MANUAL_PAYMENT,Onboarded,Upfront Payment,Archi
EdgeUp,211764270187,America/New_York,EdgeUp 2026 Product Manager (Tech) LevelUp Program (with Agentic AI Interview Prep),Applied Agentic AI - 2nd Mid-April 2026,1-Apr-2026,ENROLLED_WITH_NO_DUES,has_paid_in_full,Fully Paid,CLIMBCREDIT,Onboarded,Upfront Payment,Manish
AI/DS SwitchUp,211836854787,America/Los_Angeles,AI Data Science SwitchUp Program,AI Data Science SwitchUp - Early-August 2026,1-Apr-2026,ENROLLED_WITH_NO_DUES,has_paid_in_full,Invalid,CLIMBCREDIT,Invalid,Upfront Payment,Anwesh
Agentic SkillUp,212354084696,America/New_York,Applied Agentic AI Program for SWEs,"
Applied Agentic AI for SWEs - 2nd Mid-April 2026",1-Apr-2026,ENROLLED_WITH_NO_DUES,Refunded,Refunded,ACH_TRANSFER,Onboarded,Upfront Payment,Zeeshan
EdgeUp Step Up,212907988749,America/Phoenix,EdgeUp Engineering Management StepUp Program (with Agentic AI),Applied Agentic AI for EM's - Early-April 2026,2-Apr-2026,ENROLLED_WITH_NO_DUES,has_paid_in_full,Fully Paid,CLIMBCREDIT,Onboarded,Upfront Payment,Sharon
EdgeUp,213018896151,America/Los_Angeles,"
EdgeUp Engineering Manager LevelUp Program (with Agentic AI)",Applied Agentic AI for EM's - 2nd Mid-April 2026,2-Apr-2026,FULL_PAYMENT_PAID,has_paid_in_full,Fully Paid,CLIMBCREDIT,Onboarded,Upfront Payment,Anwesh
Level Up,213089824805,America/Los_Angeles,Frontend Engineering Interview Prep Program,Frontend Interview Prep - Mid-April 2026,2-Apr-2026,ENROLLED_WITH_NO_DUES,has_paid_in_full,Fully Paid,CLIMBCREDIT,Onboarded,Upfront Payment,Anwesh
Agentic SkillUp,9293349,America/New_York,AI Engineering,Applied Agentic AI for SWEs - Early-April 2026,26-Mar-2026,ENROLLED_WITH_NO_DUES,has_paid_in_full,Fully Paid,ACH_TRANSFER,Onboarded,Upfront Payment,SSA
EdgeUp Step Up,54083051,America/Los_Angeles,EdgeUp 2026 Product Manager (Tech) StepUp Program (with Agentic AI Interview Prep),Applied Agentic AI - 2nd Mid-April 2026,2-Apr-2026,ENROLLED,Flexipay_has_time_to_pay,Flexipay_has_time_to_pay,0_PERCENT_APR_FLEXIPAY,Onboarded,Flexipay,Manish
EdgeUp Step Up,99281201,America/Los_Angeles,EdgeUp 2026 Product Manager (Tech) StepUp Program (with Agentic AI Interview Prep),"
Applied Agentic AI - 2nd Mid-April 2026",2-Apr-2026,ENROLLED_WITH_NO_DUES,has_paid_in_full,Fully Paid,STRIPE_CARD,Onboarded,Upfront Payment,Safoora
Agentic SkillUp,264029851,America/Los_Angeles,Applied Agentic AI Program for SWEs,Applied Agentic AI for SWEs - Early-May 2026,2-Apr-2026,ENROLLED_WITH_NO_DUES,has_paid_in_full,Fully Paid,STRIPE_CARD,Onboarded,Upfront Payment,Safoora
EdgeUp,7906149021,America/Los_Angeles,EdgeUp 2026 Backend LevelUp Program (with Agentic AI Interview Prep),"Applied Agentic AI for SWEs - Mid-April 2026
",2-Apr-2026,FULL_PAYMENT_PAID,has_paid_in_full,Fully Paid,CLIMBCREDIT,Onboarded,Upfront Payment,Suraj
EdgeUp,15631379767,America/Chicago,EdgeUp 2026 Fullstack LevelUp Program (with Agentic AI Interview Prep),Applied Agentic AI for SWEs - Mid-April 2026,2-Apr-2026,ENROLLED_WITH_NO_DUES,has_paid_in_full,Fully Paid,CLIMBCREDIT,Onboarded,Upfront Payment,Suraj
EdgeUp,83525717174,America/Detroit,EdgeUp 2026 Backend LevelUp Program (with Agentic AI Interview Prep),Backend Interview Prep - 2nd Mid-May 2026,2-Apr-2026,ENROLLED_WITH_NO_DUES,has_paid_in_full,Fully Paid,STRIPE_CARD,Onboarded,Upfront Payment,Zeeshan
EdgeUp,84743429932,America/New_York,EdgeUp 2026 Fullstack LevelUp Program (with Agentic AI Interview Prep),Applied Agentic AI for SWEs - 2nd Mid-April 2026,2-Apr-2026,FULL_PAYMENT_PAID,has_paid_in_full,Fully Paid,CLIMBCREDIT,Onboarded,Upfront Payment,Zeeshan
Agentic SkillUp,139721832360,America/Chicago,Applied Agentic AI Program for PM/TPM,Applied Agentic AI - 2nd Mid-April 2026,2-Apr-2026,ENROLLED_WITH_NO_DUES,has_paid_in_full,Fully Paid,PAYPAL,Onboarded,Upfront Payment,Safoora
EdgeUp,211917184372,America/Los_Angeles,EdgeUp 2026 Test Engineering LevelUp Program (with Agentic AI Interview Prep),Test Engineering DSA Interview Prep - Early-April 2026,2-Apr-2026,FULL_PAYMENT_PAID,has_paid_in_full,Fully Paid,CLIMBCREDIT,Onboarded,Upfront Payment,Suraj
Advanced ML,212279730219,America/Chicago,Advanced Machine Learning Program (with Agentic AI),Advanced Machine Learning Program - 2nd End-March 2026,2-Apr-2026,ENROLLED,has_time_to_pay,Flexipay_has_time_to_pay,0_PERCENT_APR_FLEXIPAY,Onboarded,Flexipay,Kamal
EdgeUp Step Up,213081389959,America/Los_Angeles,EdgeUp 2026 Fullstack StepUp Program (with Agentic AI Interview Prep),Applied Agentic AI for SWEs - Early-April 2026,2-Apr-2026,ENROLLED_WITH_NO_DUES,has_paid_in_full,Fully Paid,STRIPE_CARD,Onboarded,Upfront Payment,Sharon
Level Up,213302651913,America/New_York,Backend Engineering Interview Prep Program,Product Management Interview Prep - Early-April 2026,2-Apr-2026,DEPOSIT_PAID,Flexipay_has_time_to_pay,Flexipay Refunded,0_PERCENT_APR_FLEXIPAY,Incomplete OB ,Flexipay,Kamal
New ML,9281402,America/New_York,Machine Learning Program (with Agentic AI),Machine Learning Program - 2nd End-May 2026,3-Apr-2026,ENROLLED,Flexipay_has_time_to_pay,Flexipay_has_time_to_pay,0_PERCENT_APR_FLEXIPAY,Onboarded,Flexipay,Kamal
Level Up,61372925197,America/Chicago,Data Engineering Interview Prep Program,Data Engineering Interview Prep - Mid-April 2026,3-Apr-2026,ENROLLED_WITH_NO_DUES,has_paid_in_full,Fully Paid,CLIMBCREDIT,Onboarded,Upfront Payment,Arshia
New ML,201049778841,America/Los_Angeles,Machine Learning Program (with Agentic AI),Machine Learning Program - 2nd End-May 2026,3-Apr-2026,FULL_PAYMENT_PAID,has_paid_in_full,Fully Paid,CLIMBCREDIT,Onboarded,Upfront Payment,Anwesh
New ML,203709809478,America/Los_Angeles,Machine Learning Program (with Agentic AI),Machine Learning Program - 2nd Mid-April 2026,3-Apr-2026,ENROLLED_WITH_NO_DUES,has_paid_in_full,Fully Paid,ACH_TRANSFER,Onboarded,Upfront Payment,Anwesh
Advanced ML,212596800395,America/Los_Angeles,Advanced Machine Learning Program (with Agentic AI),Advanced Machine Learning Program - End-May 2026,3-Apr-2026,ENROLLED_WITH_NO_DUES,has_paid_in_full,Fully Paid,CLIMBCREDIT,Onboarded,Upfront Payment,Anwesh
Level Up,213101644452,America/Los_Angeles,Test Engineering (W/o System Design) Interview Prep Program,Test Engineering DSA Interview Prep - Early-May 2026,3-Apr-2026,Refunded,has_paid_in_full,Refunded,PAYPAL,Onboarded,Upfront Payment,Arshia
Advanced ML,213315153798,America/New_York,Advanced Machine Learning Program (with Agentic AI),Advanced Machine Learning Program - End-May 2026,3-Apr-2026,Refunded,Refunded,Refunded,CLIMBCREDIT,VM - 4 Attempts,Upfront Payment,Anjali
Advanced ML,9557064,America/New_York,Advanced Machine Learning Program (with Agentic AI),Advanced Machine Learning Program - End-May 2026,5-Apr-2026,ENROLLED_WITH_NO_DUES,has_paid_in_full,Fully Paid,PAYPAL,Onboarded,Upfront Payment,Samarth
EdgeUp,200403186546,America/New_York,EdgeUp 2026 Engineering Manager LevelUp Program (with Agentic AI Interview Prep),Applied Agentic AI for EM's - Early-April 2026,4-Apr-2026,ENROLLED_WITH_NO_DUES,has_paid_in_full,Fully Paid,CLIMBCREDIT,Onboarded,Upfront Payment,Arush
EdgeUp Step Up,205106674214,America/Los_Angeles,EdgeUp 2026 Fullstack StepUp Program (with Agentic AI Interview Prep),Applied Agentic AI for SWEs - 2nd Mid-April 2026,5-Apr-2026,ENROLLED_WITH_NO_DUES,has_paid_in_full,Fully Paid,ACH_TRANSFER,Onboarded,Upfront Payment,Sudhanshu
New ML,213121228062,America/Chicago,Machine Learning Program (with Agentic AI),Machine Learning Program - 2nd Mid-April 2026,4-Apr-2026,FULL_PAYMENT_PAID,has_paid_in_full,Fully Paid,CLIMBCREDIT,Onboarded,Upfront Payment,Samarth
Agentic SkillUp,9281454,America/Los_Angeles,AI Engineering,Applied Agentic AI for SWEs - Early-May 2026,5-Apr-2026,ENROLLED_WITH_NO_DUES,has_paid_in_full,Fully Paid,STRIPE_CARD,Onboarded,Upfront Payment,Suraj
EdgeUp,31906600055,America/Los_Angeles,EdgeUp Frontend LevelUp Program (with Agentic AI),Applied Agentic AI for SWEs - Early-May 2026,6-Apr-2026,ENROLLED_WITH_NO_DUES,has_paid_in_full,Fully Paid,STRIPE_CARD,Onboarded,Upfront Payment,Anwesh
EdgeUp,9626337,America/Los_Angeles,EdgeUp 2026 Fullstack LevelUp Program (with Agentic AI Interview Prep),Applied Agentic AI for SWEs - Mid-May 2026,6-Apr-2026,FULL_PAYMENT_PAID,has_paid_in_full,Fully Paid,STRIPE_CARD,Onboarded,Upfront Payment,Sharon
Advanced ML,187867719834,America/Los_Angeles,Advanced Machine Learning Program (with Agentic AI),Advanced Machine Learning Program - End-May 2026,6-Apr-2026,FULL_PAYMENT_PAID,Refunded,Refunded,CLIMBCREDIT,Onboarded,Upfront Payment,Sanjana
EdgeUp,189753099626,America/Los_Angeles,EdgeUp Frontend LevelUp Program (with Agentic AI),EdgeUp LevelUp Cohort,5-Apr-2026,ENROLLED_WITH_NO_DUES,has_paid_in_full,Invalid,STRIPE_MANUAL_PAYMENT,VM - 4 Attempts,Upfront Payment,SSA
Agentic SkillUp,210917716404,America/Chicago,Applied Agentic AI Program for PM/TPM,Applied Agentic AI - Early-May 2026,5-Apr-2026,ENROLLED_WITH_NO_DUES,has_paid_in_full,Fully Paid,PAYPAL,Onboarded,Upfront Payment,Manish
New ML,212801205096,America/Chicago,Machine Learning Program (with Agentic AI),Machine Learning Program - 2nd End-May 2026,5-Apr-2026,OPENED,has_time_to_pay,Fully Paid,PAYPAL,Onboarded,Upfront Payment,Anjali
EdgeUp,212863390847,America/New_York,EdgeUp 2026 Data Engineering LevelUp Program (with Agentic AI Interview Prep),Data Engineering Interview Prep - Mid-April 2026,5-Apr-2026,ENROLLED_WITH_NO_DUES,Refunded,Refunded,CLIMBCREDIT,Onboarded,Upfront Payment,Arush
AI/DS SwitchUp,212903472741,America/Los_Angeles,AI Data Science SwitchUp Program,AI Data Science SwitchUp - Early-August 2026,5-Apr-2026,ENROLLED_WITH_NO_DUES,Refunded,Refunded,CLIMBCREDIT,Onboarded,Upfront Payment,Pragya
EdgeUp Step Up,213242742439,America/Los_Angeles,EdgeUp 2026 Site Reliability Engineering & DevOps StepUp Program (with Agentic AI Interview Prep),Applied Agentic AI for SWEs - 2nd Mid-April 2026,5-Apr-2026,FULL_PAYMENT_PAID,has_paid_in_full,Flexipay_has_time_to_pay,0_PERCENT_APR_FLEXIPAY,Onboarded,Flexipay,Nishtha
Paid Upgrade,213313574718,America/Chicago,Technical Program Manager Interview Preparation Pathway,TPM Interview Prep Pathway - End-April 2026,6-Apr-2026,ENROLLED_WITH_NO_DUES,has_paid_in_full,Fully Paid,STRIPE_MANUAL_PAYMENT,Onboarded,Upfront Payment,Kamal
New ML,213706969778,America/New_York,Machine Learning Program (with Agentic AI),"Machine Learning Program - 2nd Mid-April 2026",5-Apr-2026,FULL_PAYMENT_PAID,has_paid_in_full,Fully Paid,CLIMBCREDIT,Onboarded,Upfront Payment,Anjali
EdgeUp,9636035,America/New_York,EdgeUp 2026 Fullstack LevelUp Program (with Agentic AI Interview Prep),Applied Agentic AI - Early-April 2026,7-Apr-2026,ENROLLED_WITH_NO_DUES,has_paid_in_full,Fully Paid,STRIPE_CARD,Onboarded,Upfront Payment,Arush
Agentic SkillUp,14238591,America/Chicago,Applied Agentic AI Program for EM,Applied Agentic AI - 2nd Mid-April 2026,6-Apr-2026,ENROLLED_WITH_NO_DUES,has_paid_in_full,Fully Paid,KLARNA,Onboarded,Upfront Payment,Safoora
EdgeUp Step Up,82783846566,America/Chicago,EdgeUp 2026 AWS Cloud Solutions Architect StepUp Program (with Agentic AI Interview Prep),Applied Agentic AI for SWEs - Mid-April 2026,6-Apr-2026,ENROLLED,Flexipay_has_time_to_pay,Flexipay_has_time_to_pay,0_PERCENT_APR_FLEXIPAY,Onboarded,Flexipay,Zeeshan
EdgeUp Step Up,83061196604,America/Chicago,EdgeUp 2026 Backend StepUp Program (with Agentic AI Interview Prep),Applied Agentic AI for SWEs - 2nd Mid-April 2026,7-Apr-2026,ENROLLED_WITH_NO_DUES,has_paid_in_full,Fully Paid,STRIPE_CARD,Onboarded,Upfront Payment,Arush
EdgeUp,113912430912,America/New_York,EdgeUp 2026 Data Engineering LevelUp Program (with Agentic AI Interview Prep),"Applied Agentic AI for SWEs - Mid-April 2026
",6-Apr-2026,ENROLLED_WITH_NO_DUES,has_paid_in_full,Fully Paid,PAYPAL,Onboarded,Upfront Payment,Safoora
EdgeUp Step Up,126633878677,US/Pacific,EdgeUp 2026 Technical Program Manager StepUp Program (with Agentic AI Interview Prep),Applied Agentic AI - Early-May 2026,6-Apr-2026,ENROLLED_WITH_NO_DUES,has_paid_in_full,Fully Paid,ACH_TRANSFER,Onboarded,Upfront Payment,Nishtha
EdgeUp,153399465778,America/New_York,EdgeUp 2026 Technical Program Manager LevelUp Program (with Agentic AI Interview Prep),Applied Agentic AI - 2nd Mid-April 2026,7-Apr-2026,ENROLLED_WITH_NO_DUES,has_paid_in_full,Fully Paid,STRIPE_CARD,Onboarded,Upfront Payment,Zeeshan
EdgeUp,154565722491,America/Los_Angeles,EdgeUp 2026 Technical Program Manager LevelUp Program (with Agentic AI Interview Prep),Applied Agentic AI - Early-May 2026,6-Apr-2026,ENROLLED_WITH_NO_DUES,has_paid_in_full,Fully Paid,STRIPE_CARD,Onboarded,Upfront Payment,Sudhanshu
EdgeUp Step Up,183114631694,America/Chicago,EdgeUp 2026 Machine Learning StepUp Program (with Agentic AI Interview Prep),EdgeUp StepUp Cohort,7-Apr-2026,DEPOSIT_PAID,Refunded,Flexipay Refunded,0_PERCENT_APR_FLEXIPAY,Incomplete OB ,Flexipay,Arush
Level Up,206776408409,America/Denver,Backend Engineering Interview Prep Program,Backend Interview Prep - End-January 2027,6-Apr-2026,ENROLLED,has_time_to_pay,Fully Paid,STRIPE_CARD,Onboarded,Non-Upfront Payment,SSA
EdgeUp Step Up,207909453933,America/Chicago,EdgeUp 2026 Data Analyst & Business Analyst StepUp Program (with Agentic AI Interview Prep),Applied Agentic AI - 2nd Mid-June 2026,6-Apr-2026,ENROLLED_WITH_NO_DUES,has_paid_in_full,Fully Paid,CLIMBCREDIT,Onboarded,Upfront Payment,Safoora
EdgeUp,211123996293,America/New_York,EdgeUp 2026 Data Engineering LevelUp Program (with Agentic AI Interview Prep),Applied Agentic AI for SWEs - Mid-April 2026,7-Apr-2026,ENROLLED,dropped out,Dropped Out,STRIPE_CARD,Onboarded,Non-Upfront Payment,Zeeshan
New ML,211367318636,America/Chicago,Machine Learning Program (with Agentic AI),Machine Learning Program - 2nd End-May 2026,7-Apr-2026,FULL_PAYMENT_PAID,has_paid_in_full,Fully Paid,CLIMBCREDIT,Onboarded,Upfront Payment,Kamal
New ML,213667642170,America/Los_Angeles,Machine Learning Program (with Agentic AI),Machine Learning Program - 2nd Mid-April 2026,6-Apr-2026,ENROLLED_WITH_NO_DUES,has_paid_in_full,Fully Paid,CLIMBCREDIT,Onboarded,Upfront Payment,Anwesh
EdgeUp Step Up,213684462145,America/Los_Angeles,EdgeUp Backend StepUp Program (with Agentic AI),"
Applied Agentic AI for SWEs - Mid-April 2026",6-Apr-2026,ENROLLED_WITH_NO_DUES,has_paid_in_full,Fully Paid,CLIMBCREDIT,Onboarded,Upfront Payment,Sharon
Advanced ML,213685918986,America/New_York,Advanced Machine Learning Program (with Agentic AI),Advanced Machine Learning Program - End-May 2026,6-Apr-2026,DEPOSIT_PAID,Flexipay_has_time_to_pay,Flexipay_has_time_to_pay,0_PERCENT_APR_FLEXIPAY,Onboarded,Flexipay,Samarth
Level Up,213715057771,America/New_York,Data Engineering Interview Prep Program,Data Engineering Interview Prep - 2nd Mid-April 2026,6-Apr-2026,ENROLLED_WITH_NO_DUES,has_paid_in_full,Fully Paid,ACH_TRANSFER,Onboarded,Upfront Payment,Ajil
Agentic SkillUp,9587202,America/Los_Angeles,AI Engineering,Applied Agentic AI for SWEs - 2nd Mid-April 2026,7-Apr-2026,ENROLLED_WITH_NO_DUES,has_paid_in_full,Fully Paid,ACH_TRANSFER,VM - 4 Attempts,Upfront Payment,Sudhanshu
EdgeUp,9591994,America/New_York,EdgeUp 2026 Engineering Manager LevelUp Program (with Agentic AI Interview Prep),"Applied Agentic AI for EM's - 2nd Mid-April 2026
",7-Apr-2026,ENROLLED,has_paid_in_full,Fully Paid,STRIPE_MANUAL_PAYMENT,Onboarded,Upfront Payment,Safoora
New ML,118382201,US/Pacific,Machine Learning Program (with Agentic AI),Machine Learning Program - 2nd Mid-April 2026,7-Apr-2026,ENROLLED_WITH_NO_DUES,has_paid_in_full,Fully Paid,PAYPAL,Onboarded,Upfront Payment,Arshia
Agentic SkillUp,237839751,America/Los_Angeles,Applied Agentic AI Program for EM,Applied Agentic AI for EM's - 2nd Mid-April 2026,7-Apr-2026,ENROLLED_WITH_NO_DUES,has_paid_in_full,Fully Paid,STRIPE_CARD,Onboarded,Upfront Payment,Sudhanshu
EdgeUp Step Up,541238201,America/New_York,EdgeUp 2026 Backend StepUp Program (with Agentic AI Interview Prep),Applied Agentic AI for SWEs - Early-July 2026,8-Apr-2026,ENROLLED_WITH_NO_DUES,has_paid_in_full,Fully Paid,PAYPAL,Onboarded,Upfront Payment,Archi
EdgeUp,90968850231,America/Cancun,EdgeUp 2026 Product Manager (Tech) LevelUp Program (with Agentic AI Interview Prep),Applied Agentic AI - 2nd Mid-April 2026,7-Apr-2026,FULL_PAYMENT_PAID,has_paid_in_full,Fully Paid,CLIMBCREDIT,Onboarded,Upfront Payment,Archi
EdgeUp Step Up,185161620252,America/New_York,EdgeUp 2026 Technical Program Manager StepUp Program (with Agentic AI Interview Prep),"
Applied Agentic AI - 2nd Mid-April 2026",8-Apr-2026,ENROLLED_WITH_NO_DUES,has_paid_in_full,Fully Paid,CLIMBCREDIT,Onboarded,Upfront Payment,Zeeshan
Agentic SkillUp,206755561649,America/Chicago,Applied Agentic AI Program for PM/TPM,Applied Agentic AI - 2nd Mid-April 2026,8-Apr-2026,ENROLLED_WITH_NO_DUES,has_paid_in_full,Fully Paid,PAYPAL,Onboarded,Upfront Payment,Safoora
EdgeUp Step Up,212485877031,America/New_York,EdgeUp Site Reliability Engineering & DevOps StepUp Program (with Agentic AI),Applied Agentic AI - 2nd Mid-April 2026,7-Apr-2026,FULL_PAYMENT_PAID,has_paid_in_full,Fully Paid,CLIMBCREDIT,Onboarded,Upfront Payment,Zeeshan
EdgeUp,213035352170,America/Los_Angeles,EdgeUp Machine Learning LevelUp Program (with Agentic AI),Applied Agentic AI for SWEs - 2nd Mid-April 2026,7-Apr-2026,ENROLLED_WITH_NO_DUES,has_paid_in_full,Fully Paid,STRIPE_MANUAL_PAYMENT,Onboarded,Upfront Payment,Suraj
New ML,213062399003,America/Denver,Machine Learning Program (with Agentic AI),Machine Learning Program - 2nd End-May 2026,8-Apr-2026,ENROLLED,Flexipay_has_time_to_pay,Fully Paid,0_PERCENT_APR_FLEXIPAY,Onboarded,Upfront Payment,Arshia
New ML,213091713095,America/New_York,Machine Learning Program (with Agentic AI),Machine Learning Program - 2nd End-May 2026,7-Apr-2026,ENROLLED_WITH_NO_DUES,has_paid_in_full,Fully Paid,CLIMBCREDIT,Onboarded,Upfront Payment,Samarth
EdgeUp Step Up,213362214711,America/Chicago,EdgeUp 2026 Engineering Management StepUp Program (with Agentic AI Interview Prep),Applied Agentic AI for SWEs - 2nd Mid-April 2026,7-Apr-2026,ENROLLED_WITH_NO_DUES,has_paid_in_full,Fully Paid,CLIMBCREDIT,Onboarded,Upfront Payment,Zeeshan
EdgeUp,213564642702,America/Los_Angeles,EdgeUp 2026 Technical Program Manager LevelUp Program (with Agentic AI Interview Prep),TPM Interview Prep - End-April 2026,7-Apr-2026,FULL_PAYMENT_PAID,Refunded,Refunded,CLIMBCREDIT,Onboarded,Upfront Payment,Nishtha
Step Up,213915067317,America/New_York,Backend Interview Prep Fast Track Program,Self-Paced Backend FastTrack,8-Apr-2026,Refunded,has_paid_in_full,Refunded,CLIMBCREDIT,Onboarded,Upfront Payment,Kamal
Step Up,9249851,US/Pacific,Engineering Management Interview Prep Fast Track Program,Self-Paced Engineering Management FastTrack,8-Apr-2026,ENROLLED_WITH_NO_DUES,has_paid_in_full,Fully Paid,STRIPE_CARD,Onboarded,Upfront Payment,Arshia
EdgeUp,194264351,America/Chicago,EdgeUp 2026 Backend LevelUp Program (with Agentic AI Interview Prep),Applied Agentic AI for SWEs - 2nd Mid-April 2026,9-Apr-2026,ENROLLED_WITH_NO_DUES,has_paid_in_full,Fully Paid,CLIMBCREDIT,Onboarded,Upfront Payment,Manish
EdgeUp,52112801,America/New_York,EdgeUp 2026 Backend LevelUp Program (with Agentic AI Interview Prep),Applied Agentic AI for SWEs - 2nd Mid-April 2026,8-Apr-2026,ENROLLED_WITH_NO_DUES,has_paid_in_full,Fully Paid,ACH_TRANSFER,Onboarded Via Calendly,Upfront Payment,Safoora
New ML,129288408626,America/Chicago,Machine Learning Program (with Agentic AI),Machine Learning Program - 2nd End-May 2026,9-Apr-2026,Refunded,Refunded,Refunded,CLIMBCREDIT,VM - 4 Attempts,Upfront Payment,Disha
Advanced ML,134064440149,America/Chicago,Advanced Machine Learning Program (with Agentic AI),Advanced Machine Learning Program - End-May 2026,8-Apr-2026,FULL_PAYMENT_PAID,has_paid_in_full,Invalid,CLIMBCREDIT,Invalid,Upfront Payment,Disha
Agentic SkillUp,189439493293,America/Chicago,Applied Agentic AI Program,Applied Agentic AI for EM's - 2nd Mid-April 2026,8-Apr-2026,ENROLLED_WITH_NO_DUES,has_paid_in_full,Fully Paid,KLARNA,Onboarded,Upfront Payment,Archi
EdgeUp Step Up,192110630496,America/Los_Angeles,EdgeUp 2026 Technical Program Manager StepUp Program (with Agentic AI Interview Prep),Applied Agentic AI - Early-June 2026,9-Apr-2026,ENROLLED_WITH_NO_DUES,has_paid_in_full,Fully Paid,PAYPAL,Onboarded,Upfront Payment,Sudhanshu
EdgeUp Step Up,193521775171,America/Los_Angeles,EdgeUp 2026 Data Engineering StepUp Program (with Agentic AI Interview Prep),Applied Agentic AI for SWEs - Mid-April 2026,8-Apr-2026,ENROLLED_WITH_NO_DUES,has_paid_in_full,Fully Paid,CLIMBCREDIT,Onboarded,Upfront Payment,Sudhanshu
Step Up,197556515117,America/Los_Angeles,Technical Program Manager Interview Prep Fast Track Program,Self-Paced TPM FastTrack,9-Apr-2026,ENROLLED,Flexipay_has_time_to_pay,Flexipay_has_time_to_pay,0_PERCENT_APR_FLEXIPAY,Onboarded,Flexipay,Anwesh
EdgeUp,204608198478,America/Los_Angeles,EdgeUp Engineering Manager LevelUp Program (with Agentic AI),Applied Agentic AI for EM's - 2nd Mid-April 2026,8-Apr-2026,ENROLLED_WITH_NO_DUES,has_paid_in_full,Fully Paid,STRIPE_CARD,Onboarded,Upfront Payment,Nishtha
EdgeUp,211815967756,America/New_York,EdgeUp 2026 Engineering Manager LevelUp Program (with Agentic AI Interview Prep),Applied Agentic AI for EM's - 2nd Mid-April 2026,9-Apr-2026,FULL_PAYMENT_PAID,Dispute lost,Dispute Lost,PAYPAL,Onboarded,Upfront Payment,Zeeshan
Advanced ML,213228746638,America/Los_Angeles,Advanced Machine Learning Program (with Agentic AI),Advanced Machine Learning Program - End-May 2025,9-Apr-2026,FULL_PAYMENT_PAID,has_paid_in_full,Fully Paid,CLIMBCREDIT,Onboarded,Upfront Payment,Pragya
Agentic SkillUp,203281862317,America/New_York,Applied Agentic AI Program for SWEs ,Applied Agentic AI for SWEs - Early-May 2026,7-Apr-2026,ENROLLED_WITH_NO_DUES,has_paid_in_full,Fully Paid,PAYPAL,Onboarded,Upfront Payment,Archi
EdgeUp,9270412,America/Los_Angeles,EdgeUp 2026 Engineering Manager LevelUp Program (with Agentic AI Interview Prep),Applied Agentic AI for EM's - 2nd Mid-April 2026,9-Apr-2026,ENROLLED_WITH_NO_DUES,has_paid_in_full,Fully Paid,PAYPAL,Onboarded Via Calendly,Upfront Payment,Nishtha
EdgeUp Step Up,9290286,America/New_York,EdgeUp 2026 Product Manager (Tech) StepUp Program (with Agentic AI Interview Prep),Applied Agentic AI - 2nd Mid-April 2026,9-Apr-2026,ENROLLED_WITH_NO_DUES,has_paid_in_full,Fully Paid,ACH_TRANSFER,Onboarded,Upfront Payment,Manish
EdgeUp,9292066,America/New_York,EdgeUp 2026 Engineering Manager LevelUp Program (with Agentic AI Interview Prep),Applied Agentic AI for EM's - Early-June 2026,10-Apr-2026,ENROLLED_WITH_NO_DUES,has_paid_in_full,Fully Paid,ACH_TRANSFER,Onboarded,Upfront Payment,Archi
EdgeUp,78658242924,America/Los_Angeles,EdgeUp 2026 Security Engineering LevelUp Program (with Agentic AI Interview Prep),Applied Agentic AI for SWEs - 2nd Mid-April 2026,9-Apr-2026,ENROLLED,has_time_to_pay,Fully Paid,STRIPE_MANUAL_PAYMENT,Onboarded,Non-Upfront Payment,Sudhanshu
EdgeUp Step Up,9641385,America/New_York,EdgeUp 2026 Android StepUp Program (with Agentic AI Interview Prep),Applied Agentic AI for SWEs - Early-May 2026,9-Apr-2026,ENROLLED_WITH_NO_DUES,has_paid_in_full,Fully Paid,STRIPE_CARD,Onboarded,Upfront Payment,Zeeshan
EdgeUp,171062402846,America/Los_Angeles,EdgeUp Engineering Manager LevelUp Program (with Agentic AI),EdgeUp LevelUp Cohort,10-Apr-2026,ENROLLED_WITH_NO_DUES,has_paid_in_full,Fully Paid,STRIPE_MANUAL_PAYMENT,Onboarded,Upfront Payment,SSA
Advanced ML,189470436265,America/Los_Angeles,Advanced Machine Learning Program (with Agentic AI),Advanced Machine Learning Program - End-May 2026,9-Apr-2026,ENROLLED_WITH_NO_DUES,has_paid_in_full,Fully Paid,CLIMBCREDIT,Onboarded,Upfront Payment,Sanjana
EdgeUp,207865528327,America/New_York,EdgeUp Engineering Manager LevelUp Program (with Agentic AI),"Applied Agentic AI for EM's - 2nd Mid-May 2026
",9-Apr-2026,ENROLLED_WITH_NO_DUES,has_paid_in_full,Fully Paid,ACH_TRANSFER,Onboarded,Upfront Payment,Safoora
EdgeUp Step Up,209291773745,America/New_York,EdgeUp Data Engineering StepUp Program (with Agentic AI),Applied Agentic AI for SWEs - 2nd Mid-April 2026,9-Apr-2026,ENROLLED_WITH_NO_DUES,has_paid_in_full,Fully Paid,CLIMBCREDIT,Onboarded,Upfront Payment,Manish
Advanced ML,214155732634,America/New_York,Advanced Machine Learning Program (with Agentic AI),Advanced Machine Learning Program - End-May 2026,9-Apr-2026,FULL_PAYMENT_PAID,has_paid_in_full,Fully Paid,CLIMBCREDIT,Onboarded,Upfront Payment,Kamal
EdgeUp,214260271199,America/New_York,EdgeUp 2026 Security Engineering LevelUp Program (with Agentic AI Interview Prep),Applied Agentic AI for EM's - 2nd Mid-April 2026,9-Apr-2026,FULL_PAYMENT_PAID,has_paid_in_full,Fully Paid,CLIMBCREDIT,Onboarded,Upfront Payment,Archi
Fast Track ML,214436563637,America/Chicago,Fast Track Machine Learning Program, Fast Track Machine Learning Program,9-Apr-2026,DEPOSIT_PAID,Flexipay_has_time_to_pay,Flexipay_has_time_to_pay,0_PERCENT_APR_FLEXIPAY,Onboarded,Flexipay,Sanjana
Step Up,203021411439,America/Los_Angeles,Early Engineering Fast Track Program,Self-Paced Early Engineering FastTrack,10-Apr-2026,ENROLLED_WITH_NO_DUES,has_paid_in_full,Fully Paid,	KLARNA	,Onboarded,Upfront Payment,Sanjana
Advanced ML,214000373649,America/Los_Angeles,Advanced Machine Learning Program (with Agentic AI),Advanced Machine Learning Program - 2nd End-March 2026,10-Apr-2026,ENROLLED_WITH_NO_DUES,has_paid_in_full,Fully Paid,PAYPAL,Onboarded,Upfront Payment,Ajil
EdgeUp,62168517537,America/Los_Angeles,EdgeUp Backend LevelUp Program (with Agentic AI),Applied Agentic AI for SWEs - 2nd Mid-April 2026 ,10-Apr-2026,ENROLLED_WITH_NO_DUES,has_paid_in_full,Fully Paid,CLIMBCREDIT,Onboarded,Upfront Payment,SSA
EdgeUp,154652316063,America/Chicago,EdgeUp 2026 Engineering Manager LevelUp Program (with Agentic AI Interview Prep),Applied Agentic AI for EM's - 2nd Mid-May 2026,10-Apr-2026,ENROLLED_WITH_NO_DUES,has_paid_in_full,Fully Paid,ACH_TRANSFER,Onboarded,Upfront Payment,Suraj
New ML,176425790741,America/New_York,Machine Learning Program (with Agentic AI),Machine Learning Program - 2nd Mid-April 2026,10-Apr-2026,ENROLLED_WITH_NO_DUES,has_paid_in_full,Fully Paid,CLIMBCREDIT,Onboarded,Upfront Payment,Ajil
EdgeUp,208577254782,America/New_York,EdgeUp 2026 Technical Program Manager LevelUp Program (with Agentic AI Interview Prep),PM Interview Prep - End-April 2026,10-Apr-2026,ENROLLED_WITH_NO_DUES,has_paid_in_full,Fully Paid,CLIMBCREDIT,Onboarded,Upfront Payment,Safoora
Step Up,213172525422,America/Los_Angeles,Engineering Management Interview Prep Fast Track Program,Self-Paced Engineering Management FastTrack,10-Apr-2026,Refunded,has_paid_in_full,Refunded,ACH_TRANSFER,Onboarded,Upfront Payment,Arshia
EdgeUp Step Up,214230751357,America/Los_Angeles,EdgeUp 2026 Technical Program Manager StepUp Program (with Agentic AI Interview Prep),Applied Agentic AI - 2nd Mid-April 2026,10-Apr-2026,FULL_PAYMENT_PAID,Refunded,Refunded,CLIMBCREDIT,Onboarded,Upfront Payment,Suraj
New ML,214255372289,America/Los_Angeles,Machine Learning Program (with Agentic AI),Machine Learning Program - 2nd End-May 2026,10-Apr-2026,FULL_PAYMENT_PAID,has_paid_in_full,Refunded,CLIMBCREDIT,Onboarded,Upfront Payment,Sanjana
New ML,213768995346,America/Chicago,Machine Learning Program (with Agentic AI),Machine Learning Program - 2nd End-May 2026,12-Apr-2026,FULL_PAYMENT_PAID,Invalid,Invalid,CLIMBCREDIT,Onboarded,Upfront Payment,Samarth
EdgeUp Step Up,214784121258,America/New_York,EdgeUp 2026 Frontend StepUp Program (with Agentic AI Interview Prep),Applied Agentic AI for SWEs - Early-July 2026,12-Apr-2026,ENROLLED_WITH_NO_DUES,has_paid_in_full,Fully Paid,STRIPE_CARD,Onboarded,Upfront Payment,Manish
New ML,9260901,America/Los_Angeles,Machine Learning Program (with Agentic AI),Machine Learning Program - 2nd Mid-April 2026,12-Apr-2026,ENROLLED_WITH_NO_DUES,has_paid_in_full,Fully Paid,STRIPE_CARD,Onboarded,Upfront Payment,Anwesh
New ML,55915351,America/New_York,Machine Learning Program (with Agentic AI),Machine Learning Program - 2nd Mid-April 2026,12-Apr-2026,ENROLLED_WITH_NO_DUES,has_paid_in_full,Fully Paid,STRIPE_CARD,Onboarded,Upfront Payment,Anjali
EdgeUp,14238530,America/New_York,EdgeUp 2026 Engineering Manager LevelUp Program (with Agentic AI Interview Prep),Applied Agentic AI for EM's - 2nd Mid-April 2026,13-Apr-2026,ENROLLED_WITH_NO_DUES,has_paid_in_full,Fully Paid,STRIPE_CARD,Onboarded,Upfront Payment,Manish
Level Up,501956251,America/Chicago,Data Analyst & Business Analyst Interview Preparation Program,Data Analyst & Business Analyst Interview Prep - Mid-May 2026,13-Apr-2026,ENROLLED_WITH_NO_DUES,has_paid_in_full,Fully Paid,CLIMBCREDIT,Onboarded,Upfront Payment,Anjali
Agentic SkillUp,7043872095,America/New_York,Applied Agentic AI Program,Applied Agentic AI - Early-May 2026,12-Apr-2026,FULL_PAYMENT_PAID,Invalid,Invalid,CLIMBCREDIT,VM - 4 Attempts,Upfront Payment,Safoora
Paid Upgrade,64840822369,America/Los_Angeles,Career Skills Program,Career Skills Pathway - Early-July 2026,12-Apr-2026,ENROLLED_WITH_NO_DUES,has_paid_in_full,Fully Paid,ACH_TRANSFER,Onboarded,Upfront Payment,Pragya
EdgeUp Step Up,70374771385,America/Los_Angeles,EdgeUp 2026 Backend StepUp Program (with Agentic AI Interview Prep),Self-Paced Backend FastTrack,13-Apr-2026,ENROLLED,Flexipay_has_time_to_pay,Flexipay_has_time_to_pay,0_PERCENT_APR_FLEXIPAY,Incomplete OB ,Flexipay,Suraj
Fast Track Adv.ML,198409512752,America/New_York,Fast Track Advanced Machine Learning Program,Fast Track Advanced Machine Learning,12-Apr-2026,ENROLLED_WITH_NO_DUES,has_paid_in_full,Fully Paid,STRIPE_CARD,Onboarded,Upfront Payment,Kamal
Advanced ML,202252736347,America/New_York,Advanced Machine Learning Program (with Agentic AI),Advanced Machine Learning Program - End-May 2026,13-Apr-2026,FULL_PAYMENT_PAID,has_paid_in_full,Fully Paid,CLIMBCREDIT,Onboarded,Upfront Payment,Kamal
Advanced ML,211531265113,,Advanced Machine Learning Program (with Agentic AI),Advanced Machine Learning Program - 2nd End-March 2026,13-Apr-2026,ENROLLED_WITH_NO_DUES,has_paid_in_full,Fully Paid,STRIPE_MANUAL_PAYMENT,Onboarded,Upfront Payment,SSA
EdgeUp Step Up,214032022864,America/New_York,EdgeUp 2026 Security Engineering W/o Coding StepUp Program (with Agentic AI Interview Prep),"
Applied Agentic AI for SWEs - 2nd Mid-April 2026",13-Apr-2026,ENROLLED_WITH_NO_DUES,Refunded,Refunded,STRIPE_CARD,Onboarded,Upfront Payment,Zeeshan
EdgeUp Step Up,9256209,America/Los_Angeles,EdgeUp Backend StepUp Program (with Agentic AI),Applied Agentic AI for SWEs - 2nd Mid-April 2026,14-Apr-2026,ENROLLED_WITH_NO_DUES,has_paid_in_full,Fully Paid,STRIPE_CARD,Onboarded Via Calendly,Upfront Payment,Nishtha
EdgeUp,9253551,America/Los_Angeles,EdgeUp 2026 Engineering Manager LevelUp Program (with Agentic AI Interview Prep),"Applied Agentic AI for EM's - Early-July 2026
",14-Apr-2026,ENROLLED_WITH_NO_DUES,has_paid_in_full,Fully Paid,ACH_TRANSFER,Onboarded,Upfront Payment,Suraj
EdgeUp Step Up,9627715,America/Chicago,EdgeUp 2026 Backend StepUp Program (with Agentic AI Interview Prep),Applied Agentic AI for SWEs - 2nd Mid-April 2026,14-Apr-2026,FULL_PAYMENT_PAID,has_paid_in_full,Fully Paid,STRIPE_CARD,VM - 4 Attempts,Upfront Payment,SSA
EdgeUp Step Up,38200551,America/Los_Angeles,EdgeUp 2026 Engineering Management StepUp Program (with Agentic AI Interview Prep),Applied Agentic AI for EM's - 2nd Mid-April 2026,13-Apr-2026,ENROLLED_WITH_NO_DUES,has_paid_in_full,Fully Paid,ACH_TRANSFER,Onboarded,Upfront Payment,Nishtha
EdgeUp,218982001,America/New_York,EdgeUp Engineering Manager LevelUp Program (with Agentic AI),"
Applied Agentic AI for EM's - 2nd Mid-April 2026",13-Apr-2026,FULL_PAYMENT_PAID,has_paid_in_full,Fully Paid,CLIMBCREDIT,Onboarded,Upfront Payment,Zeeshan
EdgeUp,56852960639,America/Los_Angeles,EdgeUp 2026 Engineering Manager LevelUp Program (with Agentic AI Interview Prep),Engineering Management Interview Prep - 2nd Mid-April 2026,13-Apr-2026,ENROLLED_WITH_NO_DUES,has_paid_in_full,Fully Paid,CLIMBCREDIT,Onboarded,Upfront Payment,Suraj
EdgeUp Step Up,310288951,America/Los_Angeles,EdgeUp Test Engineering StepUp Program (with Agentic AI),Applied Agentic AI for SWEs - Early-May 2026,14-Apr-2026,ENROLLED_WITH_NO_DUES,has_paid_in_full,Fully Paid,CLIMBCREDIT,Onboarded,Upfront Payment,Manish
New ML,127076101657,America/Los_Angeles,Machine Learning Program (with Agentic AI),Machine Learning Program - 2nd Mid-April 2026,14-Apr-2026,ENROLLED_WITH_NO_DUES,has_paid_in_full,Invalid,STRIPE_MANUAL_PAYMENT,Yet to Connect,Upfront Payment,SSA-1
EdgeUp,170319400549,America/New_York,EdgeUp 2026 Technical Program Manager LevelUp Program (with Agentic AI Interview Prep),"Applied Agentic AI - 2nd Mid-April 2026
",13-Apr-2026,ENROLLED_WITH_NO_DUES,Refunded,Refunded,PAYPAL,Onboarded,Upfront Payment,Safoora
Agentic SkillUp,199695900849,America/New_York,Applied Agentic AI Program for PM/TPM,Applied Agentic AI - 2nd mid-July 2026,14-Apr-2026,FULL_PAYMENT_PAID,has_paid_in_full,Fully Paid,CLIMBCREDIT,Onboarded,Upfront Payment,Manish
EdgeUp,205381678165,America/Chicago,EdgeUp 2026 Fullstack LevelUp Program (with Agentic AI Interview Prep),"Applied Agentic AI for SWEs - Early-May 2026
",14-Apr-2026,ENROLLED_WITH_NO_DUES,has_paid_in_full,Fully Paid,STRIPE_CARD,Onboarded,Upfront Payment,Zeeshan
EdgeUp,212467066256,America/New_York,EdgeUp 2026 Technical Program Manager LevelUp Program (with Agentic AI Interview Prep),Applied Agentic AI - 2nd Mid-April 2026,13-Apr-2026,ENROLLED,has_paid_in_full,Fully Paid,STRIPE_CARD,Onboarded,Upfront Payment,Safoora
EdgeUp,212543592783,America/Los_Angeles,EdgeUp 2026 Backend LevelUp Program (with Agentic AI Interview Prep),"
Applied Agentic AI for SWEs - 2nd Mid-April 2026",13-Apr-2026,ENROLLED_WITH_NO_DUES,has_paid_in_full,Fully Paid,PAYPAL,Onboarded,Upfront Payment,Zeeshan
Advanced ML,215203770500,America/Phoenix,Advanced Machine Learning Program (with Agentic AI),Advanced Machine Learning Program - End-May 2026,13-Apr-2026,FULL_PAYMENT_PAID,has_paid_in_full,Fully Paid,CLIMBCREDIT,Onboarded,Upfront Payment,Pragya
Agentic SkillUp,9598397,America/Los_Angeles,AI Engineering,Applied Agentic AI for SWEs - 2nd Mid-April 2026,14-Apr-2026,ENROLLED_WITH_NO_DUES,has_paid_in_full,Fully Paid,ACH_TRANSFER,Onboarded,Upfront Payment,Sharon
Level Up,9282328,America/Los_Angeles,Backend Engineering Interview Prep Program,Backend Interview Prep - End-April 2026,15-Apr-2026,ENROLLED_WITH_NO_DUES,Refunded,Refunded,PAYPAL,Onboarded,Upfront Payment,Arshia
EdgeUp,104960901,America/Los_Angeles,EdgeUp 2026 Backend LevelUp Program (with Agentic AI Interview Prep),Applied Agentic AI for SWEs - 2nd Mid-May 2026,14-Apr-2026,FULL_PAYMENT_PAID,has_paid_in_full,Fully Paid,STRIPE_CARD,Onboarded Via Calendly,Upfront Payment,Sharon
EdgeUp Step Up,106473201,America/Los_Angeles,EdgeUp Test Engineering StepUp Program (with Agentic AI),,14-Apr-2026,FULL_PAYMENT_PAID,has_paid_in_full,Refunded,CLIMBCREDIT,Incomplete OB ,Upfront Payment,Sudhanshu
EdgeUp Step Up,170959351,America/New_York,EdgeUp Engineering Management StepUp Program (with Agentic AI),Applied Agentic AI for EM's - 2nd Mid-April 2026,15-Apr-2026,FULL_PAYMENT_PAID,has_paid_in_full,Fully Paid,STRIPE_MANUAL_PAYMENT,Onboarded,Upfront Payment,Safoora
Agentic SkillUp,249416701,America/Los_Angeles,Applied Agentic AI Program for SWEs,Applied Agentic AI Pathway for SWEs - Early-February 2026,14-Apr-2026,ENROLLED_WITH_NO_DUES,has_paid_in_full,Fully Paid,CLIMBCREDIT,Onboarded,Upfront Payment,Sudhanshu
EdgeUp,538551851,America/New_York,EdgeUp 2026 Site Reliability Engineering & DevOps LevelUp Program (with Agentic AI Interview Prep),SRE Interview Prep - 2nd Mid-April 2026,15-Apr-2026,ENROLLED,Flexipay_has_time_to_pay,Flexipay_has_time_to_pay,0_PERCENT_APR_FLEXIPAY,Onboarded,Flexipay,Zeeshan
Agentic SkillUp,540378801,America/New_York,Applied Agentic AI Program for PM/TPM,Applied Agentic AI - Early-May 2026,14-Apr-2026,ENROLLED_WITH_NO_DUES,has_paid_in_full,Fully Paid,ACH_TRANSFER,Onboarded,Upfront Payment,Archi
Level Up,113304234894,America/Phoenix,Data Analyst & Business Analyst Interview Preparation Program,Data Analyst & Business Analyst Interview Prep - Mid-May 2026,14-Apr-2026,ENROLLED_WITH_NO_DUES,has_paid_in_full,Fully Paid,CLIMBCREDIT,Onboarded,Upfront Payment,Ajil
New ML,184800378150,America/New_York,Machine Learning Program (with Agentic AI),Machine Learning Program - 2nd Mid-April 2026,14-Apr-2026,ENROLLED,Flexipay_has_time_to_pay,Flexipay_has_time_to_pay,0_PERCENT_APR_FLEXIPAY,Onboarded,Flexipay,Disha
EdgeUp,194661739044,America/Los_Angeles,EdgeUp 2026 Engineering Manager LevelUp Program (with Agentic AI Interview Prep),Applied Agentic AI for EM's - 2nd Mid-May 2026,14-Apr-2026,FULL_PAYMENT_PAID,has_paid_in_full,Fully Paid,CLIMBCREDIT,Onboarded,Upfront Payment,Nishtha
Step Up,206808953128,America/Chicago,Data Analyst & Business Analyst Interview Prep Fast Track Program,FT: Late Start,14-Apr-2026,ENROLLED_WITH_NO_DUES,has_paid_in_full,Fully Paid,ACH_TRANSFER,VM - 4 Attempts,Upfront Payment,Samarth
Fast Track ML,211582313358,America/Chicago,Fast Track Machine Learning Program,Fast Track Machine Learning Program,14-Apr-2026,ENROLLED_WITH_NO_DUES,has_paid_in_full,Fully Paid,CLIMBCREDIT,Onboarded,Upfront Payment,Ajil
EdgeUp Step Up,214008102808,America/New_York,EdgeUp 2026 Technical Program Manager StepUp Program (with Agentic AI Interview Prep),Applied Agentic AI - 2nd Mid-April 2026,14-Apr-2026,ENROLLED_WITH_NO_DUES,Refunded,Refunded,CLIMBCREDIT,Onboarded,Upfront Payment,Safoora
EdgeUp Step Up,214501278126,America/New_York,EdgeUp 2026 Engineering Management StepUp Program (with Agentic AI Interview Prep),"Applied Agentic AI for EM's - 2nd Mid-May 2026",14-Apr-2026,FULL_PAYMENT_PAID,has_paid_in_full,Fully Paid,CLIMBCREDIT,Onboarded,Upfront Payment,Zeeshan
EdgeUp Step Up,214626214297,America/New_York,EdgeUp 2026 Engineering Management StepUp Program (with Agentic AI Interview Prep),Applied Agentic AI for EM's - 2nd Mid-April 2026,15-Apr-2026,FULL_PAYMENT_PAID,has_paid_in_full,Fully Paid,STRIPE_CARD,Onboarded,Upfront Payment,Archi
Step Up,215062362229,America/New_York,Product Management Interview Prep Fast Track Program,Self-Paced Product Management FastTrack,15-Apr-2026,ENROLLED_WITH_NO_DUES,has_paid_in_full,Fully Paid,PAYPAL,Onboarded,Upfront Payment,Disha
New ML,215123021998,America/New_York,Machine Learning Program (with Agentic AI),Machine Learning Program - 2nd End-May 2026,14-Apr-2026,ENROLLED_WITH_NO_DUES,has_paid_in_full,Fully Paid,CLIMBCREDIT,Onboarded,Upfront Payment,Samarth
Level Up,215255779678,America/Detroit,Data Engineering Interview Prep Program,Data Engineering Interview Prep - End-April 2026,15-Apr-2026,ENROLLED_WITH_NO_DUES,has_paid_in_full,Fully Paid,ACH_TRANSFER,Onboarded,Upfront Payment,Ajil
EdgeUp,215287721571,America/Chicago,EdgeUp 2026 Product Manager (Tech) LevelUp Program (with Agentic AI Interview Prep),"Applied Agentic AI - Early-May 2026
",15-Apr-2026,DEPOSIT_PAID,has_paid_in_full,Fully Paid,CLIMBCREDIT,Onboarded,Upfront Payment,Safoora
Step Up,215411166378,America/Chicago,Technical Program Manager Interview Prep Fast Track Program,Self-Paced TPM FastTrack,14-Apr-2026,ENROLLED_WITH_NO_DUES,has_paid_in_full,Fully Paid,CLIMBCREDIT,Onboarded,Upfront Payment,Disha
Step Up,215475556171,America/Chicago,Fullstack Interview Prep Fast Track Program,Self-Paced Fullstack FastTrack,14-Apr-2026,ENROLLED_WITH_NO_DUES,has_paid_in_full,Fully Paid,PAYPAL,Onboarded,Upfront Payment,Samarth
EdgeUp Step Up,215615503015,America/Los_Angeles,EdgeUp Site Reliability Engineering & DevOps StepUp Program (with Agentic AI),Applied Agentic AI for SWEs - Early-May 2026,15-Apr-2026,ENROLLED_WITH_NO_DUES,has_paid_in_full,Invalid,CLIMBCREDIT,Incomplete OB ,Upfront Payment,Nishtha
EdgeUp Step Up,215680893197,America/Chicago,EdgeUp Engineering Management StepUp Program (with Agentic AI),Applied Agentic AI for EM's - 2nd Mid-May 2,14-Apr-2026,ENROLLED_WITH_NO_DUES,has_paid_in_full,Fully Paid,ACH_TRANSFER,Onboarded,Upfront Payment,Zeeshan
EdgeUp Step Up,9281769,America/Los_Angeles,EdgeUp 2026 Site Reliability Engineering & DevOps StepUp Program (with Agentic AI Interview Prep),Applied Agentic AI for SWEs - Early-May 2026,16-Apr-2026,FULL_PAYMENT_PAID,has_paid_in_full,Fully Paid,CLIMBCREDIT,Onboarded,Upfront Payment,Nishtha
EdgeUp Step Up,245708401,America/New_York,EdgeUp 2026 Test Engineering StepUp Program (with Agentic AI Interview Prep),Applied Agentic AI for SWEs - 2nd Mid-May 2026,16-Apr-2026,ENROLLED_WITH_NO_DUES,has_paid_in_full,Fully Paid,ACH_TRANSFER,Onboarded,Upfront Payment,Archi
New ML,377005201,America/Chicago,Machine Learning Program (with Agentic AI),Machine Learning Program - 2nd End-May 2026,15-Apr-2026,FULL_PAYMENT_PAID,has_paid_in_full,Fully Paid,CLIMBCREDIT,Onboarded,Upfront Payment,Disha
New ML,20262621249,America/Chicago,Machine Learning Program (with Agentic AI),Machine Learning Program - 2nd End-May 2026,15-Apr-2026,ENROLLED_WITH_NO_DUES,has_paid_in_full,Fully Paid,CLIMBCREDIT,Onboarded,Upfront Payment,Anjali
EdgeUp Step Up,86710761320,America/Chicago,EdgeUp 2026 Engineering Management StepUp Program (with Agentic AI Interview Prep),Applied Agentic AI for EM's - 2nd Mid-April 2026,15-Apr-2026,ENROLLED_WITH_NO_DUES,has_paid_in_full,Fully Paid,STRIPE_CARD,Onboarded,Upfront Payment,Manish
Agentic SkillUp,105074976585,America/New_York,Applied Agentic AI Program,"Applied Agentic AI - Early-May 2026
",15-Apr-2026,ENROLLED_WITH_NO_DUES,has_paid_in_full,Fully Paid,ACH_TRANSFER,Onboarded,Upfront Payment,Safoora
Paid Upgrade,165451920971,America/Los_Angeles,Engineering Management Interview Preparation Pathway,Engineering Management Interview Prep Pathway - End-April 2026,16-Apr-2026,ENROLLED_WITH_NO_DUES,has_paid_in_full,Fully Paid,ACH_TRANSFER,Onboarded,Upfront Payment,Pragya
EdgeUp,176371246244,US/Pacific,EdgeUp 2026 Technical Program Manager LevelUp Program (with Agentic AI Interview Prep),Applied Agentic AI - Early-May 2026,15-Apr-2026,ENROLLED,Flexipay_has_time_to_pay,Flexipay_has_time_to_pay,0_PERCENT_APR_FLEXIPAY,Onboarded,Flexipay,Sudhanshu
EdgeUp Step Up,181235457838,America/Chicago,EdgeUp 2026 Fullstack StepUp Program (with Agentic AI Interview Prep),Applied Agentic AI for SWEs - 2nd Mid-August 2026,16-Apr-2026,FULL_PAYMENT_PAID,has_paid_in_full,Fully Paid,CLIMBCREDIT,Onboarded,Upfront Payment,Archi
EdgeUp Step Up,215073011872,America/New_York,EdgeUp 2026 Data Engineering StepUp Program (with Agentic AI Interview Prep),Applied Agentic AI for SWEs - Early-May 2026,16-Apr-2026,ENROLLED_WITH_NO_DUES,has_paid_in_full,Fully Paid,PAYPAL,Onboarded,Upfront Payment,Manish
EdgeUp,215696005754,America/Los_Angeles,EdgeUp 2026 Backend LevelUp Program (with Agentic AI Interview Prep),Applied Agentic AI for SWEs - Mid-May 2026,16-Apr-2026,ENROLLED_WITH_NO_DUES,has_paid_in_full,Fully Paid,ACH_TRANSFER,Onboarded,Upfront Payment,Sharon
Step Up,9278243,America/New_York,Fullstack Interview Prep Fast Track Program,Self-Paced Fullstack FastTrack,16-Apr-2026,ENROLLED_WITH_NO_DUES,has_paid_in_full,Fully Paid,ACH_TRANSFER,Onboarded,Upfront Payment,Anjali
EdgeUp Step Up,9634514,America/Los_Angeles,EdgeUp 2026 AWS Cloud Solutions Architect StepUp Program (with Agentic AI Interview Prep),Applied Agentic AI for SWEs - Mid-May 2026,16-Apr-2026,ENROLLED_WITH_NO_DUES,has_paid_in_full,Fully Paid,CLIMBCREDIT,Onboarded,Upfront Payment,Sudhanshu
New ML,27097951,America/Los_Angeles,Machine Learning Program (with Agentic AI),Machine Learning Program - 2nd-End May 2026,16-Apr-2026,FULL_PAYMENT_PAID,has_paid_in_full,Fully Paid,CLIMBCREDIT,Onboarded,Upfront Payment,Sanjana
Agentic SkillUp,267196951,America/Los_Angeles,Applied Agentic AI Program for SWEs,Applied Agentic AI for SWEs - Early-May 2026,16-Apr-2026,ENROLLED_WITH_NO_DUES,has_paid_in_full,Fully Paid,ACH_TRANSFER,Onboarded,Upfront Payment,Suraj
New ML,58478220578,America/New_York,Machine Learning Program (with Agentic AI),Machine Learning Program - 2nd End-May 2026,16-Apr-2026,ENROLLED,Flexipay_has_time_to_pay,Flexipay_has_time_to_pay,0_PERCENT_APR_FLEXIPAY,VM - 4 Attempts,Flexipay,Disha
EdgeUp,62054026079,America/Los_Angeles,EdgeUp Test Engineering LevelUp Program (with Agentic AI),Applied Agentic AI for SWEs - 2nd Mid-April 2026,16-Apr-2026,ENROLLED_WITH_NO_DUES,has_paid_in_full,Fully Paid,ACH_TRANSFER,Onboarded,Upfront Payment,Suraj
Advanced ML,202551109978,America/Los_Angeles,Advanced Machine Learning Program (with Agentic AI),Advanced Machine Learning Program - End-May 2026,16-Apr-2026,FULL_PAYMENT_PAID,has_paid_in_full,Fully Paid,CLIMBCREDIT,Onboarded,Upfront Payment,Sanjana
Step Up,204797998337,America/Chicago,Technical Program Manager Interview Prep Fast Track Program,Self-Paced TPM FastTrack,16-Apr-2026,ENROLLED_WITH_NO_DUES,has_paid_in_full,Fully Paid,CLIMBCREDIT,Onboarded,Upfront Payment,Sanjana
EdgeUp Step Up,208884644656,America/New_York,EdgeUp Data Engineering StepUp Program (with Agentic AI),Applied Agentic AI for SWEs - Early-May 2026,16-Apr-2026,ENROLLED,Flexipay_has_time_to_pay,Flexipay_has_time_to_pay,0_PERCENT_APR_FLEXIPAY,Onboarded,Flexipay,Archi
New ML,214156848256,America/Detroit,Machine Learning Program (with Agentic AI),Machine Learning Program - 2nd Mid-April 2026,16-Apr-2026,FULL_PAYMENT_PAID,Refunded,Refunded,CLIMBCREDIT,Onboarded,Upfront Payment,Anjali
EdgeUp,216043419023,America/New_York,EdgeUp 2026 Fullstack LevelUp Program (with Agentic AI Interview Prep),Applied Agentic AI for SWEs - Early-May 2026,16-Apr-2026,ENROLLED_WITH_NO_DUES,has_paid_in_full,Fully Paid,ACH_TRANSFER,Onboarded,Upfront Payment,Archi
New ML,58592151,America/New_York,Machine Learning Program (with Agentic AI),Machine Learning Program - 2nd End-May 2026,16-Apr-2026,FULL_PAYMENT_PAID,has_paid_in_full,Fully Paid,CLIMBCREDIT,Onboarded,Upfront Payment,Disha
EdgeUp,37998151,America/Los_Angeles,EdgeUp Technical Program Manager LevelUp Program (with Agentic AI),"Applied Agentic AI - Early-May 2026
",17-Apr-2026,REFUNDED,REFUNDED,Refunded,STRIPE_MANUAL_PAYMENT,Onboarded,Upfront Payment,Safoora
New ML,188943701,America/Los_Angeles,Machine Learning Program (with Agentic AI),Machine Learning Program - 2nd End-May 2026,17-Apr-2026,ENROLLED_WITH_NO_DUES,has_paid_in_full,Fully Paid,STRIPE_CARD,Onboarded,Upfront Payment,Arshia
EdgeUp Step Up,190319751,America/Los_Angeles,EdgeUp 2026 Product Manager (Tech) StepUp Program (with Agentic AI Interview Prep),Applied Agentic AI - Early-May 2026,17-Apr-2026,ENROLLED_WITH_NO_DUES,has_paid_in_full,Fully Paid,PAYPAL,Onboarded,Upfront Payment,Sudhanshu
EdgeUp,236748351,America/Los_Angeles,EdgeUp 2026 Technical Program Manager LevelUp Program (with Agentic AI Interview Prep),Applied Agentic AI - Early-May 2026,17-Apr-2026,ENROLLED_WITH_NO_DUES,has_paid_in_full,Fully Paid,CLIMBCREDIT,Onboarded Via Calendly,Upfront Payment,Manish
Level Up,449652501,America/New_York,Site Reliability Engineering & DevOps Interview Prep Program,SRE Interview Prep - End-April 2026,17-Apr-2026,ENROLLED_WITH_NO_DUES,has_paid_in_full,Fully Paid,CLIMBCREDIT,Onboarded,Upfront Payment,Kamal
New ML,506097051,America/New_York,Machine Learning Program (with Agentic AI),Machine Learning Program - 2nd Mid-April 2026,17-Apr-2026,ENROLLED_WITH_NO_DUES,has_paid_in_full,Fully Paid,CLIMBCREDIT,Onboarded,Upfront Payment,Kamal
EdgeUp,99995102077,America/New_York,EdgeUp 2026 Engineering Manager LevelUp Program (with Agentic AI Interview Prep),Applied Agentic AI for EM's - Early-July 2026,17-Apr-2026,ENROLLED_WITH_NO_DUES,has_paid_in_full,Fully Paid,CLIMBCREDIT,Onboarded,Upfront Payment,Archi
EdgeUp,134600129040,America/Denver,EdgeUp 2026 Engineering Manager LevelUp Program (with Agentic AI Interview Prep),Applied Agentic AI for SWEs - 2nd Mid-April 2026,17-Apr-2026,ENROLLED_WITH_NO_DUES,has_paid_in_full,Fully Paid,ACH_TRANSFER,Onboarded,Upfront Payment,Suraj
Agentic SkillUp,154666281623,America/Los_Angeles,Applied Agentic AI Program for Data Engineers,Applied Agentic AI for SWEs - 2nd Mid-April 2026,17-Apr-2026,ENROLLED_WITH_NO_DUES,has_paid_in_full,Fully Paid,STRIPE_CARD,Onboarded,Upfront Payment,Suraj
EdgeUp Step Up,163337218104,America/Chicago,EdgeUp 2026 Technical Program Manager StepUp Program (with Agentic AI Interview Prep),"Applied Agentic AI - Early-May 2026
",17-Apr-2026,ENROLLED_WITH_NO_DUES,Refunded,Refunded,STRIPE_CARD,Onboarded,Upfront Payment,Sudhanshu
EdgeUp Step Up,201051649835,America/Los_Angeles,EdgeUp 2026 Backend StepUp Program (with Agentic AI Interview Prep),Applied Agentic AI for SWEs - Mid-May 2026,17-Apr-2026,ENROLLED_WITH_NO_DUES,has_paid_in_full,Invalid,CLIMBCREDIT,Incomplete OB ,Upfront Payment,Manish
EdgeUp Step Up,210390672707,America/Chicago,EdgeUp 2026 AWS Cloud Solutions Architect StepUp Program (with Agentic AI Interview Prep),Applied Agentic AI - Early-August 2026,17-Apr-2026,ENROLLED_WITH_NO_DUES,has_paid_in_full,Fully Paid,CLIMBCREDIT,Onboarded,Upfront Payment,Manish
EdgeUp,300000107012,America/Denver,EdgeUp Fullstack LevelUp Program (with Agentic AI),Applied Agentic AI for SWEs - Mid-May 2026,17-Apr-2026,FULL_PAYMENT_PAID,has_paid_in_full,Fully Paid,CLIMBCREDIT,Onboarded Via Calendly,Upfront Payment,Sudhanshu
EdgeUp,215591332009,America/Los_Angeles,EdgeUp 2026 Technical Program Manager LevelUp Program (with Agentic AI Interview Prep),Applied Agentic AI - Early-August 2026,17-Apr-2026,ENROLLED_WITH_NO_DUES,has_paid_in_full,Fully Paid,STRIPE_CARD,Onboarded,Upfront Payment,Sudhanshu
EdgeUp,9639104,America/Los_Angeles,EdgeUp 2026 Backend LevelUp Program (with Agentic AI Interview Prep),Applied Agentic AI for SWEs - Mid-May 2026,18-Apr-2026,ENROLLED_WITH_NO_DUES,has_paid_in_full,Fully Paid,STRIPE_CARD,Onboarded,Upfront Payment,Arush
Level Up,14238408,America/Los_Angeles,Backend Engineering Interview Prep Program,Backend Interview Prep - End-April 2026,18-Apr-2026,ENROLLED_WITH_NO_DUES,has_paid_in_full,Fully Paid,STRIPE_CARD,Onboarded,Upfront Payment,Sanjana
EdgeUp,209509837609,America/New_York,EdgeUp 2026 Technical Program Manager LevelUp Program (with Agentic AI Interview Prep),TPM Interview Prep - End-April 2026,18-Apr-2026,FULL_PAYMENT_PAID,has_paid_in_full,Fully Paid,CLIMBCREDIT,Onboarded,Upfront Payment,Arush
EdgeUp,212081490528,America/Los_Angeles,EdgeUp 2026 Engineering Manager LevelUp Program (with Agentic AI Interview Prep),Applied Agentic AI for EM's - 2nd Mid-May 2026,18-Apr-2026,ENROLLED_WITH_NO_DUES,has_paid_in_full,Fully Paid,PAYPAL,Onboarded,Upfront Payment,Arush
Step Up,214115231855,America/Kentucky/Louisville,Data Engineering Interview Prep Fast Track Program,Self-Paced Data Engineering FastTrack,18-Apr-2026,ENROLLED_WITH_NO_DUES,has_paid_in_full,Fully Paid,CLIMBCREDIT,Onboarded,Upfront Payment,Anjali
EdgeUp,214374330266,America/Chicago,EdgeUp 2026 Technical Program Manager LevelUp Program (with Agentic AI Interview Prep),Applied Agentic AI - Early-May 2026,19-Apr-2026,ENROLLED_WITH_NO_DUES,has_paid_in_full,Fully Paid,ENROLLED_WITH_NO_DUES,Onboarded,Upfront Payment,Sharon
EdgeUp Step Up,216418621198,America/New_York,EdgeUp 2026 Data Science StepUp Program (with Agentic AI Interview Prep),"Applied Agentic AI for SWEs - 2nd Mid-April 2026
",19-Apr-2026,ENROLLED_WITH_NO_DUES,has_paid_in_full,Fully Paid,ENROLLED_WITH_NO_DUES,Onboarded,Upfront Payment,Safoora
EdgeUp Step Up,216475180126,America/Los_Angeles,EdgeUp 2026 Backend StepUp Program (with Agentic AI Interview Prep),"Applied Agentic AI for SWEs - Early-May 2026
",19-Apr-2026,ENROLLED_WITH_NO_DUES,has_paid_in_full,Fully Paid,STRIPE_CARD,Onboarded Via Calendly,Upfront Payment,Sharon
Step Up,216504388776,America/Los_Angeles,Data Science Interview Prep Fast Track Program,Self-Paced Data Science FastTrack,19-Apr-2026,FULL_PAYMENT_PAID,has_paid_in_full,Fully Paid,FULL_PAYMENT_PAID,Onboarded,Upfront Payment,Sanjana
Agentic SkillUp,14240501,America/Los_Angeles,Applied Agentic AI Program for SWEs,Applied Agentic AI for SWEs - Early-May 2026,20-Apr-2026,ENROLLED_WITH_NO_DUES,has_paid_in_full,Fully Paid,STRIPE_CARD,Onboarded Via Calendly,Upfront Payment,Nishtha
EdgeUp,9587841,America/Los_Angeles,EdgeUp 2026 Fullstack LevelUp Program (with Agentic AI Interview Prep),Applied Agentic AI for SWEs - Early-May 2026,20-Apr-2026,ENROLLED_WITH_NO_DUES,has_paid_in_full,Fully Paid,STRIPE_CARD,Onboarded,Upfront Payment,Suraj
EdgeUp,192760883623,America/Los_Angeles,EdgeUp Machine Learning LevelUp Program (with Agentic AI),"Machine Learning Interview Prep - End-April 2026
",20-Apr-2026,REFUNDED,Refunded,Refunded,CLIMBCREDIT,Onboarded,Upfront Payment,Safoora
Agentic SkillUp,14164801,America/Denver,Applied Agentic AI Program for SWEs,Applied Agentic AI for SWEs - Early-May 2026,20-Apr-2026,ENROLLED_WITH_NO_DUES,has_paid_in_full,Fully Paid,STRIPE_CARD,Onboarded,Upfront Payment,Sharon
EdgeUp,189512072271,America/Vancouver,EdgeUp 2026 Technical Program Manager LevelUp Program (with Agentic AI Interview Prep),Applied Agentic AI - 2nd Mid-May 2026,20-Apr-2026,ENROLLED_WITH_NO_DUES,has_paid_in_full,Fully Paid,STRIPE_CARD,Onboarded,Upfront Payment,Sharon
EdgeUp Step Up,199857019965,America/New_York,EdgeUp 2026 Technical Program Manager StepUp Program (with Agentic AI Interview Prep),Applied Agentic AI for SWEs - Early-May 2026,20-Apr-2026,ENROLLED_WITH_NO_DUES,has_paid_in_full,Fully Paid,CLIMBCREDIT,Onboarded,Upfront Payment,Zeeshan
EdgeUp Step Up,207390924927,America/Los_Angeles,EdgeUp 2026 Fullstack StepUp Program (with Agentic AI Interview Prep),Applied Agentic AI for SWEs - Mid-May 2026,20-Apr-2026,ENROLLED_WITH_NO_DUES,has_paid_in_full,Fully Paid,PAYPAL,Onboarded,Upfront Payment,Suraj
EdgeUp,210563266887,America/New_York,EdgeUp 2026 Machine Learning LevelUp Program (with Agentic AI Interview Prep),Applied Agentic AI - Early-May 2026,20-Apr-2026,FULL_PAYMENT_PAID,has_paid_in_full,Fully Paid,CLIMBCREDIT,Onboarded,Upfront Payment,Zeeshan
EdgeUp Step Up,215096188765,America/Los_Angeles,EdgeUp 2026 AWS Cloud Solutions Architect StepUp Program (with Agentic AI Interview Prep),Applied Agentic AI for EM's - 2nd Mid-May 2026,20-Apr-2026,ENROLLED_WITH_NO_DUES,has_paid_in_full,Fully Paid,CLIMBCREDIT,Onboarded,Upfront Payment,Suraj
Agentic SkillUp,216293598085,America/New_York,Applied Agentic AI Program,Applied Agentic AI for EM's - 2nd Mid-May 2026,20-Apr-2026,ENROLLED_WITH_NO_DUES,has_paid_in_full,Fully Paid,ACH_TRANSFER,Onboarded,Upfront Payment,Zeeshan
New ML,300000109011,America/Los_Angeles,Machine Learning Program (with Agentic AI),Machine Learning Program - 2nd End-May 2026,20-Apr-2026,FULL_PAYMENT_PAID,has_paid_in_full,Fully Paid,CLIMBCREDIT,Onboarded,Upfront Payment,Arshia
Step Up,465579451,America/Chicago,Data Analyst & Business Analyst Interview Prep Fast Track Program,Self-Paced Data Analyst & Business Analyst FastTrack,21-Apr-2026,FULL_PAYMENT_PAID,has_paid_in_full,Fully Paid,CLIMBCREDIT,Onboarded,Upfront Payment,Kamal
Advanced ML,214257079948,America/New_York,Advanced Machine Learning Program (with Agentic AI),Advanced Machine Learning Program - End-May 2026,21-Apr-2026,ENROLLED,Flexipay_has_time_to_pay,Flexipay_has_time_to_pay,0_PERCENT_APR_FLEXIPAY,Onboarded,Flexipay,Samarth
Level Up,9299404,America/Los_Angeles,Engineering Manager Interview Prep Program,Engineering Management Interview Prep - Early-May 2026,21-Apr-2026,ENROLLED_WITH_NO_DUES,has_paid_in_full,Fully Paid,CLIMBCREDIT,Onboarded,Upfront Payment,Arshia
EdgeUp,209559912749,America/New_York,EdgeUp 2026 Fullstack LevelUp Program (with Agentic AI Interview Prep),Fullstack Interview Prep - End-April 2026,21-Apr-2026,ENROLLED_WITH_NO_DUES,has_paid_in_full,Fully Paid,CLIMBCREDIT,Onboarded,Upfront Payment,Arush
Step Up,216591610538,America/Chicago,Technical Program Manager Interview Prep Fast Track Program,Self-Paced TPM FastTrack,21-Apr-2026,ENROLLED,Flexipay_has_time_to_pay,Flexipay_has_time_to_pay,0_PERCENT_APR_FLEXIPAY,Onboarded,Flexipay,Pragya
EdgeUp Step Up,300000132436,America/New_York,EdgeUp Backend StepUp Program (with Agentic AI),Applied Agentic AI for SWEs - Mid-May 2026,21-Apr-2026,FULL_PAYMENT_PAID,Invalid,Invalid,CLIMBCREDIT,Invalid,Upfront Payment,Arush
EdgeUp Step Up,449886751,Canada/Eastern,EdgeUp 2026 Test Engineering StepUp Program (with Agentic AI Interview Prep),Applied Agentic AI for SWEs - Early-May 2026,22-Apr-2026,ENROLLED,Refunded,Flexipay Refunded,0_PERCENT_APR_FLEXIPAY,Incomplete OB ,Flexipay,Arush
EdgeUp Step Up,575827851,America/Chicago,EdgeUp 2026 AWS Cloud Solutions Architect StepUp Program (with Agentic AI Interview Prep),Applied Agentic AI for EM's - 2nd Mid-May 2026,22-Apr-2026,ENROLLED_WITH_NO_DUES,Refunded,Refunded,STRIPE_CARD,Onboarded,Upfront Payment,Archi
Advanced ML,60394972450,America/New_York,Advanced Machine Learning Program (with Agentic AI),Advanced Machine Learning Program - End-May 2026,23-Apr-2026,ENROLLED_WITH_NO_DUES,has_paid_in_full,Fully Paid,STRIPE_CARD,Onboarded,Upfront Payment,Ajil
EdgeUp,209020683429,America/Los_Angeles,EdgeUp Engineering Manager LevelUp Program (with Agentic AI),Applied Agentic AI for EM's - 2nd Mid-April 2026,23-Apr-2026,FULL_PAYMENT_PAID,has_paid_in_full,Fully Paid,CLIMBCREDIT,Onboarded,Upfront Payment,Sharon
Level Up,210900624431,Europe/Berlin,Embedded Systems Interview Prep Program,Embedded Systems Interview Prep - Early-June 2026,22-Apr-2026,ENROLLED_WITH_NO_DUES,has_paid_in_full,Fully Paid,STRIPE_CARD,Onboarded,Upfront Payment,Disha
EdgeUp,215626991960,America/Detroit,EdgeUp 2026 Engineering Manager LevelUp Program (with Agentic AI Interview Prep),Applied Agentic AI for SWEs - Early-May 2026,22-Apr-2026,ENROLLED,Flexipay_has_time_to_pay,Flexipay_has_time_to_pay,0_PERCENT_APR_FLEXIPAY,Onboarded,Flexipay,Archi
EdgeUp,215805071932,America/Los_Angeles,EdgeUp Data Engineering LevelUp Program (with Agentic AI),Applied Agentic AI for SWEs - Early-May 2026,22-Apr-2026,FULL_PAYMENT_PAID,has_paid_in_full,Invalid,CLIMBCREDIT,Incomplete OB ,Upfront Payment,Nishtha
EdgeUp Step Up,216449365314,America/Los_Angeles,EdgeUp 2026 Technical Program Manager StepUp Program (with Agentic AI Interview Prep),Applied Agentic AI - Early-May 2026,22-Apr-2026,ENROLLED,Flexipay_has_time_to_pay,Flexipay_has_time_to_pay,0_PERCENT_APR_FLEXIPAY,Onboarded,Flexipay,Sharon
EdgeUp Step Up,216584049270,America/New_York,EdgeUp 2026 Technical Program Manager StepUp Program (with Agentic AI Interview Prep),Applied Agentic AI - Early-May 2026,22-Apr-2026,ENROLLED_WITH_NO_DUES,has_paid_in_full,Fully Paid,CLIMBCREDIT,Onboarded,Upfront Payment,Arush
EdgeUp Step Up,216593412971,America/Chicago,EdgeUp Engineering Management StepUp Program (with Agentic AI),Applied Agentic AI for SWEs - Early-May 2026,22-Apr-2026,ENROLLED_WITH_NO_DUES,has_paid_in_full,Fully Paid,CLIMBCREDIT,Onboarded,Upfront Payment,Manish
New ML,9310324,America/Los_Angeles,Machine Learning Program (with Agentic AI),Machine Learning Program - 2nd End-May 2026,23-Apr-2026,FULL_PAYMENT_PAID,Refunded,Refunded,CLIMBCREDIT,VM - 4 Attempts,Upfront Payment,Arshia
EdgeUp,20636651,America/Los_Angeles,EdgeUp 2026 Technical Program Manager LevelUp Program (with Agentic AI Interview Prep),Applied Agentic AI - 2nd Mid-May 2026,24-Apr-2026,DEPOSIT_PAID,has_dropped_out,Fully Paid,STRIPE_MANUAL_PAYMENT,VM - 4 Attempts,Non-Upfront Payment,Suraj
EdgeUp Step Up,40283201,America/New_York,EdgeUp Fullstack StepUp Program (with Agentic AI),Applied Agentic AI for SWEs - Early-May 2026,23-Apr-2026,ENROLLED_WITH_NO_DUES,has_paid_in_full,Fully Paid,PAYPAL,Onboarded Via Calendly,Upfront Payment,Arush
EdgeUp Step Up,56981551,America/Los_Angeles,EdgeUp Technical Program Manager StepUp Program (with Agentic AI),Applied Agentic AI - Early-May 2026,23-Apr-2026,DEPOSIT_PAID,Flexipay_has_time_to_pay,Flexipay_has_time_to_pay,0_PERCENT_APR_FLEXIPAY,Onboarded,Flexipay,Sudhanshu
Agentic SkillUp,67786554,America/Los_Angeles,Applied Agentic AI Program for SWEs,Applied Agentic AI for SWEs - Mid-June 2026,24-Apr-2026,ENROLLED_WITH_NO_DUES,has_paid_in_full,Fully Paid,ACH_TRANSFER,Onboarded,Upfront Payment,Nishtha
EdgeUp Step Up,102178062992,America/New_York,EdgeUp 2026 Fullstack StepUp Program (with Agentic AI Interview Prep),EdgeUp StepUp Cohort,24-Apr-2026,ENROLLED_WITH_NO_DUES,has_paid_in_full,Invalid,STRIPE_MANUAL_PAYMENT,Yet to Connect,Upfront Payment,SSA-1
Level Up,128764224047,America/New_York,AI for Tech Leaders,Applied Agentic AI for EM's - 2nd Mid-May 2026,24-Apr-2026,ENROLLED_WITH_NO_DUES,has_paid_in_full,Fully Paid,ACH_TRANSFER,Onboarded,Upfront Payment,Manish
EdgeUp,185502391722,America/Chicago,EdgeUp Technical Program Manager LevelUp Program (with Agentic AI),Applied Agentic AI - 2nd Mid-May 2026,23-Apr-2026,FULL_PAYMENT_PAID,has_paid_in_full,Fully Paid,CLIMBCREDIT,Onboarded Via Calendly,Upfront Payment,Nishtha
EdgeUp Step Up,190316219978,America/New_York,EdgeUp Backend StepUp Program (with Agentic AI),Applied Agentic AI for SWEs - Early-May 2026,23-Apr-2026,ENROLLED_WITH_NO_DUES,has_paid_in_full,Fully Paid,CLIMBCREDIT,Onboarded,Upfront Payment,Archi
New ML,209191498794,America/Chicago,Machine Learning Program (with Agentic AI),Machine Learning Program - 2nd Mid-April 2026,23-Apr-2026,ENROLLED_WITH_NO_DUES,has_paid_in_full,Fully Paid,STRIPE_CARD,Onboarded,Upfront Payment,Anwesh
EdgeUp,214458755144,America/Los_Angeles,EdgeUp Technical Program Manager LevelUp Program (with Agentic AI),Applied Agentic AI - Early-May 2026,23-Apr-2026,ENROLLED_WITH_NO_DUES,has_paid_in_full,Fully Paid,STRIPE_CARD,Onboarded,Upfront Payment,Suraj
Agentic pathway,215641495576,America/Chicago,Agentic AI Pathway (SWEs),DEFAULT COHORT (USA),23-Apr-2026,ENROLLED_WITH_NO_DUES,has_paid_in_full,Invalid,STRIPE_CARD,Yet to Connect,Upfront Payment,SSA-1
EdgeUp Step Up,9595570,America/Chicago,EdgeUp Backend StepUp Program (with Agentic AI),Applied Agentic AI - Early-May 2026,25-Apr-2026,ENROLLED_WITH_NO_DUES,has_paid_in_full,Fully Paid,ACH_TRANSFER,Onboarded,Upfront Payment,Zeeshan
Agentic SkillUp,87811489392,America/New_York,Applied Agentic AI Program for SWEs,Applied Agentic AI for SWEs - Early-May 2026,25-Apr-2026,ENROLLED_WITH_NO_DUES,has_paid_in_full,Fully Paid,ACH_TRANSFER,Onboarded,Upfront Payment,Safoora
EdgeUp,193801109257,America/New_York,EdgeUp Technical Program Manager LevelUp Program (with Agentic AI),Applied Agentic AI - Early-May 2026,25-Apr-2026,ENROLLED_WITH_NO_DUES,has_paid_in_full,Refunded,PAYPAL,Onboarded,Upfront Payment,Archi
EdgeUp Step Up,300000155126,America/Phoenix,EdgeUp Backend StepUp Program (with Agentic AI),Applied Agentic AI for SWEs - Early-May 2026,25-Apr-2026,ENROLLED_WITH_NO_DUES,has_paid_in_full,Fully Paid,STRIPE_CARD,Onboarded,Upfront Payment,Sharon
Agentic SkillUp,284239851,America/Chicago,Applied Agentic AI Program for EM,Applied Agentic AI for EM's - 2nd Mid-May 2026,26-Apr-2026,ENROLLED_WITH_NO_DUES,has_paid_in_full,Fully Paid,STRIPE_CARD,Onboarded,Upfront Payment,Nishtha
New ML,161905253383,America/Detroit,Machine Learning Program (with Agentic AI),Machine Learning Program - 2nd End-May 2026,26-Apr-2026,ENROLLED_WITH_NO_DUES,has_paid_in_full,Fully Paid,STRIPE_CARD,Incomplete OB ,Upfront Payment,Kamal
EdgeUp Step Up,211124344590,America/Los_Angeles,EdgeUp 2026 Backend StepUp Program (with Agentic AI Interview Prep),Applied Agentic AI for SWEs - Mid-May 2026,26-Apr-2026,FULL_PAYMENT_PAID,has_paid_in_full,Fully Paid,STRIPE_MANUAL_PAYMENT,Onboarded,Upfront Payment,Sharon
EdgeUp,300000155132,America/New_York,EdgeUp Backend LevelUp Program (with Agentic AI),Backend Interview Prep - Mid-May 2026,26-Apr-2026,FULL_PAYMENT_PAID,has_paid_in_full,Fully Paid,CLIMBCREDIT,Onboarded,Upfront Payment,Manish
EdgeUp Step Up,9554845,America/New_York,EdgeUp Engineering Management StepUp Program (with Agentic AI),Applied Agentic AI for SWEs - Mid-May 2026,27-Apr-2026,ENROLLED_WITH_NO_DUES,has_paid_in_full,Fully Paid,STRIPE_CARD,Onboarded,Upfront Payment,Arush
Agentic SkillUp,412006151,America/Los_Angeles,Applied Agentic AI Program for SWEs,Applied Agentic AI for SWEs - Early-June 2026,27-Apr-2026,ENROLLED_WITH_NO_DUES,has_paid_in_full,Fully Paid,STRIPE_CARD,Onboarded,Upfront Payment,Nishtha
EdgeUp,541079751,America/Los_Angeles,EdgeUp Data Engineering LevelUp Program (with Agentic AI),Data Engineering Interview Prep - Mid-May 2026,27-Apr-2026,ENROLLED_WITH_NO_DUES,has_paid_in_full,Fully Paid,STRIPE_CARD,Onboarded,Upfront Payment,Suraj
EdgeUp Step Up,117533422089,America/Los_Angeles,EdgeUp Product Manager (Tech) StepUp Program (with Agentic AI),Applied Agentic AI - Early-May 2026,27-Apr-2026,ENROLLED_WITH_NO_DUES,has_paid_in_full,Fully Paid,STRIPE_CARD,Onboarded,Upfront Payment,Sharon
Agentic SkillUp,200279269698,America/Chicago,Applied Agentic AI Program for SWEs,Applied Agentic AI for SWEs - Mid-May 2026,27-Apr-2026,ENROLLED_WITH_NO_DUES,has_paid_in_full,Fully Paid,CLIMBCREDIT,Onboarded,Upfront Payment,Manish
Step Up,212374754951,America/Chicago,Technical Program Manager Interview Prep Fast Track Program,Self-Paced TPM FastTrack,27-Apr-2026,FULL_PAYMENT_PAID,has_paid_in_full,Fully Paid,PAYPAL,Incomplete OB ,Upfront Payment,Samarth
EdgeUp Step Up,216716292229,America/Pacific,EdgeUp Product Manager (Tech) StepUp Program (with Agentic AI),"
Applied Agentic AI - 2nd Mid-May 2026",27-Apr-2026,ENROLLED_WITH_NO_DUES,has_paid_in_full,Fully Paid,STRIPE_CARD,Onboarded,Upfront Payment,Zeeshan
Level Up,300000134076,America/Los_Angeles,Technical Program Manager Interview Prep Program,TPM Interview Prep - 2nd Mid-May 2026,27-Apr-2026,ENROLLED,has_time_to_pay,Fully Paid,STRIPE_CARD,Onboarded,Non-Upfront Payment,Pragya
EdgeUp Step Up,300000155485,America/New_York,EdgeUp iOS StepUp Program (with Agentic AI),Applied Agentic AI for SWEs - Mid-May 2026,27-Apr-2026,ENROLLED_WITH_NO_DUES,has_paid_in_full,Fully Paid,ACH_TRANSFER,Onboarded,Upfront Payment,Arush
Step Up,300000155670,America/Los_Angeles,Site Reliability Engineering Interview Prep Fast Track Program,Self-Paced SRE FastTrack,27-Apr-2026,ENROLLED_WITH_NO_DUES,Dispute lost,Dispute Lost,PAYPAL,Incomplete OB ,Upfront Payment,Anwesh
Agentic SkillUp,14239443,America/Chicago,Applied Agentic AI Program for SWEs,Applied Agentic AI for SWEs - Early-May 2026,27-Apr-2026,FULL_PAYMENT_PAID,has_paid_in_full,Fully Paid,STRIPE_MANUAL_PAYMENT,VM - 4 Attempts,Upfront Payment,Nishtha
Agentic SkillUp,505187251,America/Detroit,Applied Agentic AI Program for EM,Applied Agentic AI for EM's - 2nd Mid-May 2026,27-Apr-2026,ENROLLED_WITH_NO_DUES,has_paid_in_full,Fully Paid,ACH_TRANSFER,Onboarded,Upfront Payment,Arush
Agentic SkillUp,521394001,America/Los_Angeles,Applied Agentic AI Program for SWEs,Applied Agentic AI for SWEs - Mid-May 2026,27-Apr-2026,ENROLLED_WITH_NO_DUES,has_paid_in_full,Fully Paid,STRIPE_CARD,Onboarded,Upfront Payment,Sharon
EdgeUp Step Up,578557001,America/Chicago,EdgeUp Backend StepUp Program (with Agentic AI),Applied Agentic AI for SWEs - Mid-May 2026,27-Apr-2026,REFUNDED,REFUNDED,Refunded,CLIMBCREDIT,VM - 4 Attempts,Upfront Payment,Suraj
Step Up,182243717909,America/Los_Angeles,Android Fast Track Masterclass,Android Interview Prep Fast Track Program,27-Apr-2026,FULL_PAYMENT_PAID,has_paid_in_full,Fully Paid,CLIMBCREDIT,Onboarded,Upfront Payment,Sanjana
EdgeUp Step Up,189637625425,America/Chicago,EdgeUp Engineering Management StepUp Program (with Agentic AI),Applied Agentic AI for EM's - 2nd Mid-May 2026,27-Apr-2026,ENROLLED_WITH_NO_DUES,has_paid_in_full,Fully Paid,STRIPE_CARD,Onboarded,Upfront Payment,Sharon
EdgeUp,209021834131,America/Chicago,EdgeUp Technical Program Manager LevelUp Program (with Agentic AI),Applied Agentic AI - 2nd Mid-May 2026,27-Apr-2026,FULL_PAYMENT_PAID,has_paid_in_full,Fully Paid,CLIMBCREDIT,VM - 4 Attempts,Upfront Payment,Nishtha
Step Up,211524588124,America/Chicago,Backend Interview Prep Fast Track Program,Self-Paced Backend FastTrack,27-Apr-2026,ENROLLED_WITH_NO_DUES,has_paid_in_full,Fully Paid,CLIMBCREDIT,Onboarded,Upfront Payment,Sanjana
EdgeUp,300000107047,Europe/Dublin,EdgeUp Security Engineering LevelUp Program (with Agentic AI),"Applied Agentic AI for SWEs - Mid-May 2026",27-Apr-2026,FULL_PAYMENT_PAID,has_paid_in_full,Fully Paid,STRIPE_MANUAL_PAYMENT,Onboarded,Upfront Payment,Manish
Fast Track Adv.ML,300000153757,America/Los_Angeles,Fast Track Advanced Machine Learning Program,Self-Paced Android FastTrack,27-Apr-2026,ENROLLED,Flexipay_has_time_to_pay,Flexipay_has_time_to_pay,0_PERCENT_APR_FLEXIPAY,Onboarded,Flexipay,Pragya
Advanced ML,300000155203,America/Los_Angeles,Advanced Machine Learning Program (with Agentic AI),Advanced Machine Learning Program - End-May 2026,27-Apr-2026,FULL_PAYMENT_PAID,has_paid_in_full,Refunded,CLIMBCREDIT,Onboarded,Upfront Payment,Pragya
AI/DS SwitchUp,300000155635,America/New_York,AI Data Science SwitchUp Program,AI Data Science SwitchUp - Early-June 2026,27-Apr-2026,Refunded,Refunded,Refunded,CLIMBCREDIT,VM - 4 Attempts,Upfront Payment,Anjali
EdgeUp,300000155946,America/New_York,EdgeUp Technical Program Manager LevelUp Program (with Agentic AI),Applied Agentic AI - 2nd Mid-June 2026,27-Apr-2026,ENROLLED_WITH_NO_DUES,has_paid_in_full,Fully Paid,STRIPE_CARD,Onboarded,Upfront Payment,Arush
New ML,108246002,America/Los_Angeles,Machine Learning Program (with Agentic AI),Machine Learning Program - 2nd End-May 2026,28-Apr-2026,ENROLLED_WITH_NO_DUES,has_paid_in_full,Fully Paid,STRIPE_CARD,Onboarded,Upfront Payment,Sanjana
EdgeUp,202244352537,America/Los_Angeles,EdgeUp Data Engineering LevelUp Program (with Agentic AI),Applied Agentic AI for SWEs - 2nd Mid-May 2026,28-Apr-2026,FULL_PAYMENT_PAID,has_paid_in_full,Invalid,CLIMBCREDIT,VM - 4 Attempts,Upfront Payment,Suraj
EdgeUp Step Up,216137024379,America/Chicago,EdgeUp Data Analyst & Business Analyst StepUp Program (with Agentic AI),Applied Agentic AI - Early-June 2026,28-Apr-2026,FULL_PAYMENT_PAID,has_paid_in_full,Fully Paid,CLIMBCREDIT,Onboarded,Upfront Payment,Arush
EdgeUp Step Up,300000155479,America/New_York,EdgeUp Product Manager (Tech) StepUp Program (with Agentic AI),Applied Agentic AI - Early-May 2026,28-Apr-2026,FULL_PAYMENT_PAID,has_paid_in_full,Fully Paid,CLIMBCREDIT,Onboarded,Upfront Payment,Archi
EdgeUp Step Up,300000156326,America/New_York,EdgeUp Technical Program Manager StepUp Program (with Agentic AI),Applied agentic ai - early-may 2026,28-Apr-2026,ENROLLED_WITH_NO_DUES,has_paid_in_full,Fully Paid,PAYPAL,Onboarded,Upfront Payment,Zeeshan
Advanced ML,9557636,America/New_York,Advanced Machine Learning Program (with Agentic AI),Advanced Machine Learning Program - End-May 2026,29-Apr-2026,FULL_PAYMENT_PAID,has_paid_in_full,Fully Paid,CLIMBCREDIT,Onboarded,Upfront Payment,Anjali
EdgeUp,5147712901,America/Los_Angeles,EdgeUp Fullstack LevelUp Program (with Agentic AI),,28-Apr-2026,FULL_PAYMENT_PAID,has_paid_in_full,Refunded,CLIMBCREDIT,Incomplete OB ,Upfront Payment,Nishtha
EdgeUp Step Up,6435186585,America/Los_Angeles,EdgeUp Engineering Management StepUp Program (with Agentic AI),Applied Agentic AI for EM's - 2nd Mid-May 2026,29-Apr-2026,DEPOSIT_PAID,Flexipay_has_time_to_pay,Flexipay_has_time_to_pay,0_PERCENT_APR_FLEXIPAY,Onboarded,Flexipay,Sudhanshu
Level Up,212881687128,America/Los_Angeles,Backend Engineering Interview Prep Program,Backend Interview Prep - Early-May 2026,29-Apr-2026,ENROLLED,Flexipay_has_time_to_pay,Flexipay_has_time_to_pay,0_PERCENT_APR_FLEXIPAY,Onboarded,Flexipay,Arshia
EdgeUp,216529950563,America/Los_Angeles,EdgeUp Engineering Manager LevelUp Program (with Agentic AI),Applied Agentic AI for EM's - Early-June 2026,28-Apr-2026,ENROLLED_WITH_NO_DUES,has_paid_in_full,Fully Paid,STRIPE_CARD,Onboarded,Upfront Payment,Sharon
EdgeUp,216884475704,America/New_York,EdgeUp Data Engineering LevelUp Program (with Agentic AI),Applied Agentic AI for SWEs - 2nd Mid-May 2026,28-Apr-2026,ENROLLED,Flexipay_has_time_to_pay,Flexipay_has_time_to_pay,0_PERCENT_APR_FLEXIPAY,Onboarded,Flexipay,Arush
EdgeUp,300000154320,America/Los_Angeles,EdgeUp Backend LevelUp Program (with Agentic AI),Applied Agentic AI for SWEs - Mid-May 2026,28-Apr-2026,ENROLLED_WITH_NO_DUES,has_paid_in_full,Fully Paid,CLIMBCREDIT,Onboarded,Upfront Payment,Nishtha
EdgeUp Step Up,300000155518,America/Chicago,EdgeUp Fullstack StepUp Program (with Agentic AI),Applied Agentic AI for SWEs - Early-May 2026,28-Apr-2026,Refunded,Refunded,Refunded,CLIMBCREDIT,VM - 4 Attempts,Upfront Payment,Archi
EdgeUp Step Up,300000156311,America/Los_Angeles,EdgeUp Engineering Management StepUp Program (with Agentic AI),Applied Agentic AI for EM's - Early-July 2026,29-Apr-2026,ENROLLED_WITH_NO_DUES,Refunded,Refunded,PAYPAL,Onboarded,Upfront Payment,Sudhanshu
Agentic SkillUp,300000156577,America/Chicago,Applied Agentic AI Program for SWEs,Applied Agentic AI for SWEs - Early-May 2026,28-Apr-2026,REFUNDED,REFUNDED,Refunded,STRIPE_CARD,Incomplete OB ,Upfront Payment,Safoora
Level Up,300000156656,America/New_York,Data Engineering Interview Prep Program,Data Engineering Interview Prep - Mid-May 2026,29-Apr-2026,ENROLLED_WITH_NO_DUES,has_paid_in_full,Fully Paid,STRIPE_CARD,Onboarded,Upfront Payment,Samarth
Level Up,9601996,America/Los_Angeles,Data Analyst & Business Analyst Interview Preparation Program,Data Analyst & Business Analyst Interview Prep - Mid-May 2026,29-Apr-2026,ENROLLED_WITH_NO_DUES,has_paid_in_full,Refunded,CLIMBCREDIT,Onboarded,Upfront Payment,Kamal
Step Up,41040951,America/Los_Angeles,Backend Interview Prep Fast Track Program,Self-Paced Backend FastTrack,29-Apr-2026,ENROLLED_WITH_NO_DUES,has_paid_in_full,Fully Paid,ACH_TRANSFER,Onboarded,Upfront Payment,Arshia
EdgeUp,450242751,America/Los_Angeles,EdgeUp Fullstack LevelUp Program (with Agentic AI),Applied Agentic AI for SWEs - Mid-May 2026,29-Apr-2026,FULL_PAYMENT_PAID,has_paid_in_full,Fully Paid,CLIMBCREDIT,Onboarded,Upfront Payment,Nishtha
EdgeUp,388687501,America/Los_Angeles,EdgeUp 2026 Technical Program Manager LevelUp Program (with Agentic AI Interview Prep),Applied Agentic AI - 2nd Mid-May 2026,29-Apr-2026,ENROLLED_WITH_NO_DUES,has_paid_in_full,Fully Paid,ACH_TRANSFER,Onboarded,Upfront Payment,Sudhanshu
EdgeUp Step Up,135534478426,America/Chicago,EdgeUp 2026 Backend StepUp Program (with Agentic AI Interview Prep),Applied Agentic AI for SWEs - Mid-May 2026,29-Apr-2026,ENROLLED_WITH_NO_DUES,has_paid_in_full,Fully Paid,PAYPAL,Onboarded,Upfront Payment,Archi
EdgeUp,177121724955,America/Los_Angeles,EdgeUp Fullstack LevelUp Program (with Agentic AI),Applied Agentic AI for SWEs - Mid-May 2026,29-Apr-2026,FULL_PAYMENT_PAID,has_paid_in_full,Fully Paid,CLIMBCREDIT,Onboarded,Upfront Payment,Nishtha
EdgeUp,187035073423,America/Los_Angeles,EdgeUp 2026 Engineering Manager LevelUp Program (with Agentic AI Interview Prep),Applied Agentic AI for SWEs - Early-May 2026,29-Apr-2026,ENROLLED_WITH_NO_DUES,has_paid_in_full,Fully Paid,CLIMBCREDIT,Onboarded,Upfront Payment,Arush
Paid Upgrade,207557605939,America/Chicago,Technical Program Manager Interview Preparation Pathway,TPM Interview Prep Pathway - 2nd Mid-May 2026,30-Apr-2026,ENROLLED_WITH_NO_DUES,has_paid_in_full,Fully Paid,STRIPE_MANUAL_PAYMENT,Onboarded,Upfront Payment,Ajil
Step Up,215210219045,America/Chicago,Data Engineering Interview Prep Fast Track Program,Self-Paced Data Engineering FastTrack,29-Apr-2026,FULL_PAYMENT_PAID,has_paid_in_full,Refunded,CLIMBCREDIT,Incomplete OB ,Upfront Payment,Anjali
EdgeUp Step Up,215263204478,America/New_York,EdgeUp 2026 AWS Cloud Solutions Architect StepUp Program (with Agentic AI Interview Prep),Applied Agentic AI for SWEs - 2nd Mid-May 2026,29-Apr-2026,ENROLLED_WITH_NO_DUES,has_paid_in_full,Fully Paid,PAYPAL,Onboarded,Upfront Payment,Manish
EdgeUp,300000108112,America/New_York,EdgeUp Technical Program Manager LevelUp Program (with Agentic AI),Applied Agentic AI - 2nd Mid-May 2026,29-Apr-2026,REFUNDED,REFUNDED,Refunded,CLIMBCREDIT,Onboarded,Upfront Payment,Arush
EdgeUp,300000155813,America/Chicago,EdgeUp Fullstack LevelUp Program (with Agentic AI),Applied Agentic AI for SWEs - 2nd Mid-May 2026,29-Apr-2026,ENROLLED_WITH_NO_DUES,has_paid_in_full,Fully Paid,CLIMBCREDIT,Onboarded,Upfront Payment,Archi
EdgeUp,300000156298,America/New_York,EdgeUp 2026 Technical Program Manager LevelUp Program (with Agentic AI Interview Prep),Applied Agentic AI - Early-May 2026,30-Apr-2026,ENROLLED_WITH_NO_DUES,has_paid_in_full,Fully Paid,ACH_TRANSFER,Onboarded,Upfront Payment,Manish
EdgeUp,97099756908,America/Chicago,EdgeUp 2026 Backend LevelUp Program (with Agentic AI Interview Prep),Applied Agentic AI for SWEs - Mid-May 2026,30-Apr-2026,FULL_PAYMENT_PAID,has_paid_in_full,Fully Paid,RAZORPAY_MANUAL_PAYMENT,VM - 4 Attempts,Upfront Payment,Arush
EdgeUp,300000156370,America/Chicago,EdgeUp Technical Program Manager LevelUp Program (with Agentic AI),Applied Agentic AI - Early-May 2026,29-Apr-2026,ENROLLED,Flexipay_has_time_to_pay,Flexipay_has_time_to_pay,0_PERCENT_APR_FLEXIPAY,Onboarded,Flexipay,Manish
Fast Track ML,300000156655,America/New_York,Fast Track Machine Learning Program,Fast Track Advanced Machine Learning,30-Apr-2026,ENROLLED_WITH_NO_DUES,has_paid_in_full,Fully Paid,ACH_TRANSFER,Onboarded,Upfront Payment,Samarth
Step Up,300000156830,America/Los_Angeles,Data Engineering Interview Prep Fast Track Program,Self-Paced Data Engineering FastTrack,29-Apr-2026,ENROLLED_WITH_NO_DUES,has_paid_in_full,Fully Paid,STRIPE_CARD,Onboarded,Upfront Payment,Kamal
Agentic SkillUp,14237856,America/Los_Angeles,Applied Agentic AI Program for SWEs,Applied Agentic AI for SWEs - Early-October 2026,30-Apr-2026,ENROLLED_WITH_NO_DUES,has_paid_in_full,Fully Paid,ACH_TRANSFER,Onboarded,Upfront Payment,Sudhanshu
Agentic SkillUp,9626518,America/Los_Angeles,Applied Agentic AI Program for SWEs,Applied Agentic AI for SWEs - 2nd Mid-May 2026,30-Apr-2026,ENROLLED_WITH_NO_DUES,has_paid_in_full,Fully Paid,ACH_TRANSFER,Onboarded,Upfront Payment,Sudhanshu
EdgeUp,14238570,America/Los_Angeles,EdgeUp Engineering Manager LevelUp Program (with Agentic AI),Engineering Management Interview Prep - Mid-May 2026,30-Apr-2026,ENROLLED_WITH_NO_DUES,has_paid_in_full,Fully Paid,PAYPAL,Onboarded,Upfront Payment,Sudhanshu
EdgeUp,9265396,America/Chicago,EdgeUp 2026 Data Analyst & Business Analyst LevelUp Program (with Agentic AI Interview Prep),Applied Agentic AI - 2nd Mid-May 2026,30-Apr-2026,FULL_PAYMENT_PAID,has_paid_in_full,Fully Paid,CLIMBCREDIT,Onboarded,Upfront Payment,Nishtha
EdgeUp Step Up,133419099154,America/New_York,EdgeUp 2026 Engineering Management StepUp Program (with Agentic AI Interview Prep),Applied Agentic AI for EM's - 2nd Mid-May 2026,30-Apr-2026,ENROLLED_WITH_NO_DUES,has_paid_in_full,Fully Paid,STRIPE_CARD,Onboarded,Upfront Payment,Arush
Step Up,141800884577,America/Chicago,Engineering Management Interview Prep Fast Track Program,Self-Paced Engineering Management FastTrack,30-Apr-2026,ENROLLED_WITH_NO_DUES,has_paid_in_full,Fully Paid,PAYPAL,Onboarded,Upfront Payment,Arshia
EdgeUp Step Up,193781472779,America/Chicago,EdgeUp 2026 Engineering Management StepUp Program (with Agentic AI Interview Prep),Applied Agentic AI for EM's - 2nd Mid-May 2026,30-Apr-2026,ENROLLED_WITH_NO_DUES,has_paid_in_full,Fully Paid,PAYPAL,Onboarded,Upfront Payment,Nishtha
EdgeUp,300000154666,America/Chicago,EdgeUp 2026 Engineering Manager LevelUp Program (with Agentic AI Interview Prep),Applied Agentic AI for EM's - 2nd Mid-May 2026,30-Apr-2026,ENROLLED_WITH_NO_DUES,has_paid_in_full,Fully Paid,CLIMBCREDIT,Onboarded,Upfront Payment,Sudhanshu
EdgeUp Step Up,300000156982,America/New_York,EdgeUp Machine Learning StepUp Program (with Agentic AI),Applied Agentic AI for SWEs - Mid-June 2026,30-Apr-2026,FULL_PAYMENT_PAID,has_paid_in_full,Fully Paid,CLIMBCREDIT,Onboarded,Upfront Payment,Archi
New ML,19343648416,America/New_York,Machine Learning Program (with Agentic AI),Machine Learning Program - 2nd Mid-April 2026,30-Apr-2026,FULL_PAYMENT_PAID,has_paid_in_full,Fully Paid,CLIMBCREDIT,Onboarded,Upfront Payment,Ajil
EdgeUp,204655714307,America/New_York,EdgeUp 2026 Technical Program Manager LevelUp Program (with Agentic AI Interview Prep),Applied Agentic AI - 2nd Mid-May 2026,30-Apr-2026,FULL_PAYMENT_PAID,has_paid_in_full,Fully Paid,CLIMBCREDIT,Onboarded,Upfront Payment,Archi
Step Up,213814257535,America/New_York,Early Engineering Fast Track Program,Self-Paced Early Engineering FastTrack,1-May-2026,ENROLLED_WITH_NO_DUES,has_paid_in_full,Fully Paid,CLIMBCREDIT,Onboarded,Upfront Payment,Disha
New ML,300000158405,America/New_York,Machine Learning Program (with Agentic AI),Machine Learning Program - 2nd End-May 2026,1-May-2026,FULL_PAYMENT_PAID,has_paid_in_full,Fully Paid,CLIMBCREDIT,Onboarded,Upfront Payment,Disha
EdgeUp,79056566898,America/New_York,EdgeUp AWS Cloud Solutions Architect LevelUp Program (with Agentic AI),EdgeUp StepUp Cohort,30-Apr-2026,NOT_OPENED,refunded,Invalid,KLARNA,Yet to Connect,,SSA-1
EdgeUp,122661810817,America/Los_Angeles,EdgeUp Engineering Manager LevelUp Program (with Agentic AI),Applied Agentic AI for EM's - 2nd Mid-May 2026,2-May-2026,ENROLLED_WITH_NO_DUES,has_paid_in_full,Fully Paid,STRIPE_CARD,Onboarded,Upfront Payment,Sudhanshu
Step Up,135139243050,America/New_York,Fullstack Interview Prep Fast Track Program,Fullstack Fast Track Masterclass,3-May-2026,ENROLLED_WITH_NO_DUES,has_paid_in_full,Fully Paid,ACH_TRANSFER,VM - 4 Attempts,Upfront Payment,Samarth
EdgeUp,14238020,America/New_York,EdgeUp 2026 Backend LevelUp Program (with Agentic AI Interview Prep),Applied Agentic AI for SWEs - Mid-May 2026,3-May-2026,ENROLLED_WITH_NO_DUES,has_paid_in_full,Fully Paid,ACH_TRANSFER,Onboarded,Upfront Payment,Safoora
Step Up,212226326188,America/New_York,Technical Program Manager Interview Prep Fast Track Program,Self-Paced TPM FastTrack,3-May-2026,ENROLLED_WITH_NO_DUES,has_paid_in_full,Fully Paid,STRIPE_CARD,Incomplete OB ,Upfront Payment,Samarth
EdgeUp,216465904477,America/New_York,EdgeUp 2026 Data Engineering LevelUp Program (with Agentic AI Interview Prep),Applied Agentic AI for SWEs - Mid-May 2026,3-May-2026,ENROLLED_WITH_NO_DUES,has_paid_in_full,Fully Paid,STRIPE_CARD,Onboarded,Upfront Payment,Zeeshan
Step Up,300000156738,America/Los_Angeles,Engineering Management Interview Prep Fast Track Program,Self-Paced Engineering Management FastTrack,3-May-2026,ENROLLED_WITH_NO_DUES,has_paid_in_full,Fully Paid,STRIPE_CARD,Onboarded,Upfront Payment,Sanjana
EdgeUp,9598616,America/Los_Angeles,EdgeUp Product Manager (Tech) LevelUp Program (with Agentic AI),Product Management Interview Prep - 2nd End-May 2026,4-May-2026,FULL_PAYMENT_PAID,has_paid_in_full,Fully Paid,CLIMBCREDIT,Onboarded,Upfront Payment,Sharon
EdgeUp,28638753,America/Los_Angeles,EdgeUp Fullstack LevelUp Program (with Agentic AI),EdgeUp LevelUp Cohort,4-May-2026,ENROLLED_WITH_NO_DUES,has_paid_in_full,Fully Paid,KLARNA,VM - 4 Attempts,Upfront Payment,SSA-1
EdgeUp,14243635,America/New_York,EdgeUp Security Engineering LevelUp Program (with Agentic AI),"Applied Agentic AI for SWEs - Mid-May 2026
",4-May-2026,ENROLLED_WITH_NO_DUES,has_paid_in_full,Fully Paid,STRIPE_MANUAL_PAYMENT,Onboarded,Upfront Payment,Safoora
EdgeUp,45273551,America/Los_Angeles,EdgeUp Engineering Manager LevelUp Program (with Agentic AI),Engineering Management Interview Prep - 2nd Mid-May 2026,4-May-2026,ENROLLED_WITH_NO_DUES,has_paid_in_full,Fully Paid,STRIPE_CARD,Onboarded,Upfront Payment,Sharon
EdgeUp,52288501,America/Los_Angeles,EdgeUp 2026 Backend LevelUp Program (with Agentic AI Interview Prep),Applied Agentic AI for SWEs - 2nd Mid-May 2026,4-May-2026,ENROLLED_WITH_NO_DUES,has_paid_in_full,Fully Paid,ACH_TRANSFER,Onboarded,Upfront Payment,Suraj
Step Up,164246701,America/Los_Angeles,Fullstack Interview Prep Fast Track Program,Self-Paced Fullstack FastTrack,4-May-2026,REFUNDED,REFUNDED,Refunded,CLIMBCREDIT,Onboarded,Upfront Payment,Pragya
Level Up,133678369102,America/Chicago,Data Analyst & Business Analyst Interview Preparation Program,Data Analyst & Business Analyst Interview Prep - Mid-May 2026,4-May-2026,ENROLLED_WITH_NO_DUES,has_paid_in_full,Fully Paid,PAYPAL,Onboarded,Upfront Payment,Pragya
Fast Track ML,203944775435,America/Chicago,Fast Track Machine Learning Program,Fast Track Machine Learning Program,4-May-2026,FULL_PAYMENT_PAID,has_paid_in_full,Fully Paid,CLIMBCREDIT,Onboarded,Upfront Payment,Pragya
New ML,300000156018,America/New_York,Machine Learning Program (with Agentic AI),Machine Learning Program - 2nd End-May 2026,4-May-2026,ENROLLED,Flexipay_has_time_to_pay,Flexipay_has_time_to_pay,0_PERCENT_APR_FLEXIPAY,Onboarded,Flexipay,Samarth
Step Up,300000157766,America/New_York,Technical Program Manager Interview Prep Fast Track Program,Self-Paced TPM FastTrack,4-May-2026,ENROLLED_WITH_NO_DUES,has_paid_in_full,Fully Paid,PAYPAL,Onboarded,Upfront Payment,Samarth
EdgeUp Step Up,300000160279,America/Los_Angeles,EdgeUp 2026 Technical Program Manager StepUp Program (with Agentic AI Interview Prep),Applied Agentic AI - 2nd Mid-May 2026,4-May-2026,ENROLLED_WITH_NO_DUES,has_paid_in_full,Fully Paid,ACH_TRANSFER,Onboarded,Upfront Payment,Sharon
Level Up,103377802,America/Los_Angeles,Frontend Engineering Interview Prep Program,Frontend Interview Prep - 2nd Mid-May 2026,5-May-2026,FULL_PAYMENT_PAID,has_paid_in_full,Fully Paid,CLIMBCREDIT,Onboarded,Upfront Payment,Arshia
EdgeUp Step Up,151190702,America/New_York,EdgeUp 2026 Product Manager (Tech) StepUp Program (with Agentic AI Interview Prep),Applied Agentic AI - 2nd Mid-May 2026,5-May-2026,FULL_PAYMENT_PAID,has_paid_in_full,Fully Paid,CLIMBCREDIT,Onboarded Via Calendly,Upfront Payment,Safoora
EdgeUp,464651101,America/Chicago,EdgeUp 2026 Technical Program Manager LevelUp Program (with Agentic AI Interview Prep),Applied Agentic AI - 2nd Mid-May 2026,5-May-2026,ENROLLED_WITH_NO_DUES,has_paid_in_full,Fully Paid,STRIPE_CARD,Onboarded,Upfront Payment,Arush
Level Up,135045592896,America/New_York,Fullstack Engineering Interview Prep Program,Fullstack Interview Prep - 2nd Mid-May 2026,5-May-2026,FULL_PAYMENT_PAID,has_paid_in_full,Fully Paid,CLIMBCREDIT,Onboarded,Upfront Payment,Samarth
Step Up,181540525589,America/New_York,Fullstack Interview Prep Fast Track Program,Self-Paced Fullstack FastTrack,5-May-2026,ENROLLED_WITH_NO_DUES,has_paid_in_full,Fully Paid,0_PERCENT_APR_FLEXIPAY,VM - 4 Attempts,Flexipay,Ajil
EdgeUp Step Up,213252289899,America/Los_Angeles,EdgeUp 2026 Technical Program Manager StepUp Program (with Agentic AI Interview Prep),Applied Agentic AI - 2nd Mid-May 2026,5-May-2026,ENROLLED_WITH_NO_DUES,has_paid_in_full,Fully Paid,PAYPAL,Onboarded,Upfront Payment,Sharon
Step Up,216472055333,America/Los_Angeles,Engineering Management Interview Prep Fast Track Program,"Self-Paced Engineering Management FastTrack",5-May-2026,FULL_PAYMENT_PAID,has_paid_in_full,Fully Paid,RAZORPAY_MANUAL_PAYMENT,Onboarded,Upfront Payment,Pragya
Advanced ML,300000156002,America/Chicago,Advanced Machine Learning Program (with Agentic AI),Advanced Machine Learning Program - End-May 2026,5-May-2026,ENROLLED,has_time_to_pay,Fully Paid,CLIMBCREDIT,Onboarded,Upfront Payment,Samarth
EdgeUp Step Up,300000158475,America/Chicago,EdgeUp 2026 AWS Cloud Solutions Architect StepUp Program (with Agentic AI Interview Prep),"Applied Agentic AI for SWEs - Mid-July 2026	
",5-May-2026,ENROLLED_WITH_NO_DUES,has_paid_in_full,Fully Paid,ACH_TRANSFER,Onboarded,Upfront Payment,Safoora
Advanced ML,300000159846,America/Chicago,Advanced Machine Learning Program (with Agentic AI),Advanced Machine Learning Program - End-May 2026,5-May-2026,ENROLLED_WITH_NO_DUES,refunded,Refunded,CLIMBCREDIT,Onboarded,Upfront Payment,Ajil
EdgeUp Step Up,300000160365,America/Los_Angeles,EdgeUp 2026 Data Engineering StepUp Program (with Agentic AI Interview Prep),Applied Agentic AI for SWEs - Mid-May 2026,5-May-2026,FULL_PAYMENT_PAID,has_paid_in_full,Fully Paid,RAZORPAY_MANUAL_PAYMENT,Onboarded,Upfront Payment,Suraj
EdgeUp Step Up,35186442900,America/Los_Angeles,EdgeUp 2026 Data Analyst & Business Analyst StepUp Program (with Agentic AI Interview Prep),Applied Agentic AI - 2nd Mid-May 2026,6-May-2026,ENROLLED_WITH_NO_DUES,has_paid_in_full,Fully Paid,CLIMBCREDIT,Onboarded,Upfront Payment,Nishtha
EdgeUp,215763140521,,EdgeUp 2026 Engineering Manager LevelUp Program (with Agentic AI Interview Prep),Applied Agentic AI for EM's - 2nd Mid-May 2026,6-May-2026,ENROLLED_WITH_NO_DUES,has_paid_in_full,Fully Paid,CLIMBCREDIT,Onboarded,Upfront Payment,Archi
Advanced ML,300000156632,America/Los_Angeles,Advanced Machine Learning Program (with Agentic AI),Advanced Machine Learning Program - End-May 2026,5-May-2026,FULL_PAYMENT_PAID,has_paid_in_full,Fully Paid,CLIMBCREDIT,Onboarded,Upfront Payment,Arshia
EdgeUp Step Up,300000158513,America/Los_Angeles,EdgeUp 2026 Technical Program Manager StepUp Program (with Agentic AI Interview Prep),Applied Agentic AI - 2nd Mid-May 2026,6-May-2026,FULL_PAYMENT_PAID,has_paid_in_full,Fully Paid,CLIMBCREDIT,Onboarded,Upfront Payment,Sudhanshu
EdgeUp,134063052,America/New_York,EdgeUp Product Manager (Tech) LevelUp Program (with Agentic AI),Applied Agentic AI - 2nd Mid-May 2026,6-May-2026,FULL_PAYMENT_PAID,has_paid_in_full,Ongoing Discussion,CLIMBCREDIT,Onboarded,Upfront Payment,Archi
AI/DS SwitchUp,247243901,America/Chicago,AI Data Science SwitchUp Program,AI Data Science SwitchUp - Early-June 2026,7-May-2026,ENROLLED,Flexipay_has_time_to_pay,Flexipay_has_time_to_pay,0_PERCENT_APR_FLEXIPAY,Onboarded,Flexipay,Anjali
New ML,300000156020,America/Chicago,Machine Learning Program (with Agentic AI),Machine Learning Program - 2nd Mid-July 2026,7-May-2026,ENROLLED_WITH_NO_DUES,has_paid_in_full,Fully Paid,CLIMBCREDIT,Onboarded,Upfront Payment,Disha
EdgeUp,300000156353,America/New_York,EdgeUp 2026 Technical Program Manager LevelUp Program (with Agentic AI Interview Prep),Applied Agentic AI - 2nd Mid-May 2026,7-May-2026,FULL_PAYMENT_PAID,has_paid_in_full,Fully Paid,CLIMBCREDIT,Onboarded,Upfront Payment,Manish
EdgeUp Step Up,92709896003,America/New_York,EdgeUp 2026 Site Reliability Engineering & DevOps StepUp Program (with Agentic AI Interview Prep),Applied Agentic AI for SWEs - 2nd Mid-May 2026,7-May-2026,ENROLLED_WITH_NO_DUES,has_paid_in_full,Fully Paid,ACH_TRANSFER,Onboarded,Upfront Payment,Manish
New ML,175275250693,America/Chicago,Machine Learning Program (with Agentic AI),Machine Learning Program - 2nd End-May 2026,7-May-2026,ENROLLED,Flexipay_has_time_to_pay,Flexipay_has_time_to_pay,0_PERCENT_APR_FLEXIPAY,Onboarded,Flexipay,Anjali
Level Up,213563095461,America/New_York,Data Analyst & Business Analyst Interview Preparation Program,Data Analyst & Business Analyst Interview Prep - Mid-May 2026,7-May-2026,ENROLLED_WITH_NO_DUES,has_paid_in_full,Fully Paid,CLIMBCREDIT,Onboarded,Upfront Payment,Disha
EdgeUp Step Up,300000162063,America/Los_Angeles,EdgeUp 2026 Engineering Management StepUp Program (with Agentic AI Interview Prep),"Applied Agentic AI for EM's - 2nd Mid-May 2026
",7-May-2026,ENROLLED,Flexipay_has_time_to_pay,Flexipay_has_time_to_pay,0_PERCENT_APR_FLEXIPAY,Onboarded,Flexipay,Anwesh
New ML,9277592,America/New_York,Machine Learning Program (with Agentic AI),Machine Learning Program - 2nd End-May 2026,8-May-2026,ENROLLED_WITH_NO_DUES,has_paid_in_full,Fully Paid,STRIPE_CARD,Onboarded,Upfront Payment,Anjali
Step Up,150225840449,America/New_York,Technical Program Manager Interview Prep Fast Track Program,Self-Paced TPM FastTrack,8-May-2026,ENROLLED_WITH_NO_DUES,has_paid_in_full,Fully Paid,PAYPAL,Onboarded,Upfront Payment,Disha
Step Up,300000154764,America/Los_Angeles,Site Reliability Engineering Interview Prep Fast Track Program,Self-Paced SRE FastTrack,8-May-2026,ENROLLED_WITH_NO_DUES,has_paid_in_full,Fully Paid,ACH_TRANSFER,Onboarded,Upfront Payment,Sanjana
EdgeUp Step Up,300000161376,America/Chicago,EdgeUp 2026 Product Manager (Tech) StepUp Program (with Agentic AI Interview Prep),Applied Agentic AI - 2nd Mid-May 2026,8-May-2026,FULL_PAYMENT_PAID,has_paid_in_full,Fully Paid,CLIMBCREDIT,Onboarded,Upfront Payment,Archi
EdgeUp Step Up,300000161816,America/Chicago,EdgeUp 2026 Frontend StepUp Program (with Agentic AI Interview Prep),Applied Agentic AI for SWEs - 2nd Mid-May 2026,8-May-2026,ENROLLED_WITH_NO_DUES,has_paid_in_full,Fully Paid,CLIMBCREDIT,Onboarded,Upfront Payment,Archi
EdgeUp Step Up,300000162713,America/New_York,EdgeUp 2026 Engineering Management StepUp Program (with Agentic AI Interview Prep),Applied Agentic AI for EM's - 2nd Mid-May 2026,8-May-2026,ENROLLED,Flexipay_has_time_to_pay,Flexipay_has_time_to_pay,0_PERCENT_APR_FLEXIPAY,Onboarded,Flexipay,Manish
EdgeUp Step Up,300000159681,America/New_York,EdgeUp 2026 Product Manager (Tech) StepUp Program (with Agentic AI Interview Prep),Applied Agentic AI - 2nd Mid-May 2026,8-May-2026,ENROLLED_WITH_NO_DUES,has_paid_in_full,Fully Paid,RAZORPAY_MANUAL_PAYMENT,Onboarded,Upfront Payment,Manish
EdgeUp,9587718,America/Chicago,EdgeUp 2026 Fullstack LevelUp Program (with Agentic AI Interview Prep),Applied Agentic AI for SWEs - Early-June 2026,9-May-2026,ENROLLED_WITH_NO_DUES,has_paid_in_full,Fully Paid,CLIMBCREDIT,Onboarded,Upfront Payment,Zeeshan
EdgeUp Step Up,9300497,America/New_York,EdgeUp 2026 Fullstack StepUp Program (with Agentic AI Interview Prep),"Applied Agentic AI for SWEs - 2nd Mid-May 2026
",9-May-2026,ENROLLED,Flexipay_has_time_to_pay,Flexipay_has_time_to_pay,0_PERCENT_APR_FLEXIPAY,Onboarded,Flexipay,Safoora
EdgeUp Step Up,75648951,America/New_York,EdgeUp 2026 Backend StepUp Program (with Agentic AI Interview Prep),Applied Agentic AI for SWEs - 2nd Mid-May 2026,9-May-2026,FULL_PAYMENT_PAID,has_paid_in_full,Fully Paid,STRIPE_CARD,Onboarded,Upfront Payment,Zeeshan
Step Up,184656704152,America/Los_Angeles,Machine Learning Interview Prep Fast Track Program,Machine Learning Fast Track Masterclass,9-May-2026,ENROLLED,refunded,Invalid,0_PERCENT_APR_FLEXIPAY,Yet to Connect,,SSA-1
EdgeUp Step Up,300000157947,America/New_York,EdgeUp 2026 Test Engineering StepUp Program (with Agentic AI Interview Prep),"
Applied Agentic AI for SWEs - 2nd Mid-May 2026",8-May-2026,FULL_PAYMENT_PAID,has_paid_in_full,Fully Paid,CLIMBCREDIT,Onboarded,Upfront Payment,Zeeshan
EdgeUp,447829651,America/Phoenix,EdgeUp 2026 Technical Program Manager LevelUp Program (with Agentic AI Interview Prep),Applied Agentic AI - 2nd Mid-May 2026,9-May-2026,FULL_PAYMENT_PAID,has_paid_in_full,Fully Paid,CLIMBCREDIT,Onboarded,Upfront Payment,Sharon
EdgeUp Step Up,300000108634,America/Chicago,EdgeUp 2026 Backend StepUp Program (with Agentic AI Interview Prep),Applied Agentic AI for SWEs - Early-June 2026,9-May-2026,ENROLLED,Flexipay_has_time_to_pay,Flexipay_has_time_to_pay,0_PERCENT_APR_FLEXIPAY,Onboarded,Flexipay,Sharon
Level Up,39312801,America/New_York,Engineering Manager Interview Prep Program,Engineering Management Interview Prep - 2nd Mid-May 2026,10-May-2026,ENROLLED_WITH_NO_DUES,has_paid_in_full,Fully Paid,STRIPE_CARD,Onboarded,Upfront Payment,Anjali
Advanced ML,300000161546,America/Los_Angeles,Advanced Machine Learning Program (with Agentic AI),Advanced Machine Learning Program - End-May 2026,10-May-2026,FULL_PAYMENT_PAID,has_paid_in_full,Fully Paid,CLIMBCREDIT,Onboarded,Upfront Payment,Kamal
Agentic SkillUp,150608851,America/Los_Angeles,Applied Agentic AI Program for SWEs,Applied Agentic AI for SWEs - Mid-June 2026,10-May-2026,ENROLLED_WITH_NO_DUES,has_paid_in_full,Fully Paid,STRIPE_CARD,Onboarded,Upfront Payment,Nishtha
Step Up,184208066326,America/New_York,Technical Program Manager Interview Prep Fast Track Program,Self-Paced TPM FastTrack,10-May-2026,ENROLLED_WITH_NO_DUES,has_paid_in_full,Fully Paid,CLIMBCREDIT,Onboarded Via Calendly,Upfront Payment,Anjali
EdgeUp Step Up,207785415181,America/New_York,EdgeUp 2026 Engineering Management StepUp Program (with Agentic AI Interview Prep),Applied Agentic AI for EM's - Early-June 2026,10-May-2026,has_paid_in_full,has_paid_in_full,Invalid,PAYPAL,Invalid,Upfront Payment,SSA-1
Step Up,213661547952,America/Los_Angeles,Technical Program Manager Interview Prep Fast Track Program,Self-Paced TPM FastTrack,11-May-2026,ENROLLED_WITH_NO_DUES,has_paid_in_full,Fully Paid,CLIMBCREDIT,Onboarded,Upfront Payment,Kamal
New ML,300000161279,America/Los_Angeles,Machine Learning Program (with Agentic AI),Machine Learning Program - 2nd End-May 2026,10-May-2026,ENROLLED_WITH_NO_DUES,has_paid_in_full,Fully Paid,CLIMBCREDIT,Onboarded,Upfront Payment,Sanjana
Agentic SkillUp,9246357,America/Los_Angeles,AI Engineering,Applied Agentic AI for SWEs - 2nd Mid-May 2026,11-May-2026,ENROLLED_WITH_NO_DUES,has_paid_in_full,Fully Paid,PAYPAL,VM - 4 Attempts,Upfront Payment,Nishtha
EdgeUp Step Up,147980801,America/New_York,EdgeUp 2026 Fullstack StepUp Program (with Agentic AI Interview Prep),"Applied Agentic AI for SWEs - 2nd Mid-May 2026
",11-May-2026,ENROLLED_WITH_NO_DUES,has_paid_in_full,Fully Paid,ACH_TRANSFER,Onboarded,Upfront Payment,Safoora
Agentic SkillUp,254716851,America/New_York,Applied Agentic AI Program for EM,Applied Agentic AI for EM's - Early-June 2026,11-May-2026,ENROLLED_WITH_NO_DUES,has_paid_in_full,Fully Paid,ACH_TRANSFER,Onboarded,Upfront Payment,Safoora
New ML,300000160282,America/New_York,Machine Learning Program (with Agentic AI),Machine Learning Program - 2nd End-May 2026,11-May-2026,REFUNDED,REFUNDED,Fully Paid,CLIMBCREDIT,VM - 4 Attempts,Upfront Payment,Samarth
Agentic SkillUp,300000163594,America/Denver,Applied Agentic AI Program for SWEs,Applied Agentic AI for SWEs - Early-June 2026,11-May-2026,FULL_PAYMENT_PAID,has_paid_in_full,Fully Paid,CLIMBCREDIT,Onboarded,Upfront Payment,Anwesh
Level Up,300000164012,America/New_York,Engineering Manager Interview Prep Program,Engineering Management Interview Prep - 2nd Mid-May 2026,11-May-2026,FULL_PAYMENT_PAID,has_paid_in_full,Refunded,CLIMBCREDIT,Incomplete OB ,Upfront Payment,SSA-1
New ML,300000164025,America/New_York,Machine Learning Program (with Agentic AI),Machine Learning Program - 2nd End-May 2026,11-May-2026,ENROLLED,has_paid_in_full,Fully Paid,STRIPE_MANUAL_PAYMENT,Onboarded,Upfront Payment,Samarth
EdgeUp,15233662213,America/New_York,EdgeUp Engineering Manager LevelUp Program (with Agentic AI),"Applied Agentic AI for EM's - 2nd Mid-May 2026",12-May-2026,ENROLLED_WITH_NO_DUES,has_paid_in_full,Fully Paid,PAYPAL,Onboarded,Upfront Payment,Safoora
EdgeUp,154103756207,America/New_York,EdgeUp 2026 Technical Program Manager LevelUp Program (with Agentic AI Interview Prep),"
Applied Agentic AI for SWEs - Mid-June 2026",12-May-2026,ENROLLED,Flexipay_has_time_to_pay,Flexipay_has_time_to_pay,0_PERCENT_APR_FLEXIPAY,Onboarded,Flexipay,Zeeshan
EdgeUp,9290936,America/Los_Angeles,EdgeUp 2026 Security Engineering LevelUp Program (with Agentic AI Interview Prep),Security Engineering SysD Interview Prep - Early-June 2026,12-May-2026,ENROLLED,has_time_to_pay,has_time_to_pay,STRIPE_CARD,Onboarded,Non-Upfront Payment,Anwesh
Level Up,139040551,America/Chicago,Machine Learning Interview Prep Program,Machine Learning Interview Prep - End-May 2026,12-May-2026,ENROLLED_WITH_NO_DUES,has_paid_in_full,Fully Paid,PAYPAL,Onboarded,Upfront Payment,Ajil
New ML,525300501,America/Los_Angeles,Machine Learning Program (with Agentic AI),Machine Learning Program - 2nd End-May 2026,12-May-2026,FULL_PAYMENT_PAID,has_paid_in_full,Fully Paid,CLIMBCREDIT,Onboarded,Upfront Payment,Arshia
EdgeUp,182323231667,America/Chicago,EdgeUp 2026 Data Analyst & Business Analyst LevelUp Program (with Agentic AI Interview Prep),Applied Agentic AI - 2nd Mid-May 2026,12-May-2026,FULL_PAYMENT_PAID,has_paid_in_full,Fully Paid,CLIMBCREDIT,Onboarded,Upfront Payment,Zeeshan
New ML,300000161247,America/Chicago,Machine Learning Program (with Agentic AI),Machine Learning Program - 2nd Mid-April 2026,12-May-2026,FULL_PAYMENT_PAID,has_paid_in_full,Fully Paid,CLIMBCREDIT,Onboarded,Upfront Payment,Ajil
AI/DS SwitchUp,300000164036,America/Chicago,AI Data Science SwitchUp Program,"AI Data Science SwitchUp - Early-June 2026",12-May-2026,FULL_PAYMENT_PAID,has_paid_in_full,Invalid,CLIMBCREDIT,Incomplete OB ,Upfront Payment,SSA-1
New ML,300000165621,America/Los_Angeles,Machine Learning Program (with Agentic AI),Machine Learning Program - 2nd End-May 2026,12-May-2026,ENROLLED_WITH_NO_DUES,has_paid_in_full,Fully Paid,STRIPE_CARD,Onboarded,Upfront Payment,Kamal
EdgeUp,186396469404,PST,EdgeUp 2026 Embedded Systems LevelUp Program (with Agentic AI Interview Prep),Applied Agentic AI for SWEs - Early-June 2026,1-May-2026,FULL_PAYMENT_PAID,has_paid_in_full,Fully Paid,CLIMB CREDIT,Onboarded Via Calendly,Upfront Payment,Sharon
Agentic SkillUp,9628602,America/New_York,Applied Agentic AI Program for SWEs,Applied Agentic AI for SWEs - 2nd Mid-May 2026,13-May-2026,ENROLLED_WITH_NO_DUES,has_paid_in_full,Fully Paid,ACH_TRANSFER,Onboarded,Upfront Payment,Archi
EdgeUp,9558461,America/Los_Angeles,EdgeUp 2026 Backend LevelUp Program (with Agentic AI Interview Prep),Applied Agentic AI for SWEs - 2nd Mid-May 2026,13-May-2026,ENROLLED_WITH_NO_DUES,has_paid_in_full,Fully Paid,STRIPE_MANUAL_PAYMENT,Onboarded,Upfront Payment,Sharon
EdgeUp Step Up,9548402,America/Los_Angeles,EdgeUp 2026 Engineering Management StepUp Program (with Agentic AI Interview Prep),Applied Agentic AI for EM's - 2nd Mid-August 2026,13-May-2026,ENROLLED,has_time_to_pay,Fully Paid,STRIPE_MANUAL_PAYMENT,Onboarded,Upfront Payment,Sharon
Agentic SkillUp,25346651,America/Chicago,Applied Agentic AI Program for Data Engineers,Applied Agentic AI for SWEs - 2nd Mid-May 2026,13-May-2026,ENROLLED_WITH_NO_DUES,has_paid_in_full,Fully Paid,ACH_TRANSFER,Onboarded,Upfront Payment,Manish
Level Up,68226801,America/New_York,Backend Engineering Interview Prep Program,Backend Interview Prep - End-May 2026,13-May-2026,ENROLLED_WITH_NO_DUES,has_paid_in_full,Fully Paid,ACH_TRANSFER,Onboarded,Upfront Payment,Ajil
New ML,73980551,America/Los_Angeles,Machine Learning Program (with Agentic AI),Machine Learning Program - Mid-December 2025,13-May-2026,ENROLLED,refunded,Invalid,0_PERCENT_APR_FLEXIPAY,Yet to Connect,,SSA-1
EdgeUp Step Up,14238378,America/Los_Angeles,EdgeUp Engineering Management StepUp Program (with Agentic AI),Applied Agentic AI for EM's - Early-June 2026,13-May-2026,ENROLLED_WITH_NO_DUES,has_paid_in_full,Fully Paid,ACH_TRANSFER,Onboarded,Upfront Payment,Nishtha
Level Up,193695694693,America/New_York,Data Analyst & Business Analyst Interview Preparation Program,Data Analyst & Business Analyst Interview Prep - Mid-May 2026,13-May-2026,DEPOSIT_PAID,Dispute lost,Dispute Lost,STRIPE_CARD,Incomplete OB ,Non-Upfront Payment,Ajil
EdgeUp Step Up,300000164344,America/Los_Angeles,EdgeUp Engineering Management StepUp Program (with Agentic AI),Applied Agentic AI for EM's - Early-June 2026,13-May-2026,ENROLLED_WITH_NO_DUES,has_paid_in_full,Fully Paid,ACH_TRANSFER,Onboarded,Upfront Payment,Nishtha
EdgeUp Step Up,300000166371,America/Chicago,EdgeUp 2026 Backend StepUp Program (with Agentic AI Interview Prep),Applied Agentic AI for SWEs - Early-June 2026,13-May-2026,ENROLLED_WITH_NO_DUES,has_paid_in_full,Fully Paid,STRIPE_CARD,Onboarded,Upfront Payment,Archi
Step Up,468020151,America/Chicago,Data Science Interview Prep Fast Track Program,Self-Paced Data Science FastTrack,14-May-2026,ENROLLED_WITH_NO_DUES,has_paid_in_full,Fully Paid,CLIMBCREDIT,Onboarded,Upfront Payment,Disha
EdgeUp,23265291278,America/Chicago,EdgeUp 2026 Engineering Manager LevelUp Program (with Agentic AI Interview Prep),Applied Agentic AI for EM's - 2nd Mid-May 2026,14-May-2026,ENROLLED_WITH_NO_DUES,has_paid_in_full,Fully Paid,STRIPE_MANUAL_PAYMENT,Onboarded Via Calendly,Upfront Payment,Manish
Step Up,136189137283,America/New_York,AWS Cloud Solution Architect Interview Prep Fast Track Program,	Self-Paced Cloud FastTrack,14-May-2026,ENROLLED_WITH_NO_DUES,has_paid_in_full,Fully Paid,CLIMBCREDIT,Onboarded,Upfront Payment,Anjali
New ML,202142258101,America/Chicago,Machine Learning Program (with Agentic AI),Machine Learning Program - 2nd End-May 2026,14-May-2026,FULL_PAYMENT_PAID,has_paid_in_full,Fully Paid,CLIMBCREDIT,Onboarded,Upfront Payment,Disha
Step Up,216083271195,America/New_York,Technical Program Manager Interview Prep Fast Track Program,Self-Paced TPM FastTrack,14-May-2026,ENROLLED_WITH_NO_DUES,has_paid_in_full,Fully Paid,ACH_TRANSFER,Onboarded,Upfront Payment,Ajil
EdgeUp Step Up,300000156250,America/New_York,EdgeUp 2026 Technical Program Manager StepUp Program (with Agentic AI Interview Prep),Applied Agentic AI - Early-June 2026,14-May-2026,ENROLLED_WITH_NO_DUES,has_paid_in_full,Fully Paid,PAYPAL,Onboarded,Upfront Payment,Archi
EdgeUp Step Up,300000163582,America/Los_Angeles,EdgeUp Technical Program Manager StepUp Program (with Agentic AI),Applied Agentic AI - 2nd Mid-May 2026,14-May-2026,ENROLLED_WITH_NO_DUES,has_paid_in_full,Fully Paid,STRIPE_CARD,Onboarded,Upfront Payment,Sharon
EdgeUp,14237758,America/New_York,EdgeUp Backend LevelUp Program (with Agentic AI),Applied Agentic AI for SWEs - 2nd Mid-May 2026,14-May-2026,ENROLLED_WITH_NO_DUES,has_paid_in_full,Fully Paid,ACH_TRANSFER,Onboarded,Upfront Payment,Manish
EdgeUp Step Up,9306205,America/New_York,EdgeUp Test Engineering StepUp Program (with Agentic AI),Applied Agentic AI for SWEs - Early-June 2026,14-May-2026,ENROLLED_WITH_NO_DUES,has_paid_in_full,Fully Paid,PAYPAL,Onboarded,Upfront Payment,Manish
EdgeUp,168275651,America/New_York,EdgeUp 2026 Engineering Manager LevelUp Program (with Agentic AI Interview Prep),Applied Agentic AI for EM's - Early-June 2026,14-May-2026,FULL_PAYMENT_PAID,has_paid_in_full,Fully Paid,CLIMBCREDIT,VM - 4 Attempts,Upfront Payment,Archi
Step Up,155138033682,America/Los_Angeles,Technical Program Manager Interview Prep Fast Track Program,Self-Paced TPM FastTrack,14-May-2026,ENROLLED_WITH_NO_DUES,has_paid_in_full,Fully Paid,ACH_TRANSFER,Onboarded,Upfront Payment,Sanjana
EdgeUp,300000163844,America/New_York,EdgeUp 2026 Backend LevelUp Program (with Agentic AI Interview Prep),Applied Agentic AI for SWEs - Mid-July 2026,14-May-2026,FULL_PAYMENT_PAID,has_paid_in_full,Fully Paid,CLIMBCREDIT,Onboarded,Upfront Payment,Archi
Step Up,300000166423,,Engineering Management Interview Prep Fast Track Program,Self-Paced Engineering Management FastTrack,14-May-2026,FULL_PAYMENT_PAID,has_paid_in_full,Fully Paid,CLIMBCREDIT,Onboarded,Upfront Payment,Sanjana
EdgeUp,300000166930,America/Chicago,EdgeUp Backend LevelUp Program (with Agentic AI),Applied Agentic AI for SWEs - 2nd Mid-May 2026,15-May-2026,ENROLLED_WITH_NO_DUES,has_paid_in_full,Fully Paid,CLIMBCREDIT,Onboarded,Upfront Payment,Suraj
EdgeUp Step Up,9295153,America/Los_Angeles,EdgeUp 2026 Technical Program Manager StepUp Program (with Agentic AI Interview Prep),Applied Agentic AI - 2nd Mid-May 2026,15-May-2026,ENROLLED_WITH_NO_DUES,has_paid_in_full,Fully Paid,PAYPAL,Onboarded,Upfront Payment,Sudhanshu
Paid Upgrade,306306651,America/Denver,Fullstack Interview Preparation Pathway,Fullstack Interview Prep Pathway - Mid-May 2026,15-May-2026,FULL_PAYMENT_PAID,has_paid_in_full,Fully Paid,CLIMBCREDIT,Onboarded,Upfront Payment,Arshia
Level Up,427943901,America/New_York,Early Engineering Interview Prep Program,Early Engineering - End-May 2026,15-May-2026,FULL_PAYMENT_PAID,has_paid_in_full,Invalid,CLIMBCREDIT,Invalid,Upfront Payment,SSA-1
New ML,498953101,America/Phoenix,Machine Learning Program (with Agentic AI),Machine Learning Program - 2nd End-May 2026,15-May-2026,ENROLLED,Flexipay_has_time_to_pay,Flexipay_has_time_to_pay,0_PERCENT_APR_FLEXIPAY,Onboarded,Flexipay,Sanjana
Agentic SkillUp,108141752710,America/Chicago,Applied Agentic AI Program for PM/TPM,Applied Agentic AI for EM's - Early-June 2026,15-May-2026,ENROLLED_WITH_NO_DUES,has_paid_in_full,Fully Paid,ACH_TRANSFER,Onboarded,Upfront Payment,Manish
EdgeUp Step Up,151707299880,America/Los_Angeles,EdgeUp 2026 Data Engineering StepUp Program (with Agentic AI Interview Prep),Applied Agentic AI for SWEs - Early-June 2026,15-May-2026,ENROLLED_WITH_NO_DUES,has_paid_in_full,Fully Paid,STRIPE_MANUAL_PAYMENT,Onboarded Via Calendly,Upfront Payment,Suraj
Agentic SkillUp,182718173023,America/New_York,Applied Agentic AI Program for SWEs,Applied Agentic AI for SWEs - 2nd Mid-May 2026,15-May-2026,ENROLLED_WITH_NO_DUES,has_paid_in_full,Fully Paid,STRIPE_CARD,Onboarded,Upfront Payment,Manish
EdgeUp Step Up,300000166337,America/Phoenix,EdgeUp 2026 Data Engineering StepUp Program (with Agentic AI Interview Prep),Applied Agentic AI for SWEs - 2nd Mid-May 2026,15-May-2026,ENROLLED_WITH_NO_DUES,has_paid_in_full,Fully Paid,STRIPE_MANUAL_PAYMENT,Onboarded,Upfront Payment,Suraj
EdgeUp,300000166859,America/Chicago,EdgeUp 2026 Product Manager (Tech) LevelUp Program (with Agentic AI Interview Prep),Applied Agentic AI - Early-June 2026,15-May-2026,ENROLLED_WITH_NO_DUES,has_paid_in_full,Fully Paid,PAYPAL,Onboarded,Upfront Payment,Archi
Agentic SkillUp,9263233,America/Los_Angeles,Applied Agentic AI Program for SWEs,Applied Agentic AI for SWEs - 2nd Mid-May 2026,15-May-2026,DEPOSIT_PAID,has_dropped_out,Fully Paid,STRIPE_MANUAL_PAYMENT,Onboarded,Upfront Payment,Suraj
EdgeUp Step Up,9591177,America/New_York,EdgeUp 2026 Fullstack StepUp Program (with Agentic AI Interview Prep),Applied Agentic AI for SWEs - Early-June 2026,15-May-2026,ENROLLED_WITH_NO_DUES,has_paid_in_full,Fully Paid,PAYPAL,Onboarded,Upfront Payment,Manish
EdgeUp Step Up,210228501,America/Los_Angeles,EdgeUp Backend StepUp Program (with Agentic AI),Applied Agentic AI for SWEs - Early-June 2026,15-May-2026,ENROLLED_WITH_NO_DUES,has_paid_in_full,Fully Paid,STRIPE_CARD,VM - 4 Attempts,Upfront Payment,Anwesh
EdgeUp Step Up,6779621041,America/Los_Angeles,EdgeUp 2026 Backend StepUp Program (with Agentic AI Interview Prep),Applied Agentic AI for SWEs - Early-June 2026,15-May-2026,ENROLLED_WITH_NO_DUES,has_paid_in_full,Fully Paid,ACH_TRANSFER,Onboarded,Upfront Payment,Anwesh
Level Up,300000156303,America/New_York,Data Analyst & Business Analyst Interview Preparation Program,Data Analyst & Business Analyst Interview Prep - Early-June 2026,15-May-2026,DEPOSIT_PAID,has_dropped_out,has_time_to_pay,STRIPE_CARD,Onboarded,Non-Upfront Payment,Ajil
New ML,121391493265,America/Chicago,Machine Learning Program (with Agentic AI),Machine Learning Program - 2nd End-May 2026,15-May-2026,FULL_PAYMENT_PAID,has_paid_in_full,Fully Paid,CLIMBCREDIT,Onboarded,Upfront Payment,Arshia
EdgeUp Step Up,300000164230,America/Los_Angeles,EdgeUp 2026 Engineering Management StepUp Program (with Agentic AI Interview Prep),Applied Agentic AI for EM's - Early-June 2026,15-May-2026,FULL_PAYMENT_PAID,has_paid_in_full,Invalid,CLIMBCREDIT,Callback Requested,Upfront Payment,SSA-1
EdgeUp,300000166339,America/Chicago,EdgeUp 2026 Engineering Manager LevelUp Program (with Agentic AI Interview Prep),Applied Agentic AI for EM's - 2nd Mid-May 2026,15-May-2026,ENROLLED_WITH_NO_DUES,has_paid_in_full,Fully Paid,STRIPE_CARD,Onboarded,Upfront Payment,Anwesh
EdgeUp Step Up,300000167594,America/New_York,EdgeUp Product Manager (Tech) StepUp Program (with Agentic AI),Applied Agentic AI - Early-June 2026,15-May-2026,ENROLLED_WITH_NO_DUES,has_paid_in_full,Fully Paid,PAYPAL,Incomplete OB ,Upfront Payment,Manish
Fast Track ML,9299331,America/Los_Angeles,Fast Track Machine Learning Program,Self-Paced Machine Learning FastTrack,15-May-2026,FULL_PAYMENT_PAID,has_paid_in_full,Fully Paid,CLIMBCREDIT,VM - 4 Attempts,Upfront Payment,Arshia
EdgeUp Step Up,511636551,America/New_York,EdgeUp 2026 iOS StepUp Program (with Agentic AI Interview Prep),Applied Agentic AI for SWEs - Mid-June 2026,16-May-2026,ENROLLED_WITH_NO_DUES,has_paid_in_full,Fully Paid,CLIMBCREDIT,Onboarded,Upfront Payment,Zeeshan
EdgeUp Step Up,300000156966,America/Los_Angeles,EdgeUp 2026 Technical Program Manager StepUp Program (with Agentic AI Interview Prep),Applied Agentic AI - 2nd Mid-May 2026,15-May-2026,FULL_PAYMENT_PAID,has_paid_in_full,Fully Paid,CLIMBCREDIT,Onboarded,Upfront Payment,Sudhanshu
EdgeUp Step Up,42564401,America/New_York,EdgeUp Backend StepUp Program (with Agentic AI),Applied Agentic AI for SWEs - 2nd Mid-May 2026,16-May-2026,ENROLLED_WITH_NO_DUES,has_paid_in_full,Fully Paid,CLIMBCREDIT,Onboarded,Upfront Payment,Zeeshan
Agentic SkillUp,211348503057,America/New_York,Applied Agentic AI Program for SWEs,Applied Agentic AI for SWEs - Early-June 2026,17-May-2026,ENROLLED_WITH_NO_DUES,has_paid_in_full,Fully Paid,CLIMBCREDIT,Onboarded,Upfront Payment,Manish
EdgeUp,9252826,America/Los_Angeles,EdgeUp 2026 Backend LevelUp Program (with Agentic AI Interview Prep),Backend Interview Prep - Early-June 2026,17-May-2026,ENROLLED_WITH_NO_DUES,has_paid_in_full,Fully Paid,STRIPE_CARD,Onboarded,Upfront Payment,Anwesh
EdgeUp,176450851,America/Los_Angeles,EdgeUp 2026 Technical Program Manager LevelUp Program (with Agentic AI Interview Prep),TPM Interview Prep - Early-June 2026,17-May-2026,FULL_PAYMENT_PAID,has_paid_in_full,Refunded,CLIMBCREDIT,Onboarded,Upfront Payment,Anwesh
New ML,300000155447,America/New_York,Machine Learning Program (with Agentic AI),"Machine Learning Program - 2nd Mid-July 2026",17-May-2026,FULL_PAYMENT_PAID,has_paid_in_full,Fully Paid,CLIMBCREDIT,Onboarded,Upfront Payment,Pragya
EdgeUp,300000168045,America/Los_Angeles,EdgeUp Data Engineering LevelUp Program (with Agentic AI),Data Engineering Interview Prep - End-May 2026,17-May-2026,FULL_PAYMENT_PAID,has_paid_in_full,Refunded,CLIMBCREDIT,Onboarded,Upfront Payment,Anwesh
EdgeUp,252489251,America/New_York,EdgeUp 2026 Product Manager (Tech) LevelUp Program (with Agentic AI Interview Prep),Applied Agentic AI - Early-June 2026,18-May-2026,ENROLLED_WITH_NO_DUES,has_paid_in_full,Fully Paid,PAYPAL,Onboarded,Upfront Payment,Archi
New ML,503256051,America/New_York,Machine Learning Program (with Agentic AI),Machine Learning Program - 2nd End-May 2026,18-May-2026,ENROLLED,Flexipay_has_time_to_pay,Flexipay_has_time_to_pay,0_PERCENT_APR_FLEXIPAY,Onboarded Via Calendly,Flexipay,Anjali
EdgeUp,474315651,America/New_York,EdgeUp 2026 Data Engineering LevelUp Program (with Agentic AI Interview Prep),"Applied Agentic AI for SWEs - Early-June 2026",18-May-2026,FULL_PAYMENT_PAID,has_paid_in_full,Fully Paid,CLIMBCREDIT,Onboarded,Upfront Payment,Safoora
EdgeUp,453771411,America/New_York,EdgeUp 2026 Machine Learning LevelUp Program (with Agentic AI Interview Prep),Machine Learning Interview Prep - End-May 2026,18-May-2026,ENROLLED_WITH_NO_DUES,has_paid_in_full,Fully Paid,STRIPE_CARD,Onboarded,Upfront Payment,Zeeshan
Step Up,115557738149,America/Denver,Technical Program Manager Interview Prep Fast Track Program,Self-Paced TPM FastTrack,18-May-2026,ENROLLED_WITH_NO_DUES,has_paid_in_full,Fully Paid,PAYPAL,Onboarded,Upfront Payment,Samarth
New ML,211616807486,America/Chicago,Machine Learning Program (with Agentic AI),Machine Learning Program - 2nd End-May 2026,18-May-2026,FULL_PAYMENT_PAID,has_paid_in_full,Fully Paid,CLIMBCREDIT,Onboarded,Upfront Payment,Anjali
EdgeUp Step Up,300000165629,America/Chicago,EdgeUp 2026 Data Engineering StepUp Program (with Agentic AI Interview Prep),Applied Agentic AI for SWEs - Early-June 2026,18-May-2026,FULL_PAYMENT_PAID,has_paid_in_full,Fully Paid,CLIMBCREDIT,Onboarded,Upfront Payment,Archi
EdgeUp,9303077,America/New_York,EdgeUp Data Engineering LevelUp Program (with Agentic AI),Applied Agentic AI for SWEs - Mid-June 2026,18-May-2026,ENROLLED_WITH_NO_DUES,has_paid_in_full,Fully Paid,CLIMBCREDIT,Onboarded Via Calendly,Upfront Payment,Safoora
EdgeUp Step Up,482493401,America/New_York,EdgeUp 2026 Engineering Management StepUp Program (with Agentic AI Interview Prep),"Applied Agentic AI for EM's - Early-June 2026
",19-May-2026,ENROLLED_WITH_NO_DUES,has_paid_in_full,Fully Paid,ACH_TRANSFER,Onboarded,Upfront Payment,Zeeshan
New ML,143844530101,America/New_York,Machine Learning Program (with Agentic AI),Machine Learning Program - 2nd End-May 2026,19-May-2026,ENROLLED_WITH_NO_DUES,has_paid_in_full,Fully Paid,STRIPE_CARD,Onboarded,Upfront Payment,Samarth
EdgeUp Step Up,9592934,America/New_York,EdgeUp Engineering Management StepUp Program (with Agentic AI),Applied Agentic AI for EM's - 2nd Mid-May 2026,19-May-2026,FULL_PAYMENT_PAID,has_paid_in_full,Fully Paid,CLIMBCREDIT,Onboarded,Upfront Payment,Safoora
EdgeUp Step Up,526219851,America/Chicago,EdgeUp 2026 AWS Cloud Solutions Architect StepUp Program (with Agentic AI Interview Prep),Applied Agentic AI for EM's - Early-June 2026,19-May-2026,ENROLLED,has dropped out,Flexipay Refunded,Flexipay,Onboarded,Non-Upfront Payment,Sudhanshu
New ML,544924551,America/New_York,Machine Learning Program (with Agentic AI),Machine Learning Program - 2nd End-May 2026,19-May-2026,FULL_PAYMENT_PAID,has_paid_in_full,Fully Paid,CLIMBCREDIT,Onboarded,Upfront Payment,Ajil
EdgeUp,83778852635,America/Los_Angeles,EdgeUp 2026 Backend LevelUp Program (with Agentic AI Interview Prep),Backend Interview Prep - 2nd End-May 2026,19-May-2026,ENROLLED_WITH_NO_DUES,has_paid_in_full,Fully Paid,CLIMBCREDIT,Onboarded,Upfront Payment,Anwesh
EdgeUp Step Up,106740671750,America/Toronto,EdgeUp 2026 Android StepUp Program (with Agentic AI Interview Prep),"Applied Agentic AI for SWEs - Early-June 2026
",19-May-2026,ENROLLED_WITH_NO_DUES,has_paid_in_full,Fully Paid,PAYPAL,Onboarded,Upfront Payment,Zeeshan
Step Up,162992307775,America/Los_Angeles,Product Management Interview Prep Fast Track Program,Self-Paced Product Management FastTrack,19-May-2026,FULL_PAYMENT_PAID,has_paid_in_full,Fully Paid,CLIMBCREDIT,Onboarded,Upfront Payment,Kamal
New ML,165021757445,America/New_York,Machine Learning Program (with Agentic AI),Machine Learning Program - 2nd End-May 2026,19-May-2026,ENROLLED_WITH_NO_DUES,has_paid_in_full,Fully Paid,PAYPAL,Onboarded,Upfront Payment,Disha
EdgeUp,204264689993,America/Los_Angeles,EdgeUp 2026 Site Reliability Engineering & DevOps LevelUp Program (with Agentic AI Interview Prep),Applied Agentic AI for SWEs - Early-June 2026,19-May-2026,FULL_PAYMENT_PAID,has_paid_in_full,Fully Paid,CLIMBCREDIT,Onboarded,Upfront Payment,Sharon
EdgeUp Step Up,208696905986,America/Detroit,EdgeUp Data Engineering StepUp Program (with Agentic AI),"Applied Agentic AI for SWEs - 2nd End-August 2026
",19-May-2026,ENROLLED_WITH_NO_DUES,has_paid_in_full,Fully Paid,ACH_TRANSFER,Onboarded,Upfront Payment,Safoora
Step Up,212148699440,America/Los_Angeles,Engineering Management Interview Prep Fast Track Program,Self-Paced Engineering Management FastTrack,19-May-2026,ENROLLED_WITH_NO_DUES,has_paid_in_full,Fully Paid,STRIPE_CARD,Onboarded,Upfront Payment,Arshia
EdgeUp Step Up,300000163908,America/Chicago,EdgeUp 2026 Data Engineering StepUp Program (with Agentic AI Interview Prep),Applied Agentic AI for SWEs - Mid-June 2026,19-May-2026,FULL_PAYMENT_PAID,has_paid_in_full,Fully Paid,CLIMBCREDIT,Incomplete OB ,Upfront Payment,Sudhanshu
New ML,300000164174,America/New_York,Machine Learning Program (with Agentic AI),Machine Learning Program - 2nd End-May 2026,19-May-2026,ENROLLED_WITH_NO_DUES,has_paid_in_full,Fully Paid,CLIMBCREDIT,Onboarded,Upfront Payment,Anjali
Agentic SkillUp,497029701,America/Chicago,Applied Agentic AI Program for PM/TPM,Applied Agentic AI - Early-June 2026,20-May-2026,ENROLLED_WITH_NO_DUES,has_paid_in_full,Fully Paid,PAYPAL,Onboarded,Upfront Payment,Anwesh
EdgeUp,216296730226,America/Vancouver,EdgeUp 2026 Engineering Manager LevelUp Program (with Agentic AI Interview Prep),Applied Agentic AI for EM's - Early-June 2026,20-May-2026,ENROLLED_WITH_NO_DUES,has_paid_in_full,Fully Paid,ACH_TRANSFER,Onboarded,Upfront Payment,Sharon
Step Up,300000164047,America/Detroit,Technical Program Manager Interview Prep Fast Track Program,Self-Paced TPM FastTrack,20-May-2026,FULL_PAYMENT_PAID,has_paid_in_full,Fully Paid,CLIMBCREDIT,Onboarded,Upfront Payment,Samarth
Agentic SkillUp,9280398,America/Indiana/Indianapolis,Applied Agentic AI Program for SWEs,Applied Agentic AI for SWEs - Mid-June 2026,20-May-2026,ENROLLED_WITH_NO_DUES,has_paid_in_full,Fully Paid,KLARNA,Onboarded,Upfront Payment,Archi
Advanced ML,109306051,America/Los_Angeles,Advanced Machine Learning Program (with Agentic AI),Advanced Machine Learning Program - End-May 2026,21-May-2026,ENROLLED_WITH_NO_DUES,has_paid_in_full,Fully Paid,PAYPAL,VM/VM Not Setup,Upfront Payment,Arshia
New ML,500514351,America/Chicago,Machine Learning Program (with Agentic AI),Machine Learning Program - 2nd End-May 2026,20-May-2026,ENROLLED_WITH_NO_DUES,has_paid_in_full,Fully Paid,CLIMBCREDIT,Onboarded,Upfront Payment,Disha
Advanced ML,9261416,America/Los_Angeles,Advanced Machine Learning Program (with Agentic AI),Advanced Machine Learning Program - End-May 2026,20-May-2026,ENROLLED,has_time_to_pay,has_time_to_pay,STRIPE_CARD,VM - 4 Attempts,Non-Upfront Payment,Pragya
Agentic SkillUp,201201480311,America/New_York,Applied Agentic AI Program for SWEs,Applied Agentic AI for SWEs - Mid-June 2026,21-May-2026,ENROLLED_WITH_NO_DUES,has_paid_in_full,Fully Paid,STRIPE_MANUAL_PAYMENT,Onboarded,Upfront Payment,Manish
EdgeUp,300000166258,America/Los_Angeles,EdgeUp 2026 Technical Program Manager LevelUp Program (with Agentic AI Interview Prep),Applied Agentic AI for SWEs - Mid-June 2026,20-May-2026,FULL_PAYMENT_PAID,has_paid_in_full,Fully Paid,CLIMBCREDIT,Onboarded,Upfront Payment,Archi
Agentic SkillUp,460469101,America/Los_Angeles,Applied Agentic AI Program for SWEs,"Applied Agentic AI for SWEs - Mid-June 2026",20-May-2026,ENROLLED_WITH_NO_DUES,has_paid_in_full,Fully Paid,STRIPE_CARD,Onboarded,Upfront Payment,Manish
EdgeUp,300000169645,America/Chicago,EdgeUp 2026 Technical Program Manager LevelUp Program (with Agentic AI Interview Prep),Applied Agentic AI - Early-June 2026,20-May-2026,ENROLLED,Flexipay_has_time_to_pay,Flexipay_has_time_to_pay,0_PERCENT_APR_FLEXIPAY,Onboarded,Flexipay,Archi
EdgeUp,300000170436,America/New_York,EdgeUp Security Engineering LevelUp Program (with Agentic AI),Applied Agentic AI for SWEs - Mid-June 2026,20-May-2026,ENROLLED_WITH_NO_DUES,has_paid_in_full,Fully Paid,CLIMBCREDIT,Onboarded,Upfront Payment,Manish
Agentic SkillUp,29987451,America/Los_Angeles,Applied Agentic AI Program for SWEs,Applied Agentic AI for SWEs - Early-June 2026,21-May-2026,FULL_PAYMENT_PAID,has_paid_in_full,Fully Paid,STRIPE_CARD,Onboarded Via Calendly,Upfront Payment,Suraj
New ML,187867719834,America/Los_Angeles,Machine Learning Program (with Agentic AI),Machine Learning Program - 2nd End-May 2026,20-May-2026,ENROLLED_WITH_NO_DUES,has_paid_in_full,Fully Paid,CLIMBCREDIT,Onboarded,Upfront Payment,Sanjana
EdgeUp Step Up,300000169859,America/Chicago,EdgeUp 2026 AWS Cloud Solutions Architect StepUp Program (with Agentic AI Interview Prep),Applied Agentic AI for SWEs - Early-June 2026,21-May-2026,ENROLLED_WITH_NO_DUES,has_paid_in_full,Fully Paid,STRIPE_CARD,Onboarded,Upfront Payment,Suraj
Step Up,300000170812,America/Los_Angeles,Test Engineering Interview Prep Fast Track Program,Self-Paced Test Engineering FastTrack,21-May-2026,ENROLLED_WITH_NO_DUES,has_paid_in_full,Fully Paid,PAYPAL,Onboarded,Upfront Payment,Sanjana
EdgeUp,9546574,America/Los_Angeles,EdgeUp 2026 Embedded Systems LevelUp Program (with Agentic AI Interview Prep),Applied Agentic AI for SWEs - Early-June 2026,22-May-2026,ENROLLED_WITH_NO_DUES,has_paid_in_full,Fully Paid,ACH_TRANSFER,VM - 4 Attempts,Upfront Payment,Suraj
EdgeUp,9637718,America/New_York,EdgeUp Technical Program Manager LevelUp Program (with Agentic AI),Applied Agentic AI - Early-June 2026,22-May-2026,ENROLLED_WITH_NO_DUES,has_paid_in_full,Fully Paid,PAYPAL,Onboarded,Upfront Payment,Archi
Fast Track ML,535620201,America/Chicago,Fast Track Machine Learning Program,Fast Track Machine Learning Program,22-May-2026,FULL_PAYMENT_PAID,has_paid_in_full,Fully Paid,CLIMBCREDIT,Onboarded,Upfront Payment,Disha
Level Up,149384954988,America/Los_Angeles,Backend Engineering Interview Prep Program,Backend Interview Prep - 2nd End-May 2026,22-May-2026,ENROLLED_WITH_NO_DUES,has_paid_in_full,Fully Paid,ACH_TRANSFER,Onboarded,Upfront Payment,Kamal
Advanced ML,176477783554,America/Chicago,Advanced Machine Learning Program (with Agentic AI),Advanced Machine Learning Program - 2nd End-March 2026,20-May-2026,ENROLLED,refunded,Invalid,,Yet to Connect,,SSA-1
Level Up,27247026,America/New_York,Early Engineering Interview Prep Program,Early Engineering - Early-July 2026,22-May-2026,ENROLLED,has_time_to_pay,has_time_to_pay,STRIPE_CARD,Onboarded,Non-Upfront Payment,Ajil
New ML,429665501,America/Los_Angeles,Machine Learning Program (with Agentic AI),Machine Learning Program - 2nd Mid-July 2026,22-May-2026,ENROLLED_WITH_NO_DUES,has_paid_in_full,Fully Paid,STRIPE_CARD,Onboarded,Upfront Payment,Sanjana
EdgeUp Step Up,528130051,America/Los_Angeles,EdgeUp 2026 Test Engineering StepUp Program (with Agentic AI Interview Prep),Applied Agentic AI for SWEs - Mid-June 2026,22-May-2026,FULL_PAYMENT_PAID,has_paid_in_full,Fully Paid,CLIMBCREDIT,Onboarded,Upfront Payment,Anwesh
Fast Track ML,582820051,America/New_York,Fast Track Machine Learning Program,Fast Track Machine Learning Program,22-May-2026,FULL_PAYMENT_PAID,has_paid_in_full,Fully Paid,CLIMBCREDIT,Onboarded,Upfront Payment,Disha
New ML,9641142,America/Los_Angeles,Machine Learning Program (with Agentic AI),Machine Learning Program - 2nd Mid-July 2026,22-May-2026,ENROLLED_WITH_NO_DUES,has_paid_in_full,Fully Paid,ACH_TRANSFER,Onboarded,Upfront Payment,Arshia
EdgeUp,153662169662,America/Los_Angeles,EdgeUp 2026 Engineering Manager LevelUp Program (with Agentic AI Interview Prep),Applied Agentic AI for EM's - Early-June 2026,22-May-2026,ENROLLED,Flexipay_has_time_to_pay,Flexipay_has_time_to_pay,0_PERCENT_APR_FLEXIPAY,Onboarded,Flexipay,Anwesh
EdgeUp,210874653854,America/New_York,EdgeUp 2026 Test Engineering LevelUp Program (with Agentic AI Interview Prep),Applied Agentic AI for SWEs - Mid-June 2026,22-May-2026,ENROLLED,Flexipay_has_time_to_pay,Refunded,0_PERCENT_APR_FLEXIPAY,Onboarded,Flexipay,Manish
Agentic SkillUp,212254876806,America/Denver,Applied Agentic AI Program,"
Applied Agentic AI - Early-June 2026",22-May-2026,DEPOSIT_PAID,Flexipay_has_time_to_pay,Flexipay_has_time_to_pay,0_PERCENT_APR_FLEXIPAY,Onboarded,Flexipay,Anwesh
Agentic SkillUp,14193201,America/Los_Angeles,Applied Agentic AI Program for SWEs,Applied Agentic AI for SWEs - Mid-June 2026,23-May-2026,ENROLLED_WITH_NO_DUES,has_paid_in_full,Invalid,STRIPE_MANUAL_PAYMENT,Yet to Connect,,SSA-1
New ML,178327802022,America/New_York,Machine Learning Program (with Agentic AI),Machine Learning Program - 2nd End-May 2026,23-May-2026,ENROLLED,Flexipay_has_time_to_pay,Flexipay_has_time_to_pay,0_PERCENT_APR_FLEXIPAY,Onboarded,Flexipay,Disha
EdgeUp Step Up,14240184,America/Los_Angeles,EdgeUp 2026 Data Engineering StepUp Program (with Agentic AI Interview Prep),Applied Agentic AI for SWEs - Early-June 2026,24-May-2026,ENROLLED_WITH_NO_DUES,has_paid_in_full,Fully Paid,ACH_TRANSFER,Onboarded,Upfront Payment,Sharon
Advanced ML,127910856745,America/New_York,Advanced Machine Learning Program (with Agentic AI),Advanced Machine Learning Program - End-May 2026,23-May-2026,ENROLLED,Flexipay_has_time_to_pay,Flexipay_has_time_to_pay,0_PERCENT_APR_FLEXIPAY,VM - 4 Attempts,Flexipay,Samarth
Advanced ML,9547414,America/New_York,Advanced Machine Learning Program (with Agentic AI),Advanced Machine Learning Program - 2nd Mid-August 2026,24-May-2026,FULL_PAYMENT_PAID,has_paid_in_full,Fully Paid,CLIMBCREDIT,Onboarded,Upfront Payment,Anjali
Agentic SkillUp,459348601,America/Chicago,Applied Agentic AI Program for SWEs,Applied Agentic AI for SWEs - Mid-June 2026,24-May-2026,FULL_PAYMENT_PAID,has_paid_in_full,Fully Paid,STRIPE_CARD,VM - 4 Attempts,Upfront Payment,Anwesh
EdgeUp,300000167620,America/Los_Angeles,EdgeUp 2026 Fullstack LevelUp Program (with Agentic AI Interview Prep),Fullstack Interview Prep - 2nd End-May 2026,24-May-2026,ENROLLED_WITH_NO_DUES,has_paid_in_full,Fully Paid,ACH_TRANSFER,Onboarded,Upfront Payment,Anwesh
EdgeUp,300000170762,America/New_York,EdgeUp 2026 Fullstack LevelUp Program (with Agentic AI Interview Prep),"Applied Agentic AI for SWEs - Mid-June 2026",24-May-2026,FULL_PAYMENT_PAID,has_paid_in_full,Fully Paid,CLIMBCREDIT,VM - 4 Attempts,Upfront Payment,Safoora
New ML,468332051,America/New_York,Machine Learning Program (with Agentic AI),Machine Learning Program - 2nd End-May 2026,25-May-2026,ENROLLED,Flexipay_has_time_to_pay,Flexipay_has_time_to_pay,0_PERCENT_APR_FLEXIPAY,Onboarded,Flexipay,Samarth
New ML,104906351413,America/Chicago,Machine Learning Program (with Agentic AI),Machine Learning Program - Early-August 2027,25-May-2026,FULL_PAYMENT_PAID,has_paid_in_full,Fully Paid,CLIMBCREDIT,Onboarded,Upfront Payment,Anjali
EdgeUp Step Up,192286171151,America/New_York,EdgeUp 2026 Engineering Management StepUp Program (with Agentic AI Interview Prep),Applied Agentic AI for SWEs - Early-June 2026,25-May-2026,ENROLLED_WITH_NO_DUES,has_paid_in_full,Fully Paid,CLIMBCREDIT,Onboarded,Upfront Payment,Archi
EdgeUp,300000163540,America/Los_Angeles,EdgeUp 2026 Data Engineering LevelUp Program (with Agentic AI Interview Prep),Applied Agentic AI for SWEs - Early-June 2026,25-May-2026,ENROLLED_WITH_NO_DUES,has_paid_in_full,Fully Paid,ACH_TRANSFER,Onboarded,Upfront Payment,Nishtha
EdgeUp,300000170900,America/Chicago,EdgeUp 2026 Engineering Manager LevelUp Program (with Agentic AI Interview Prep),Applied Agentic AI for EM's - Early-June 2026,25-May-2026,FULL_PAYMENT_PAID,has_paid_in_full,Fully Paid,CLIMBCREDIT,Onboarded,Upfront Payment,Zeeshan
EdgeUp Step Up,300000173293,America/Chicago,EdgeUp 2026 Backend StepUp Program (with Agentic AI Interview Prep),Self-Paced Backend FastTrack,25-May-2026,ENROLLED_WITH_NO_DUES,has_paid_in_full,Fully Paid,CLIMBCREDIT,Onboarded,Upfront Payment,Archi
EdgeUp,9269904,America/Los_Angeles,EdgeUp 2026 Technical Program Manager LevelUp Program (with Agentic AI Interview Prep),Applied Agentic AI - Early-June 2026,25-May-2026,ENROLLED_WITH_NO_DUES,has_paid_in_full,Fully Paid,ACH_TRANSFER,VM - 4 Attempts,Upfront Payment,Nishtha
Agentic SkillUp,9555409,America/Detroit,AI Engineering,Applied Agentic AI for SWEs - Mid-June 2026,25-May-2026,ENROLLED_WITH_NO_DUES,has_paid_in_full,Fully Paid,KLARNA,Onboarded,Upfront Payment,Anwesh
EdgeUp Step Up,59521885509,America/New_York,EdgeUp Backend StepUp Program (with Agentic AI),Applied Agentic AI for SWEs - Mid-June 2026,25-May-2026,FULL_PAYMENT_PAID,has_paid_in_full,Fully Paid,CLIMBCREDIT,Onboarded,Upfront Payment,Zeeshan
EdgeUp,209939141638,America/Chicago,EdgeUp 2026 Test Engineering LevelUp Program (with Agentic AI Interview Prep),Applied Agentic AI for SWEs - 2nd Mid-June 2026,25-May-2026,ENROLLED_WITH_NO_DUES,has_paid_in_full,Fully Paid,CLIMBCREDIT,Onboarded,Upfront Payment,Anwesh
New ML,300000167046,America/New_York,Machine Learning Program (with Agentic AI),Machine Learning Program - 2nd End-May 2026,25-May-2026,FULL_PAYMENT_PAID,has_paid_in_full,Fully Paid,CLIMBCREDIT,Onboarded,Upfront Payment,Anjali
Agentic SkillUp,9285863,America/Los_Angeles,AI Engineering,Applied Agentic AI for SWEs - Mid-June 2026,26-May-2026,ENROLLED_WITH_NO_DUES,has_paid_in_full,Fully Paid,PAYPAL,Onboarded,Upfront Payment,Nishtha
EdgeUp Step Up,9597592,America/Los_Angeles,EdgeUp 2026 Backend StepUp Program (with Agentic AI Interview Prep),Applied Agentic AI for SWEs - Early-June 2026,26-May-2026,FULL_PAYMENT_PAID,INVALID,Invalid,CLIMBCREDIT,Invalid,Upfront Payment,Suraj
EdgeUp Step Up,9604750,America/Los_Angeles,EdgeUp 2026 Test Engineering StepUp Program (with Agentic AI Interview Prep),Applied Agentic AI for SWEs - Mid-June 2026,26-May-2026,ENROLLED_WITH_NO_DUES,has_paid_in_full,,STRIPE_MANUAL_PAYMENT,Yet to Connect,,SSA-1
Level Up,64578751,America/Los_Angeles,Backend Engineering Interview Prep Program,Backend Interview Prep - 2nd End-May 2026,26-May-2026,FULL_PAYMENT_PAID,has_paid_in_full,Fully Paid,CLIMBCREDIT,Onboarded,Upfront Payment,Kamal
EdgeUp,79174901,America/Chicago,EdgeUp 2026 Engineering Manager LevelUp Program (with Agentic AI Interview Prep),Applied Agentic AI for EM's - Early-June 2026,25-May-2026,ENROLLED_WITH_NO_DUES,refunded,Refunded,STRIPE_CARD,VM - 4 Attempts,Upfront Payment,Manish
EdgeUp Step Up,529803601,America/Phoenix,EdgeUp 2026 Android StepUp Program (with Agentic AI Interview Prep),Applied Agentic AI for SWEs - Mid-July 2026,26-May-2026,ENROLLED_WITH_NO_DUES,has_paid_in_full,Fully Paid,PAYPAL,Onboarded,Upfront Payment,Manish
EdgeUp,300000166402,America/Los_Angeles,EdgeUp 2026 Engineering Manager LevelUp Program (with Agentic AI Interview Prep),Engineering Management Interview Prep - Early-June 2026,26-May-2026,ENROLLED_WITH_NO_DUES,has_paid_in_full,Fully Paid,STRIPE_CARD,Onboarded,Upfront Payment,Sharon
EdgeUp,300000169994,America/Chicago,EdgeUp Engineering Manager LevelUp Program (with Agentic AI),,25-May-2026,FULL_PAYMENT_PAID,INVALID,Invalid,CLIMBCREDIT,Invalid,Upfront Payment,Zeeshan
New ML,300000173665,America/New_York,Machine Learning Program (with Agentic AI),Machine Learning Program - 2nd Mid-July 2026,26-May-2026,FULL_PAYMENT_PAID,INVALID,Invalid,CLIMBCREDIT,Invalid,Upfront Payment,Samarth
EdgeUp,9304671,America/Chicago,EdgeUp 2026 Backend LevelUp Program (with Agentic AI Interview Prep),Applied Agentic AI for SWEs - Mid-June 2026,26-May-2026,FULL_PAYMENT_PAID,has_paid_in_full,Fully Paid,CLIMBCREDIT,Onboarded,Upfront Payment,Archi
EdgeUp,79987796136,America/Chicago,EdgeUp 2026 AWS Cloud Solutions Architect LevelUp Program (with Agentic AI Interview Prep),"Applied Agentic AI for SWEs - Early-July 2026",26-May-2026,DEPOSIT_PAID,has_dropped_out,Dropped Out,STRIPE_MANUAL_PAYMENT,Onboarded,Non-Upfront Payment,Safoora
Level Up,121217164921,America/Los_Angeles,Data Science Interview Prep Program,Data Science Interview Prep - End-May 2026,26-May-2026,FULL_PAYMENT_PAID,has_paid_in_full,Fully Paid,CLIMBCREDIT,Onboarded,Upfront Payment,Kamal
EdgeUp Step Up,300000167483,America/New_York,EdgeUp 2026 Engineering Management StepUp Program (with Agentic AI Interview Prep),"Applied Agentic AI for EM's - Early-July 2026",26-May-2026,FULL_PAYMENT_PAID,has_paid_in_full,Fully Paid,CLIMBCREDIT,Onboarded,Upfront Payment,Archi
EdgeUp,300000170867,America/Chicago,EdgeUp 2026 Fullstack LevelUp Program (with Agentic AI Interview Prep),"Applied Agentic AI for SWEs - Mid-June 2026",26-May-2026,FULL_PAYMENT_PAID,has_paid_in_full,Fully Paid,PROPELLD,Onboarded,Upfront Payment,Safoora
EdgeUp,300000172987,America/New_York,EdgeUp 2026 Backend LevelUp Program (with Agentic AI Interview Prep),Applied Agentic AI for SWEs - Early-June 2026,26-May-2026,ENROLLED,has_time_to_pay,Fully Paid,STRIPE_MANUAL_PAYMENT,Onboarded,Upfront Payment,Archi
Fast Track ML,300000174897,America/Los_Angeles,Fast Track Machine Learning Program,Self-Paced Machine Learning FastTrack,26-May-2026,FULL_PAYMENT_PAID,has_paid_in_full,Fully Paid,CLIMBCREDIT,Onboarded,Upfront Payment,Arshia
EdgeUp,34736725,America/Chicago,EdgeUp 2026 Backend LevelUp Program (with Agentic AI Interview Prep),Backend Interview Prep - 2nd End-May 2026,27-May-2026,ENROLLED,Flexipay_has_time_to_pay,Flexipay_has_time_to_pay,0_PERCENT_APR_FLEXIPAY,Onboarded,Flexipay,Safoora
EdgeUp Step Up,114221451,America/Los_Angeles,EdgeUp 2026 Technical Program Manager StepUp Program (with Agentic AI Interview Prep),Applied Agentic AI for SWEs - Mid-June 2026,27-May-2026,ENROLLED_WITH_NO_DUES,has_paid_in_full,Fully Paid,PAYPAL,Onboarded Via Calendly,Upfront Payment,Nishtha
EdgeUp,234395451,America/Chicago,EdgeUp 2026 Backend LevelUp Program (with Agentic AI Interview Prep),Applied Agentic AI for SWEs - Mid-June 2026,27-May-2026,ENROLLED_WITH_NO_DUES,has_paid_in_full,Fully Paid,STRIPE_CARD,Onboarded,Upfront Payment,Archi
EdgeUp,366492751,America/Los_Angeles,EdgeUp 2026 Engineering Manager LevelUp Program (with Agentic AI Interview Prep),Applied Agentic AI for EM's - Early-June 2026,26-May-2026,ENROLLED_WITH_NO_DUES,has_paid_in_full,Fully Paid,,VM - 4 Attempts,Upfront Payment,Anwesh
EdgeUp,443549351,America/Los_Angeles,EdgeUp 2026 Embedded Systems LevelUp Program (with Agentic AI Interview Prep),Embedded Systems Interview Prep - Early-June 2026,27-May-2026,DEPOSIT_PAID,has_dropped_out,Fully Paid,STRIPE_MANUAL_PAYMENT,Onboarded,Upfront Payment,Sharon
Step Up,190977927222,America/Chicago,Data Engineering Interview Prep Fast Track Program,Self-Paced Data Engineering FastTrack,27-May-2026,ENROLLED_WITH_NO_DUES,has_paid_in_full,Fully Paid,CLIMBCREDIT,Onboarded,Upfront Payment,Disha
Agentic SkillUp,300000170896,America/Los_Angeles,Applied Agentic AI Program for Data Engineers,Applied Agentic AI for SWEs - Mid-June 2026,27-May-2026,ENROLLED_WITH_NO_DUES,has_paid_in_full,Fully Paid,,Onboarded,Upfront Payment,Nishtha
New ML,300000172755,America/Los_Angeles,Machine Learning Program (with Agentic AI),"Machine Learning Program - 2nd End-May 2026
",26-May-2026,ENROLLED_WITH_NO_DUES,has_paid_in_full,Fully Paid,CLIMBCREDIT,Onboarded,Upfront Payment,Pragya
New ML,300000172998,America/New_York,Machine Learning Program (with Agentic AI),Machine Learning Program - 2nd Mid-July 2026,27-May-2026,ENROLLED_WITH_NO_DUES,has_paid_in_full,Fully Paid,CLIMBCREDIT,Onboarded,Upfront Payment,Ajil
Advanced ML,300000175796,America/New_York,Advanced Machine Learning Program (with Agentic AI),Advanced Machine Learning Program - 2nd Mid-August 2026,27-May-2026,ENROLLED,Flexipay_has_time_to_pay,Flexipay_has_time_to_pay,0_PERCENT_APR_FLEXIPAY,Onboarded,Flexipay,Safoora
EdgeUp Step Up,300000175843,America/Chicago,EdgeUp Engineering Management StepUp Program (with Agentic AI),"Applied Agentic AI for EM's - Early-July 2026",27-May-2026,INVALID,INVALID,Invalid,CLIMBCREDIT,Invalid,Upfront Payment,Archi
Step Up,300000176268,America/Chicago,Fullstack Interview Prep Fast Track Program,Self-Paced Fullstack FastTrack,27-May-2026,ENROLLED_WITH_NO_DUES,has_paid_in_full,Fully Paid,CLIMBCREDIT,Onboarded,Upfront Payment,Disha
EdgeUp,9281351,America/New_York,EdgeUp 2026 AWS Cloud Solutions Architect LevelUp Program (with Agentic AI Interview Prep),Applied Agentic AI for SWEs - Mid-June 2026,27-May-2026,ENROLLED_WITH_NO_DUES,has_paid_in_full,Fully Paid,PAYPAL,Onboarded,Upfront Payment,Manish
Level Up,9292847,America/New_York,Backend Engineering Interview Prep Program,Backend Interview Prep - Early-June 2026,27-May-2026,ENROLLED_WITH_NO_DUES,has_paid_in_full,Fully Paid,CLIMBCREDIT,Onboarded,Upfront Payment,Anjali
EdgeUp Step Up,9295856,America/Los_Angeles,EdgeUp 2026 Fullstack StepUp Program (with Agentic AI Interview Prep),Applied Agentic AI for SWEs - Mid-June 2026,27-May-2026,ENROLLED_WITH_NO_DUES,has_paid_in_full,Fully Paid,PAYPAL,Onboarded,Upfront Payment,Archi
EdgeUp Step Up,9301949,America/New_York,EdgeUp Test Engineering StepUp Program (with Agentic AI),Applied Agentic AI for SWEs - Mid-June 2026,27-May-2026,ENROLLED_WITH_NO_DUES,has_paid_in_full,Fully Paid,PAYPAL,Onboarded,Upfront Payment,Archi
EdgeUp,9271239,America/Los_Angeles,EdgeUp 2026 Engineering Manager LevelUp Program (with Agentic AI Interview Prep),Applied Agentic AI for EM's - Early-July 2026,27-May-2026,ENROLLED_WITH_NO_DUES,has_paid_in_full,Fully Paid,ACH_TRANSFER,Onboarded,Upfront Payment,Manish
Level Up,25855248412,America/Los_Angeles,Fullstack Engineering Interview Prep Program,Fullstack Interview Prep - Early-June 2026,27-May-2026,ENROLLED_WITH_NO_DUES,has_paid_in_full,Fully Paid,CLIMBCREDIT,Onboarded,Upfront Payment,Arshia
FDE Full program,116008777604,America/Detroit,Forward Deployed Engineering Program,Forward Deployed Engineering - 2nd Mid-June 2026,27-May-2026,ENROLLED_WITH_NO_DUES,has_paid_in_full,Fully Paid,CLIMBCREDIT,Onboarded,Upfront Payment,Manish
EdgeUp Step Up,161112848957,America/Phoenix,EdgeUp 2026 Machine Learning StepUp Program (with Agentic AI Interview Prep),Applied Agentic AI for SWEs - Mid-June 2026,28-May-2026,ENROLLED_WITH_NO_DUES,has_paid_in_full,Fully Paid,ACH_TRANSFER,Onboarded,Upfront Payment,Nishtha
EdgeUp,300000155061,America/Los_Angeles,EdgeUp 2026 Technical Program Manager LevelUp Program (with Agentic AI Interview Prep),TPM Interview Prep - Early-June 2026,28-May-2026,ENROLLED_WITH_NO_DUES,has_paid_in_full,Fully Paid,STRIPE_CARD,Onboarded,Upfront Payment,Manish
EdgeUp,300000160075,America/New_York,EdgeUp 2026 Product Manager (Tech) LevelUp Program (with Agentic AI Interview Prep),Applied Agentic AI - Early-June 2026,27-May-2026,ENROLLED_WITH_NO_DUES,has_paid_in_full,Fully Paid,PAYPAL,Onboarded,Upfront Payment,Archi
Agentic SkillUp,300000163646,America/New_York,Applied Agentic AI Program for SWEs,Applied Agentic AI for SWEs - Mid-June 2026,27-May-2026,ENROLLED_WITH_NO_DUES,has_paid_in_full,Fully Paid,STRIPE_CARD,Onboarded,Upfront Payment,Manish
Agentic SkillUp,300000175735,America/Chicago,Applied Agentic AI Program,Applied Agentic AI - 2nd Mid-June 2026,27-May-2026,ENROLLED_WITH_NO_DUES,has_paid_in_full,Fully Paid,CLIMBCREDIT,Onboarded,Upfront Payment,Archi
EdgeUp,300000168733,America/Los_Angeles,EdgeUp 2026 Data Engineering LevelUp Program (with Agentic AI Interview Prep),Applied Agentic AI for SWEs - Early-June 2026,28-May-2026,ENROLLED,Flexipay_has_time_to_pay,Flexipay_has_time_to_pay,0_PERCENT_APR_FLEXIPAY,Onboarded Via Calendly,Upfront Payment,Suraj
Agentic SkillUp,300000172495,America/Los_Angeles,Applied Agentic AI Program for PM/TPM,Applied Agentic AI for EM's - Early-June 2026,28-May-2026,ENROLLED_WITH_NO_DUES,has_paid_in_full,Fully Paid,STRIPE_CARD,Onboarded,Upfront Payment,Suraj
EdgeUp,300000176702,America/Chicago,EdgeUp Machine Learning LevelUp Program (with Agentic AI),Applied Agentic AI for SWEs - Mid-June 2026,28-May-2026,ENROLLED_WITH_NO_DUES,has_paid_in_full,Fully Paid,STRIPE_CARD,Onboarded,Upfront Payment,Ajil
Agentic SkillUp,300000176786,America/Los_Angeles,Applied Agentic AI Program for SWEs,Applied Agentic AI for SWEs - Mid-June 2026,28-May-2026,FULL_PAYMENT_PAID,has_paid_in_full,Fully Paid,CLIMBCREDIT,Onboarded,Upfront Payment,Suraj
Step Up,92665401,America/Chicago,Product Management Interview Prep Fast Track Program,Self-Paced Product Management FastTrack,29-May-2026,FULL_PAYMENT_PAID,has_paid_in_full,Fully Paid,CLIMBCREDIT,Onboarded,Upfront Payment,Ajil
EdgeUp,9265472,America/Los_Angeles,EdgeUp 2026 Engineering Manager LevelUp Program (with Agentic AI Interview Prep),Engineering Management Interview Prep - Early-June 2026,29-May-2026,ENROLLED_WITH_NO_DUES,has_paid_in_full,Fully Paid,PAYPAL,Onboarded,Upfront Payment,Sanjana
EdgeUp,425249251,America/New_York,EdgeUp 2026 Engineering Manager LevelUp Program (with Agentic AI Interview Prep),Engineering Management Interview Prep - Early-June 2026,29-May-2026,ENROLLED,Flexipay_has_time_to_pay,Flexipay_has_time_to_pay,0_PERCENT_APR_FLEXIPAY,Onboarded,Flexipay,Ajil
Agentic SkillUp,8330421307,America/Los_Angeles,Applied Agentic AI Program for SWEs,Applied Agentic AI for SWEs - Mid-June 2026,28-May-2026,ENROLLED_WITH_NO_DUES,has_paid_in_full,Fully Paid,CLIMBCREDIT,Onboarded,Upfront Payment,Sanjana
EdgeUp,47694377735,America/Boise,EdgeUp Technical Program Manager LevelUp Program (with Agentic AI),Applied Agentic AI - Early-July 2026,29-May-2026,FULL_PAYMENT_PAID,has_paid_in_full,Fully Paid,CLIMBCREDIT,Onboarded,Upfront Payment,Sanjana
New ML,83525898047,America/Chicago,Machine Learning Program (with Agentic AI),Machine Learning Program - 2nd Mid-July 2026,29-May-2026,FULL_PAYMENT_PAID,has_paid_in_full,Fully Paid,STRIPE_MANUAL_PAYMENT,Onboarded,Upfront Payment,Disha
New ML,156296847651,America/Chicago,Machine Learning Program (with Agentic AI),Machine Learning Program - 2nd End-May 2026,29-May-2026,ENROLLED_WITH_NO_DUES,has_paid_in_full,Fully Paid,PAYPAL,Onboarded,Upfront Payment,Anjali
Level Up,300000167953,America/New_York,Backend Engineering Interview Prep Program,Backend Interview Prep - Early-June 2026,29-May-2026,ENROLLED_WITH_NO_DUES,has_paid_in_full,Fully Paid,ACH_TRANSFER,Onboarded,Upfront Payment,Anjali
Agentic SkillUp,300000177033,America/Los_Angeles,Applied Agentic AI Program for EM,Applied Agentic AI for EM's - Early-June 2026,29-May-2026,FULL_PAYMENT_PAID,has_paid_in_full,Fully Paid,ACH_TRANSFER,Onboarded,Upfront Payment,Sanjana
Agentic SkillUp,64918314420,America/New_York,Applied Agentic AI Program,Applied Agentic AI for EM's - Early-July 2026,29-May-2026,ENROLLED_WITH_NO_DUES,has_paid_in_full,Fully Paid,ACH_TRANSFER,Onboarded,Upfront Payment,Safoora
EdgeUp Step Up,14388001,America/Los_Angeles,EdgeUp Test Engineering StepUp Program (with Agentic AI),Applied Agentic AI for SWEs - Mid-June 2026,30-May-2026,ENROLLED_WITH_NO_DUES,has_paid_in_full,Fully Paid,PAYPAL,Onboarded,Upfront Payment,Suraj
EdgeUp,205962753933,America/New_York,EdgeUp 2026 Test Engineering LevelUp Program (with Agentic AI Interview Prep),"Applied Agentic AI for SWEs - 2nd Mid-June 2026
",29-May-2026,FULL_PAYMENT_PAID,has_paid_in_full,Fully Paid,CLIMBCREDIT,Onboarded,Upfront Payment,Safoora
EdgeUp Step Up,300000156639,America/New_York,EdgeUp 2026 Engineering Management StepUp Program (with Agentic AI Interview Prep),"Applied Agentic AI for EM's - Early-June 2026
",29-May-2026,ENROLLED_WITH_NO_DUES,has_paid_in_full,Fully Paid,ACH_TRANSFER,Onboarded,Upfront Payment,Safoora
New ML,300000175763,America/New_York,Machine Learning Program (with Agentic AI),Machine Learning Program - 2nd Mid-July 2026,30-May-2026,ENROLLED_WITH_NO_DUES,has_paid_in_full,Fully Paid,CLIMBCREDIT,Onboarded,Upfront Payment,Samarth
EdgeUp,300000176414,America/New_York,EdgeUp 2026 Data Analyst & Business Analyst LevelUp Program (with Agentic AI Interview Prep),Applied Agentic AI for SWEs - Mid-June 2026,30-May-2026,ENROLLED_WITH_NO_DUES,has_paid_in_full,Fully Paid,CLIMBCREDIT,Onboarded,Upfront Payment,Samarth
EdgeUp Step Up,300000176891,America/New_York,EdgeUp 2026 Fullstack StepUp Program (with Agentic AI Interview Prep),Applied Agentic AI for SWEs - Early-August 2026,29-May-2026,ENROLLED_WITH_NO_DUES,has_paid_in_full,Fully Paid,CLIMBCREDIT,Onboarded,Upfront Payment,Ajil
EdgeUp Step Up,300000177407,America/New_York,EdgeUp Fullstack StepUp Program (with Agentic AI),Applied Agentic AI for SWEs - Mid-June 2026,29-May-2026,ENROLLED_WITH_NO_DUES,has_paid_in_full,Fully Paid,STRIPE_CARD,Callback Requested,Upfront Payment,Disha
EdgeUp,558277351,America/Los_Angeles,EdgeUp Engineering Manager LevelUp Program (with Agentic AI),Applied Agentic AI for EM's - Early-June 2026,31-May-2026,ENROLLED_WITH_NO_DUES,has_paid_in_full,Fully Paid,STRIPE_CARD,Onboarded,Upfront Payment,Sharon
New ML,150048825726,America/New_York,Machine Learning Program (with Agentic AI),Machine Learning Program - 2nd End-May 2026,30-May-2026,ENROLLED_WITH_NO_DUES,has_paid_in_full,Fully Paid,CLIMBCREDIT,Onboarded,Upfront Payment,Samarth
EdgeUp Step Up,206234883994,America/Chicago,EdgeUp 2026 Data Engineering StepUp Program (with Agentic AI Interview Prep),"Applied Agentic AI for SWEs - Mid-June 2026",30-May-2026,FULL_PAYMENT_PAID,has_paid_in_full,Fully Paid,CLIMBCREDIT,Onboarded,Upfront Payment,Disha
Step Up,300000172366,America/Indiana/Indianapolis,Data Engineering Interview Prep Fast Track Program,Self-Paced Data Engineering FastTrack,31-May-2026,ENROLLED_WITH_NO_DUES,has_paid_in_full,Fully Paid,CLIMBCREDIT,Onboarded,Upfront Payment,Anjali
EdgeUp,9282930,America/Los_Angeles,EdgeUp 2026 Test Engineering LevelUp Program (with Agentic AI Interview Prep),Test Engineering DSA Interview Prep - Early-June 2026,31-May-2026,ENROLLED_WITH_NO_DUES,has_paid_in_full,Fully Paid,ACH_TRANSFER,Onboarded,Upfront Payment,Sanjana
EdgeUp Step Up,9272994,America/Los_Angeles,EdgeUp Product Manager (Tech) StepUp Program (with Agentic AI),Applied Agentic AI - Early-June 2026,31-May-2026,ENROLLED_WITH_NO_DUES,has_paid_in_full,Fully Paid,PAYPAL,Onboarded,Upfront Payment,Kamal
EdgeUp,9310101,America/New_York,EdgeUp 2026 Fullstack LevelUp Program (with Agentic AI Interview Prep),Applied Agentic AI for SWEs - Mid-June 2026,1-Jun-2026,ENROLLED_WITH_NO_DUES,has_paid_in_full,Fully Paid,CLIMBCREDIT,Onboarded,Upfront Payment,Safoora
Fast Track ML,9605255,America/Los_Angeles,Fast Track Machine Learning Program,Fast Track Machine Learning Program,1-Jun-2026,ENROLLED_WITH_NO_DUES,has_paid_in_full,Fully Paid,PAYPAL,Onboarded,Upfront Payment,Sanjana
EdgeUp,9630781,America/Chicago,EdgeUp 2026 Data Science LevelUp Program (with Agentic AI Interview Prep),Applied Agentic AI for SWEs - 2nd Mid-August 2026,1-Jun-2026,ENROLLED_WITH_NO_DUES,has_paid_in_full,Fully Paid,CLIMBCREDIT,Onboarded,Upfront Payment,Sharon
EdgeUp,63672401,America/Chicago,EdgeUp Machine Learning LevelUp Program (with Agentic AI),Machine Learning Interview Prep - Mid-June 2026,31-May-2026,ENROLLED_WITH_NO_DUES,has_paid_in_full,Fully Paid,STRIPE_CARD,VM - 4 Attempts,Upfront Payment,Samarth
EdgeUp Step Up,80699251,America/Denver,EdgeUp 2026 Product Manager (Tech) StepUp Program (with Agentic AI Interview Prep),Applied Agentic AI - Early-June 2026,31-May-2026,ENROLLED_WITH_NO_DUES,has_paid_in_full,Fully Paid,ACH_TRANSFER,Onboarded,Upfront Payment,Nishtha
EdgeUp Step Up,163906801,America/New_York,EdgeUp Engineering Management StepUp Program (with Agentic AI),Applied Agentic AI for EM's - Early-July 2026,31-May-2026,ENROLLED_WITH_NO_DUES,has_paid_in_full,Fully Paid,,Onboarded,Upfront Payment,Samarth
New ML,549128801,America/Los_Angeles,Machine Learning Program (With Agentic AI),Machine Learning Program - 2nd Mid-July 2026,31-May-2026,FULL_PAYMENT_PAID,has_paid_in_full,Fully Paid,CLIMBCREDIT,VM - 4 Attempts,Upfront Payment,Sanjana
Agentic SkillUp,44348243093,America/Los_Angeles,AI Engineering,Applied Agentic AI for SWEs - 2nd Mid-June 2026,1-Jun-2026,ENROLLED_WITH_NO_DUES,has_paid_in_full,Fully Paid,ACH_TRANSFER,Onboarded,Upfront Payment,Nishtha
EdgeUp,45498912945,America/Los_Angeles,EdgeUp Backend LevelUp Program (with Agentic AI),Backend Interview Prep - Early-June 2026,31-May-2026,ENROLLED_WITH_NO_DUES,has_paid_in_full,Fully Paid,STRIPE_CARD,Onboarded,Upfront Payment,Kamal
Level Up,9305184,America/Chicago,Backend Engineering Interview Prep Program,Backend Interview Prep - Early-June 2026,1-Jun-2026,ENROLLED_WITH_NO_DUES,has_paid_in_full,Fully Paid,CLIMBCREDIT,Onboarded,Upfront Payment,Manish
EdgeUp Step Up,127972471355,America/New_York,EdgeUp 2026 Data Engineering StepUp Program (with Agentic AI Interview Prep),Applied Agentic AI for SWEs - Mid-June 2026,31-May-2026,ENROLLED_WITH_NO_DUES,has dropped out,Refunded,CLIMBCREDIT,Onboarded,Upfront Payment,Samarth
EdgeUp,300000165198,America/Los_Angeles,EdgeUp 2026 Backend LevelUp Program (with Agentic AI Interview Prep),Backend Interview Prep - Early-June 2026,31-May-2026,FULL_PAYMENT_PAID,has_paid_in_full,Fully Paid,CLIMBCREDIT,Onboarded,Upfront Payment,Sharon
FDE Full program,300000166888,America/Chicago,Forward Deployed Engineering Program,Applied Agentic AI for SWEs - 2nd Mid-June 2026,31-May-2026,ENROLLED_WITH_NO_DUES,has_paid_in_full,Fully Paid,PAYPAL,Onboarded,Upfront Payment,Safoora
EdgeUp Step Up,300000170954,America/Los_Angeles,EdgeUp 2026 Backend StepUp Program (with Agentic AI Interview Prep),Applied Agentic AI for SWEs - 2nd Mid-August 2026,31-May-2026,ENROLLED_WITH_NO_DUES,has_paid_in_full,Fully Paid,CLIMBCREDIT,Onboarded,Upfront Payment,Nishtha
EdgeUp Step Up,300000173224,America/Los_Angeles,EdgeUp 2026 Technical Program Manager StepUp Program (with Agentic AI Interview Prep),Applied Agentic AI - 2nd Mid-June 2026,31-May-2026,ENROLLED,Flexipay_has_time_to_pay,Flexipay_has_time_to_pay,0_PERCENT_APR_FLEXIPAY,Onboarded,Flexipay,Sanjana
Step Up,300000176131,America/New_York,Machine Learning Interview Prep Fast Track Program,Self-Paced Machine Learning FastTrack,1-Jun-2026,ENROLLED_WITH_NO_DUES,has_paid_in_full,Fully Paid,CLIMBCREDIT,Onboarded,Upfront Payment,Disha
EdgeUp Step Up,300000176800,America/Chicago,EdgeUp Fullstack StepUp Program (with Agentic AI),Applied Agentic AI for SWEs - 2nd Mid-June 2026,31-May-2026,ENROLLED_WITH_NO_DUES,has_paid_in_full,Fully Paid,CLIMBCREDIT,Onboarded,Upfront Payment,Manish
New ML,300000176882,America/Chicago,Machine Learning Program (with Agentic AI),Machine Learning Program - 2nd Mid-July 2026,1-Jun-2026,ENROLLED_WITH_NO_DUES,has_paid_in_full,Fully Paid,CLIMBCREDIT,Onboarded,Upfront Payment,Disha
EdgeUp,300000177049,America/Los_Angeles,EdgeUp 2026 Backend LevelUp Program (with Agentic AI Interview Prep),Applied Agentic AI for SWEs - Mid-June 2026,31-May-2026,ENROLLED_WITH_NO_DUES,has_paid_in_full,Fully Paid,STRIPE_CARD,Onboarded,Upfront Payment,Sharon
EdgeUp,555783751,America/Phoenix,EdgeUp 2026 Data Engineering LevelUp Program (with Agentic AI Interview Prep),Applied Agentic AI for SWEs - Mid-June 2026,2-Jun-2026,FULL_PAYMENT_PAID,has_paid_in_full,Fully Paid,CLIMBCREDIT,Onboarded,Upfront Payment,Sanjana
Step Up,213688895065,America/Los_Angeles,Backend Interview Prep Fast Track Program,Self-Paced Backend FastTrack,2-Jun-2026,FULL_PAYMENT_PAID,has_paid_in_full,Fully Paid,CLIMBCREDIT,Onboarded,Upfront Payment,Pragya
EdgeUp,300000167512,America/Los_Angeles,EdgeUp 2026 Fullstack LevelUp Program (with Agentic AI Interview Prep),Fullstack Interview Prep - Early-June 2026,2-Jun-2026,ENROLLED_WITH_NO_DUES,has_paid_in_full,Fully Paid,STRIPE_CARD,Onboarded,Upfront Payment,Kamal
Advanced ML,300000175744,America/Chicago,Advanced Machine Learning Program (with Agentic AI),Advanced Machine Learning Program - 2nd Mid-August 2026,2-Jun-2026,ENROLLED_WITH_NO_DUES,has_paid_in_full,Fully Paid,ACH_TRANSFER,Onboarded,Upfront Payment,Ajil
Step Up,300000176948,America/New_York,Fullstack Interview Prep Fast Track Program,Incomplete OB,2-Jun-2026,FULL_PAYMENT_PAID,has_paid_in_full,Refunded,CLIMBCREDIT,Incomplete OB ,Upfront Payment,Anjali
EdgeUp Step Up,300000178103,America/Los_Angeles,EdgeUp Engineering Management StepUp Program (with Agentic AI),Applied Agentic AI for EM's - Early-July 2026,2-Jun-2026,ENROLLED_WITH_NO_DUES,has_paid_in_full,Fully Paid,PAYPAL,Onboarded,Upfront Payment,Samarth
Step Up,300000179218,America/Los_Angeles,Data Engineering Interview Prep Fast Track Program,Self-Paced Data Engineering FastTrack,2-Jun-2026,ENROLLED_WITH_NO_DUES,has_paid_in_full,Fully Paid,ACH_TRANSFER,Onboarded,Upfront Payment,Anjali
Advanced ML,300000173541,America/Los_Angeles,Advanced Machine Learning Program (with Agentic AI),Advanced Machine Learning Program - End-May 2026,2-Jun-2026,FULL_PAYMENT_PAID,has_paid_in_full,Fully Paid,CLIMBCREDIT,Onboarded,Upfront Payment,Ajil
EdgeUp Step Up,300000181095,America/New_York,EdgeUp 2026 Fullstack StepUp Program (with Agentic AI Interview Prep),"Applied Agentic AI for SWEs - Mid-June 2026",2-Jun-2026,FULL_PAYMENT_PAID,has_paid_in_full,Fully Paid,CLIMBCREDIT,Onboarded,Upfront Payment,Ajil
EdgeUp,14237861,America/Los_Angeles,EdgeUp 2026 Embedded Systems LevelUp Program (with Agentic AI Interview Prep),Embedded Systems Interview Prep - Early-June 2026,3-Jun-2026,ENROLLED_WITH_NO_DUES,has_paid_in_full,Fully Paid,STRIPE_MANUAL_PAYMENT,Onboarded,Upfront Payment,Pragya
EdgeUp Step Up,42476701,America/New_York,EdgeUp 2026 Technical Program Manager StepUp Program (with Agentic AI Interview Prep),Applied Agentic AI - Early-June 2026,3-Jun-2026,ENROLLED_WITH_NO_DUES,has_paid_in_full,Fully Paid,STRIPE_CARD,Onboarded,Upfront Payment,Ajil
Level Up,190826352211,America/New_York,Data Science Interview Prep Program,Data Science Interview Prep - Mid-June 2026,3-Jun-2026,FULL_PAYMENT_PAID,has_paid_in_full,Fully Paid,RAZORPAY_MANUAL_PAYMENT,Onboarded,Upfront Payment,Disha
New ML,203316518190,America/Chicago,Machine Learning Program (with Agentic AI),"Machine Learning Program - 2nd Mid-July 2026",3-Jun-2026,FULL_PAYMENT_PAID,has_paid_in_full,Fully Paid,CLIMBCREDIT,VM - 4 Attempts,Upfront Payment,Pragya
EdgeUp,300000181132,America/New_York,EdgeUp Data Analyst & Business Analyst LevelUp Program (with Agentic AI),Data Analyst & Business Analyst Interview Prep - Early-June 2026,3-Jun-2026,ENROLLED_WITH_NO_DUES,has_paid_in_full,Fully Paid,STRIPE_CARD,Onboarded,Upfront Payment,Anjali
FDE Full program,9596980,America/Chicago,Forward Deployed Engineering Program,Applied Agentic AI for SWEs - 2nd Mid-June 2026,4-Jun-2026,ENROLLED_WITH_NO_DUES,has_paid_in_full,Fully Paid,STRIPE_CARD,Onboarded,Upfront Payment,Kamal
Agentic SkillUp,9639401,America/New_York,Applied Agentic AI Program for SWEs,Applied Agentic AI for SWEs - Early-July 2026,4-Jun-2026,ENROLLED_WITH_NO_DUES,has_paid_in_full,Fully Paid,STRIPE_CARD,Onboarded,Upfront Payment,Ajil
FDE Full program,395595501,America/Chicago,Forward Deployed Engineering Program,Forward Deployed Engineering - 2nd Mid-June 2026,4-Jun-2026,ENROLLED_WITH_NO_DUES,has_paid_in_full,Fully Paid,PAYPAL,Onboarded Via Calendly,Upfront Payment,Pragya
Step Up,300000173261,America/Chicago,Technical Program Manager Interview Prep Fast Track Program,	Self-Paced TPM FastTrack,4-Jun-2026,FULL_PAYMENT_PAID,INVALID,Invalid,CLIMBCREDIT,Invalid,Upfront Payment,Anjali
EdgeUp,300000179033,America/Los_Angeles,EdgeUp Fullstack LevelUp Program (with Agentic AI),Fullstack Interview Prep - Mid-June 2026,4-Jun-2026,ENROLLED_WITH_NO_DUES,has_paid_in_full,Fully Paid,CLIMBCREDIT,Onboarded,Upfront Payment,Pragya
EdgeUp Step Up,300000179264,America/New_York,EdgeUp 2026 Backend StepUp Program (with Agentic AI Interview Prep),Applied Agentic AI for SWEs - Early-July 2026,4-Jun-2026,FULL_PAYMENT_PAID,has_paid_in_full,Fully Paid,CLIMBCREDIT,VM - 4 Attempts,Upfront Payment,Disha
New ML,9295160,America/Los_Angeles,Machine Learning Program (with Agentic AI),Machine Learning Program - 2nd Mid-July 2026,5-Jun-2026,ENROLLED_WITH_NO_DUES,has_paid_in_full,Fully Paid,STRIPE_CARD,Onboarded,Upfront Payment,Kamal
EdgeUp,137373951,US/Pacific,EdgeUp 2026 Product Manager (Tech) LevelUp Program (with Agentic AI Interview Prep),"Applied Agentic AI - 2nd Mid-June 2026",5-Jun-2026,FULL_PAYMENT_PAID,has_paid_in_full,Fully Paid,PAYPAL,Onboarded Via Calendly,Upfront Payment,Pragya
Agentic SkillUp,429538801,America/New_York,Applied Agentic AI Program for SWEs,Applied Agentic AI for SWEs - 2nd Mid-June 2026,5-Jun-2026,ENROLLED_WITH_NO_DUES,has_paid_in_full,Fully Paid,ACH_TRANSFER,Onboarded,Upfront Payment,Ajil
EdgeUp Step Up,456595451,America/Los_Angeles,EdgeUp 2026 Backend StepUp Program (with Agentic AI Interview Prep),Applied Agentic AI for SWEs - Mid-June 2026,5-Jun-2026,ENROLLED_WITH_NO_DUES,has_paid_in_full,Fully Paid,PAYPAL,Onboarded,Upfront Payment,Sanjana
EdgeUp,582018401,America/Detroit,EdgeUp 2026 Embedded Systems LevelUp Program (with Agentic AI Interview Prep),"Applied Agentic AI for SWEs - Mid-June 2026
",5-Jun-2026,ENROLLED_WITH_NO_DUES,has_paid_in_full,Fully Paid,CLIMBCREDIT,Onboarded,Upfront Payment,Safoora
EdgeUp,9290347,America/New_York,EdgeUp Data Engineering LevelUp Program (with Agentic AI),Applied Agentic AI for SWEs - Mid-June 2026,5-Jun-2026,ENROLLED_WITH_NO_DUES,has_paid_in_full,Fully Paid,STRIPE_CARD,Onboarded,Upfront Payment,Safoora
Agentic SkillUp,153631317149,America/Chicago,Applied Agentic AI Program,"Applied Agentic AI - 2nd Mid-June 2026",5-Jun-2026,FULL_PAYMENT_PAID,has_paid_in_full,Fully Paid,CLIMBCREDIT,VM - 4 Attempts,Upfront Payment,Pragya
EdgeUp,161797741345,America/New_York,EdgeUp 2026 Backend LevelUp Program (with Agentic AI Interview Prep),"Applied Agentic AI for SWEs - Early-June 2026",5-Jun-2026,ENROLLED_WITH_NO_DUES,has_paid_in_full,Fully Paid,CLIMBCREDIT,Onboarded,Upfront Payment,Pragya
New ML,171950500980,America/Chicago,Machine Learning Program (with Agentic AI),Machine Learning Program - 2nd End-May 2026,5-Jun-2026,FULL_PAYMENT_PAID,has_paid_in_full,Fully Paid,STRIPE_CARD,Onboarded,Upfront Payment,Suraj
New ML,196677026988,America/Chicago,Machine Learning Program (with Agentic AI),Machine Learning Program - 2nd Mid-July 2026,4-Jun-2026,ENROLLED_WITH_NO_DUES,has_paid_in_full,Fully Paid,CLIMBCREDIT,Onboarded,Upfront Payment,Kamal
Fast Track ML,214628029558,America/New_York,Fast Track Machine Learning Program,Fast Track Machine Learning Program,5-Jun-2026,ENROLLED_WITH_NO_DUES,has_paid_in_full,Fully Paid,CLIMBCREDIT,Onboarded,Upfront Payment,Ajil
EdgeUp,214789433712,America/New_York,EdgeUp 2026 Product Manager (Tech) LevelUp Program (with Agentic AI Interview Prep),Applied Agentic AI - 2nd Mid-June 2026,5-Jun-2026,ENROLLED_WITH_NO_DUES,has_paid_in_full,Fully Paid,ACH_TRANSFER,VM - 4 Attempts,Upfront Payment,Samarth
Step Up,300000175791,America/Los_Angeles,Early Engineering Fast Track Program,Self-Paced Early Engineering FastTrack,5-Jun-2026,FULL_PAYMENT_PAID,has_paid_in_full,Fully Paid,CLIMBCREDIT,Onboarded,Upfront Payment,Sanjana
FDE Full program,300000180027,America/New_York,Forward Deployed Engineering Program,Forward Deployed Engineering - 2nd Mid-June 2026,5-Jun-2026,ENROLLED_WITH_NO_DUES,has_paid_in_full,Fully Paid,,Onboarded,Upfront Payment,Ajil
EdgeUp,300000181203,America/New_York,EdgeUp 2026 Fullstack LevelUp Program (with Agentic AI Interview Prep),Applied Agentic AI for SWEs - 2nd Mid-June 2026,5-Jun-2026,FULL_PAYMENT_PAID,INVALID,Invalid,CLIMBCREDIT,Incomplete OB ,Upfront Payment,Samarth
EdgeUp Step Up,300000181218,America/New_York,EdgeUp 2026 Data Engineering StepUp Program (with Agentic AI Interview Prep),Applied Agentic AI for SWEs - 2nd Mid-August 2026,5-Jun-2026,ENROLLED_WITH_NO_DUES,has_paid_in_full,Fully Paid,STRIPE_CARD,Onboarded,Upfront Payment,Samarth
Step Up,300000181431,America/New_York,Early Engineering Fast Track Program,"Self-Paced Early Engineering FastTrack",5-Jun-2026,DEPOSIT_PAID,has_dropped_out,Fully Paid,STRIPE_MANUAL_PAYMENT,Onboarded,Non-Upfront Payment,Safoora
FDE Full program,300000181437,America/New_York,Forward Deployed Engineering Program,Applied Agentic AI for SWEs - 2nd Mid-June 2026,5-Jun-2026,ENROLLED_WITH_NO_DUES,has_paid_in_full,Fully Paid,CLIMBCREDIT,VM - 4 Attempts,Upfront Payment,Ajil
Level Up,300000182096,America/New_York,Data Analyst & Business Analyst Interview Preparation Program,Data Analyst & Business Analyst Interview Prep - Early-June 2026,5-Jun-2026,ENROLLED_WITH_NO_DUES,has_paid_in_full,Fully Paid,CLIMBCREDIT,Onboarded,Upfront Payment,Samarth
EdgeUp,300000183361,America/New_York,EdgeUp 2026 Backend LevelUp Program (with Agentic AI Interview Prep),Applied Agentic AI for SWEs - 2nd Mid-June 2026,5-Jun-2026,INVALID,INVALID,Invalid,CLIMBCREDIT,Invalid,Upfront Payment,Ajil
EdgeUp,9305308,America/Chicago,EdgeUp Engineering Manager LevelUp Program (with Agentic AI),"Applied Agentic AI for EM's - 2nd Mid-August 2026",7-Jun-2026,FULL_PAYMENT_PAID,has_paid_in_full,Fully Paid,STRIPE_CARD,VM - 4 Attempts,Upfront Payment,Ajil
FDE Full program,9305667,America/Los_Angeles,Forward Deployed Engineering Program,Applied Agentic AI for SWEs - 2nd Mid-September2026,7-Jun-2026,ENROLLED_WITH_NO_DUES,account_deactivated,Fully Paid,STRIPE_CARD,Onboarded,Upfront Payment,Pragya
EdgeUp Step Up,420775451,America/Chicago,EdgeUp 2026 iOS StepUp Program (with Agentic AI Interview Prep),Applied Agentic AI for SWEs - 2nd Mid-June 2026,7-Jun-2026,ENROLLED_WITH_NO_DUES,has_paid_in_full,Fully Paid,STRIPE_MANUAL_PAYMENT,Onboarded,Upfront Payment,Samarth
EdgeUp,154882497077,America/Los_Angeles,EdgeUp 2026 Technical Program Manager LevelUp Program (with Agentic AI Interview Prep),TPM Interview Prep - Mid-June 2026,7-Jun-2026,ENROLLED_WITH_NO_DUES,has_paid_in_full,Fully Paid,STRIPE_CARD,Onboarded,Upfront Payment,Sanjana
Agentic SkillUp,198677872551,America/New_York,Applied Agentic AI Program for PM/TPM,Applied Agentic AI - 2nd Mid-February 2026,7-Jun-2026,DEPOSIT_PAID,Flexipay_has_time_to_pay,Flexipay_has_time_to_pay,0_PERCENT_APR_FLEXIPAY,VM - 4 Attempts,Flexipay,Ajil
EdgeUp,300000181027,America/Los_Angeles,EdgeUp 2026 Test Engineering LevelUp Program (with Agentic AI Interview Prep),Applied Agentic AI for SWEs - 2nd Mid-June 2026,7-Jun-2026,FULL_PAYMENT_PAID,has_paid_in_full,Fully Paid,CLIMBCREDIT,Onboarded,Upfront Payment,Suraj
Level Up,300000181159,America/Mexico_City,Engineering Manager Interview Prep Program,Engineering Management Interview Prep - 2nd Mid-June 2026,7-Jun-2026,FULL_PAYMENT_PAID,has_paid_in_full,Fully Paid,CLIMBCREDIT,Onboarded,Upfront Payment,Nishtha
New ML,300000183583,America/Chicago,Machine Learning Program (with Agentic AI),Machine Learning Program - 2nd Mid-July 2026,7-Jun-2026,DEPOSIT_PAID,has_dropped_out,Fully Paid,CLIMBCREDIT,VM - 4 Attempts,Upfront Payment,Samarth
EdgeUp Step Up,300000184698,America/Chicago,EdgeUp 2026 Data Science StepUp Program (with Agentic AI Interview Prep),Applied Agentic AI for SWEs - 2nd-Mid-June 2026,7-Jun-2026,ENROLLED_WITH_NO_DUES,has_paid_in_full,Fully Paid,CLIMBCREDIT,Onboarded,Upfront Payment,Pragya
New ML,17857521512,America/New_York,Machine Learning Program (with Agentic AI),Invalid,8-Jun-2026,FULL_PAYMENT_PAID,has_paid_in_full,Invalid,CLIMBCREDIT,Invalid,Upfront Payment,SSA-1
EdgeUp,110249635343,America/Denver,EdgeUp 2026 Data Analyst & Business Analyst LevelUp Program (with Agentic AI Interview Prep),Applied Agentic AI - 2nd Mid-June 2026,8-Jun-2026,ENROLLED_WITH_NO_DUES,has_paid_in_full,Fully Paid,PAYPAL,Onboarded,Upfront Payment,Kamal
EdgeUp Step Up,205132763400,America/Los_Angeles,EdgeUp 2026 Backend StepUp Program (with Agentic AI Interview Prep),Applied Agentic AI for SWEs - 2nd Mid-June 2026,8-Jun-2026,ENROLLED_WITH_NO_DUES,has_paid_in_full,Fully Paid,PAYPAL,VM - 4 Attempts,Upfront Payment,Sanjana
EdgeUp Step Up,300000165052,America/Chicago,EdgeUp 2026 Data Analyst & Business Analyst StepUp Program (with Agentic AI Interview Prep),Applied Agentic AI - 2nd Mid-June 2026,8-Jun-2026,FULL_PAYMENT_PAID,has_paid_in_full,Fully Paid,CLIMBCREDIT,Onboarded,Upfront Payment,Kamal
Level Up,300000181724,America/New_York,Site Reliability Engineering & DevOps Interview Prep Program,SRE Interview Prep - 2nd Mid-June 2026,8-Jun-2026,FULL_PAYMENT_PAID,has_paid_in_full,Fully Paid,CLIMBCREDIT,Onboarded,Upfront Payment,Anjali
Level Up,300000184607,America/Chicago,Site Reliability Engineering & DevOps Interview Prep Program,SRE Interview Prep - Mid-June 2026,8-Jun-2026,ENROLLED_WITH_NO_DUES,has_paid_in_full,Fully Paid,CLIMBCREDIT,Onboarded,Upfront Payment,Sanjana
EdgeUp Step Up,300000185684,America/New_York,EdgeUp Machine Learning StepUp Program (with Agentic AI),Applied Agentic AI for SWEs - 2nd Mid-June 2026,8-Jun-2026,ENROLLED_WITH_NO_DUES,INVALID,Invalid,CLIMBCREDIT,Invalid,Upfront Payment,Samarth
EdgeUp,300000185274,America/New_York,EdgeUp Site Reliability Engineering & DevOps LevelUp Program (with Agentic AI),SRE Interview Prep - 2nd Mid-June 2026,8-Jun-2026,ENROLLED_WITH_NO_DUES,has_paid_in_full,Refunded,STRIPE_CARD,Incomplete OB ,Upfront Payment,Ajil
EdgeUp,40861851,America/Los_Angeles,EdgeUp 2026 Site Reliability Engineering & DevOps LevelUp Program (with Agentic AI Interview Prep),"Applied Agentic AI for SWEs - 2nd Mid-June 2026",9-Jun-2026,ENROLLED_WITH_NO_DUES,has_paid_in_full,Fully Paid,ACH_TRANSFER,Onboarded,Upfront Payment,Pragya
FDE Full program,47294601,America/New_York,Forward Deployed Engineering Program,Forward Deployed Engineering - Mid-July 2026,9-Jun-2026,FULL_PAYMENT_PAID,has_paid_in_full,Fully Paid,STRIPE_MANUAL_PAYMENT,Onboarded,Upfront Payment,Disha
EdgeUp,88554451,America/Phoenix,EdgeUp 2026 Engineering Manager LevelUp Program (with Agentic AI Interview Prep),Applied Agentic AI for EM's - Early-July 2026,9-Jun-2026,ENROLLED_WITH_NO_DUES,account_deactivated,Fully Paid,ACH_TRANSFER,Onboarded,Upfront Payment,Sharon
EdgeUp,88717202,America/Los_Angeles,EdgeUp Backend LevelUp Program (with Agentic AI),Applied Agentic AI for SWEs - 2nd Mid-June 2026,9-Jun-2026,ENROLLED_WITH_NO_DUES,has_paid_in_full,Fully Paid,ACH_TRANSFER,Onboarded,Upfront Payment,Kamal
EdgeUp,300756451,America/New_York,EdgeUp 2026 Technical Program Manager LevelUp Program (with Agentic AI Interview Prep),Applied Agentic AI - 2nd Mid-June 2026,9-Jun-2026,ENROLLED_WITH_NO_DUES,has_paid_in_full,Fully Paid,STRIPE_CARD,Onboarded,Upfront Payment,Samarth
EdgeUp,394406501,America/New_York,EdgeUp 2026 Technical Program Manager LevelUp Program (with Agentic AI Interview Prep),Applied Agentic AI for SWEs - Mid-June 2026,9-Jun-2026,ENROLLED_WITH_NO_DUES,has_paid_in_full,Fully Paid,CLIMBCREDIT,VM - 4 Attempts,Upfront Payment,Disha
FDE Full program,542369751,America/Chicago,Forward Deployed Engineering Program,Forward Deployed Engineering - 2nd Mid-June 2026,9-Jun-2026,ENROLLED_WITH_NO_DUES,has_paid_in_full,Fully Paid,PAYPAL,VM - 4 Attempts,Upfront Payment,Disha
Step Up,65218685049,America/Denver,Machine Learning Interview Prep Fast Track Program,"Self-Paced Machine Learning FastTrack",9-Jun-2026,FULL_PAYMENT_PAID,has_paid_in_full,Fully Paid,CLIMBCREDIT,Onboarded,Upfront Payment,Ajil
FDE Full program,128750027797,America/Chicago,Forward Deployed Engineering Program,Applied Agentic AI for SWEs - 2nd Mid-June 2026,9-Jun-2026,ENROLLED_WITH_NO_DUES,has_paid_in_full,Fully Paid,STRIPE_CARD,Onboarded,Upfront Payment,Safoora
Agentic SkillUp,148187660910,America/New_York,Applied Agentic AI Program for SWEs,Applied Agentic AI for SWEs - 2nd Mid-June 2026,9-Jun-2026,FULL_PAYMENT_PAID,has_paid_in_full,Fully Paid,CLIMBCREDIT,Onboarded Via Calendly,Upfront Payment,Anjali
EdgeUp,155001162814,America/New_York,EdgeUp 2026 Data Engineering LevelUp Program (with Agentic AI Interview Prep),Applied Agentic AI for SWEs - Early-July 2026,9-Jun-2026,DEPOSIT_PAID,has_dropped_out,Dropped Out,RAZORPAY_MANUAL_PAYMENT,Onboarded,Upfront Payment,Disha
FDE Full program,166405414785,America/Phoenix,Forward Deployed Engineering Program,Forward Deployed Engineering - Mid-July 2026,9-Jun-2026,ENROLLED_WITH_NO_DUES,has_paid_in_full,Fully Paid,RAZORPAY_MANUAL_PAYMENT,Onboarded,Upfront Payment,Pragya
EdgeUp Step Up,300000173278,America/New_York,EdgeUp 2026 Data Engineering StepUp Program (with Agentic AI Interview Prep),	Self-Paced Data Engineering FastTrack,9-Jun-2026,FULL_PAYMENT_PAID,has_paid_in_full,Fully Paid,CLIMBCREDIT,Onboarded,Upfront Payment,Anjali
New ML,300000178482,America/New_York,Machine Learning Program (with Agentic AI),Machine Learning Program - 2nd Mid-July 2026,9-Jun-2026,ENROLLED,Flexipay_has_time_to_pay,Flexipay_has_time_to_pay,0_PERCENT_APR_FLEXIPAY,Onboarded,Flexipay,Ajil
EdgeUp Step Up,300000183187,America/Los_Angeles,EdgeUp Product Manager (Tech) StepUp Program (with Agentic AI),Applied Agentic AI - 2nd Mid-June 2026,9-Jun-2026,FULL_PAYMENT_PAID,has_paid_in_full,Fully Paid,CLIMBCREDIT,Onboarded,Upfront Payment,Kamal
New ML,300000185688,America/Phoenix,Machine Learning Program (with Agentic AI),Machine Learning Program - 2nd Mid-July 2026,9-Jun-2026,FULL_PAYMENT_PAID,has_paid_in_full,Fully Paid,CLIMBCREDIT,Onboarded Via Calendly,Upfront Payment,Pragya
Step Up,300000186044,America/Los_Angeles,Engineering Management Interview Prep Fast Track Program,Self paced EM Fasttrack,9-Jun-2026,ENROLLED_WITH_NO_DUES,has_paid_in_full,Fully Paid,STRIPE_CARD,Onboarded,Upfront Payment,Sanjana
FDE Full program,9285349,America/New_York,Forward Deployed Engineering Program,Forward Deployed Engineering - Mid-July 2026,10-Jun-2026,FULL_PAYMENT_PAID,has_paid_in_full,Fully Paid,CLIMBCREDIT,Onboarded,Upfront Payment,Disha
Agentic SkillUp,28638651,America/Los_Angeles,Applied Agentic AI Program for SWEs,"Applied Agentic AI for SWEs - 2nd Mid-June 2026
",10-Jun-2026,ENROLLED_WITH_NO_DUES,has_paid_in_full,Fully Paid,,Onboarded,Upfront Payment,Pragya
EdgeUp,186785551,America/Los_Angeles,EdgeUp 2026 Fullstack LevelUp Program (with Agentic AI Interview Prep),Applied Agentic AI for SWEs - Mid-June 2026,10-Jun-2026,FULL_PAYMENT_PAID,has_paid_in_full,Fully Paid,STRIPE_MANUAL_PAYMENT,Onboarded,Upfront Payment,Suraj
EdgeUp,431160601,America/New_York,EdgeUp 2026 Data Science LevelUp Program (with Agentic AI Interview Prep),"Applied Agentic AI for SWEs - 2nd Mid-June 2026",10-Jun-2026,FULL_PAYMENT_PAID,has_paid_in_full,Fully Paid,CLIMBCREDIT,Callback Requested,Upfront Payment,SSA
FDE Upskill,119001665557,America/New_York,Forward Deployed Engineering (Upskilling Program),Applied Agentic AI for SWEs - 2nd Mid-June 2026,10-Jun-2026,FULL_PAYMENT_PAID,has_paid_in_full,Fully Paid,PAYPAL,Onboarded,Upfront Payment,Pragya
EdgeUp,125001011535,America/Los_Angeles,EdgeUp 2026 Engineering Manager LevelUp Program (with Agentic AI Interview Prep),Applied Agentic AI - Early-July 2026,10-Jun-2026,ENROLLED_WITH_NO_DUES,has_paid_in_full,Fully Paid,PAYPAL,Onboarded,Upfront Payment,Kamal
EdgeUp Step Up,300000162933,America/New_York,EdgeUp 2026 Data Analyst & Business Analyst StepUp Program (with Agentic AI Interview Prep),Applied Agentic AI - 2nd Mid-June 2026,10-Jun-2026,ENROLLED_WITH_NO_DUES,has_paid_in_full,Fully Paid,STRIPE_CARD,Onboarded,Upfront Payment,Disha
EdgeUp Step Up,300000171993,America/Los_Angeles,EdgeUp 2026 Backend StepUp Program (with Agentic AI Interview Prep),"Self-Paced Backend FastTrack",10-Jun-2026,FULL_PAYMENT_PAID,has_paid_in_full,Fully Paid,CLIMBCREDIT,Onboarded,Upfront Payment,Pragya
EdgeUp,300000186958,America/Los_Angeles,EdgeUp 2026 Test Engineering LevelUp Program (with Agentic AI Interview Prep),Applied Agentic AI for SWEs - 2nd Mid-June 2026,10-Jun-2026,ENROLLED_WITH_NO_DUES,has_paid_in_full,Fully Paid,CLIMBCREDIT,Onboarded,Upfront Payment,Kamal
EdgeUp,73607566,America/New_York,EdgeUp 2026 Engineering Manager LevelUp Program (with Agentic AI Interview Prep),Applied Agentic AI - 2nd Mid-June 2026,11-Jun-2026,ENROLLED_WITH_NO_DUES,has_paid_in_full,Fully Paid,PAYPAL,Onboarded,Upfront Payment,Disha
FDE Full program,14243269,America/Los_Angeles,Forward Deployed Engineering Program,Forward Deployed Engineering - 2nd Mid-June 2026,10-Jun-2026,ENROLLED_WITH_NO_DUES,has_paid_in_full,Fully Paid,PAYPAL,Onboarded,Upfront Payment,Pragya
New ML,34739733,America/New_York,Machine Learning Program (with Agentic AI),Machine Learning Program - 2nd Mid-July 2026,11-Jun-2026,ENROLLED_WITH_NO_DUES,has_paid_in_full,Fully Paid,PAYPAL,Onboarded,Upfront Payment,Samarth
FDE Full program,28584601,America/New_York,Forward Deployed Engineering Program,Forward Deployed Engineering - Mid-July 2026,11-Jun-2026,ENROLLED_WITH_NO_DUES,has_paid_in_full,Fully Paid,CLIMBCREDIT,Onboarded,Upfront Payment,Manish
EdgeUp,164324851,America/Los_Angeles,EdgeUp 2026 Site Reliability Engineering & DevOps LevelUp Program (with Agentic AI Interview Prep),SRE Interview Prep - 2nd Mid-June 2026,11-Jun-2026,ENROLLED_WITH_NO_DUES,has_paid_in_full,Fully Paid,ACH_TRANSFER,Onboarded,Upfront Payment,Kamal
EdgeUp Step Up,428346051,America/Chicago,EdgeUp Backend StepUp Program (with Agentic AI),Applied Agentic AI for SWEs - 2nd Mid-June 2026,10-Jun-2026,ENROLLED_WITH_NO_DUES,has_paid_in_full,Fully Paid,STRIPE_CARD,Onboarded,Upfront Payment,Nishtha
EdgeUp Step Up,31855346503,America/New_York,EdgeUp 2026 Backend StepUp Program (with Agentic AI Interview Prep),"Applied Agentic AI for SWEs - Early-July 2026",10-Jun-2026,FULL_PAYMENT_PAID,INVALID,Invalid,CLIMBCREDIT,Invalid,Upfront Payment,Disha
Agentic SkillUp,111462015642,America/New_York,Applied Agentic AI Program for SWEs,Applied Agentic AI for SWEs - 2nd Mid-June 2026,11-Jun-2026,ENROLLED_WITH_NO_DUES,has_paid_in_full,Fully Paid,STRIPE_MANUAL_PAYMENT,,Upfront Payment,SSA-1
EdgeUp,157160011860,Europe/London,EdgeUp Product Manager (Tech) LevelUp Program (with Agentic AI),Applied Agentic AI - 2nd Mid-June 2026,10-Jun-2026,ENROLLED,has_time_to_pay,Invalid,STRIPE_MANUAL_PAYMENT,Unable to Connect,Upfront Payment,SSA-1
EdgeUp Step Up,173024379054,America/New_York,EdgeUp 2026 Technical Program Manager StepUp Program (with Agentic AI Interview Prep),Applied Agentic AI - 2nd Mid-June 2026,11-Jun-2026,ENROLLED_WITH_NO_DUES,has_paid_in_full,Fully Paid,CLIMBCREDIT,Onboarded,Upfront Payment,Ajil
FDE Full program,196018347558,America/Chicago,Forward Deployed Engineering Program,"Forward Deployed Engineering - 2nd Mid-June 2026
",11-Jun-2026,ENROLLED,has_time_to_pay,has_time_to_pay,STRIPE_CARD,VM - 4 Attempts,Non-Upfront Payment,Pragya
EdgeUp Step Up,198183700355,America/Chicago,EdgeUp 2026 Technical Program Manager StepUp Program (with Agentic AI Interview Prep),"Self-Paced TPM FastTrack
",11-Jun-2026,FULL_PAYMENT_PAID,has_paid_in_full,Fully Paid,CLIMBCREDIT,Onboarded,Upfront Payment,Pragya
EdgeUp Step Up,300000184246,America/New_York,EdgeUp 2026 Test Engineering StepUp Program (with Agentic AI Interview Prep),,11-Jun-2026,DEPOSIT_PAID,Flexipay_has_time_to_pay,Flexipay_has_time_to_pay,,Onboarded,Flexipay,Pragya
EdgeUp,300000185845,America/New_York,EdgeUp 2026 Data Engineering LevelUp Program (with Agentic AI Interview Prep),Applied Agentic AI for SWEs - Mid-June 2026,11-Jun-2026,FULL_PAYMENT_PAID,has_paid_in_full,Fully Paid,CLIMBCREDIT,Onboarded,Upfront Payment,Samarth
FDE Full program,300000186679,America/New_York,Forward Deployed Engineering Program,Forward Deployed Engineering - Mid-July 2026,11-Jun-2026,ENROLLED_WITH_NO_DUES,has_paid_in_full,Fully Paid,CLIMBCREDIT,Incomplete OB ,Upfront Payment,Manish
FDE Full program,300000186683,America/New_York,Forward Deployed Engineering Program,Forward Deployed Engineering - 2nd Mid-June 2026,11-Jun-2026,ENROLLED_WITH_NO_DUES,has_paid_in_full,Fully Paid,ACH_TRANSFER,Onboarded,Upfront Payment,Kamal
FDE Full program,300000186981,America/Denver,Forward Deployed Engineering Program,Forward Deployed Engineering - 2nd Mid-June 2026,11-Jun-2026,ENROLLED_WITH_NO_DUES,has_paid_in_full,Fully Paid,CLIMBCREDIT,Onboarded,Upfront Payment,Ajil
Level Up,300000187555,America/Chicago,Data Engineering Interview Prep Program,Data Engineering Interview Prep - 2nd Mid-June 2026,11-Jun-2026,INVALID,INVALID,Invalid,CLIMBCREDIT,Invalid,Upfront Payment,Kamal
FDE Full program,9550669,America/Chicago,Forward Deployed Engineering Program,,12-Jun-2026,FULL_PAYMENT_PAID,has_paid_in_full,Fully Paid,CLIMBCREDIT,Onboarded,Upfront Payment,Pragya
Agentic SkillUp,60464551,America/New_York,Applied Agentic AI Program for EM,Applied Agentic AI for EM's - Early-July 2026,12-Jun-2026,ENROLLED_WITH_NO_DUES,has_paid_in_full,Fully Paid,ACH_TRANSFER,Incomplete OB ,Upfront Payment,Disha
EdgeUp,41984215560,America/Chicago,EdgeUp 2026 Technical Program Manager LevelUp Program (with Agentic AI Interview Prep),Applied Agentic AI - 2nd Mid-June 2026,12-Jun-2026,ENROLLED,Flexipay_has_time_to_pay,Flexipay_has_time_to_pay,0_PERCENT_APR_FLEXIPAY,VM - 4 Attempts,Flexipay,Kamal
EdgeUp,57480932017,America/New_York,EdgeUp 2026 Data Engineering LevelUp Program (with Agentic AI Interview Prep),Data Engineering Interview Prep - 2nd Mid-June 2026,12-Jun-2026,ENROLLED_WITH_NO_DUES,has_paid_in_full,Fully Paid,CLIMBCREDIT,Onboarded,Upfront Payment,Disha
New ML,190336460710,America/New_York,Machine Learning Program (with Agentic AI),Machine Learning Program - 2nd Mid-July 2026,12-Jun-2026,FULL_PAYMENT_PAID,INVALID,Invalid,CLIMBCREDIT,Invalid,Upfront Payment,Disha
Advanced ML,198814596657,America/New_York,Advanced Machine Learning Program (with Agentic AI),Advanced Machine Learning Program - 2nd Mid-August 2026,12-Jun-2026,ENROLLED_WITH_NO_DUES,has_paid_in_full,Fully Paid,STRIPE_CARD,Onboarded,Upfront Payment,Disha
EdgeUp,34739514,,EdgeUp 2026 Engineering Manager LevelUp Program (with Agentic AI Interview Prep),"Applied Agentic AI - 2nd Mid-June 2026",12-Jun-2026,FULL_PAYMENT_PAID,has_paid_in_full,Fully Paid,ACH_TRANSFER,Onboarded,Upfront Payment,Pragya
FDE Full program,300000178719,America/New_York,Forward Deployed Engineering Program,Forward Deployed Engineering - 2nd Mid-June 2026,12-Jun-2026,ENROLLED_WITH_NO_DUES,has_paid_in_full,Fully Paid,PAYPAL,Onboarded,Upfront Payment,Samarth
EdgeUp Step Up,300000179850,America/New_York,EdgeUp 2026 Technical Program Manager StepUp Program (with Agentic AI Interview Prep),"Applied Agentic AI - 2nd Mid-June 2026
",12-Jun-2026,ENROLLED_WITH_NO_DUES,has_paid_in_full,Fully Paid,PAYPAL,Onboarded,Upfront Payment,Safoora
FDE Full program,300000183257,America/Chicago,Forward Deployed Engineering Program,Forward Deployed Engineering - 2nd Mid-June 2026,12-Jun-2026,ENROLLED_WITH_NO_DUES,INVALID,Invalid,CLIMBCREDIT,Invalid,Upfront Payment,Pragya
Step Up,300000186747,America/Chicago,Engineering Management Interview Prep Fast Track Program,"Self-Paced Engineering Management FastTrack
",12-Jun-2026,ENROLLED_WITH_NO_DUES,has_paid_in_full,Fully Paid,PAYPAL,Onboarded,Upfront Payment,Pragya
EdgeUp Step Up,300000187906,America/Chicago,EdgeUp Backend StepUp Program (with Agentic AI),,12-Jun-2026,FULL_PAYMENT_PAID,INVALID,Invalid,CLIMBCREDIT,Invalid,Upfront Payment,Sanjana
Step Up,300000188609,America/Chicago,Engineering Management Interview Prep Fast Track Program,Self-Paced Engineering Management FastTrack,12-Jun-2026,FULL_PAYMENT_PAID,Flexipay_has_time_to_pay,Flexipay_has_time_to_pay,0_PERCENT_APR_FLEXIPAY,Onboarded,Upfront Payment,Suraj
New ML,300000189075,America/Los_Angeles,Machine Learning Program (with Agentic AI),Machine Learning Program - 2nd End-May 2026,12-Jun-2026,FULL_PAYMENT_PAID,has_paid_in_full,Fully Paid,CLIMBCREDIT,Onboarded,Upfront Payment,Sanjana
Paid Upgrade,9551507,America/New_York,Fullstack Interview Preparation Pathway,Fullstack Interview Prep Pathway - Early-July 2026,12-Jun-2026,ENROLLED_WITH_NO_DUES,has_paid_in_full,Fully Paid,CLIMBCREDIT,VM - 4 Attempts,Upfront Payment,Samarth
EdgeUp Step Up,9281702,America/Los_Angeles,EdgeUp 2026 Engineering Management StepUp Program (with Agentic AI Interview Prep),"Self-Paced Engineering Management FastTrack",13-Jun-2026,DEPOSIT_PAID,Flexipay_has_time_to_pay,Flexipay_has_time_to_pay,0_PERCENT_APR_FLEXIPAY,Onboarded,Flexipay,Ajil
EdgeUp,71381406598,America/Chicago,EdgeUp 2026 Security Engineering LevelUp Program (with Agentic AI Interview Prep),Applied Agentic AI for SWEs - 2nd Mid-June 2026,13-Jun-2026,ENROLLED_WITH_NO_DUES,has_paid_in_full,Fully Paid,STRIPE_CARD,Onboarded,Upfront Payment,Anjali
FDE Pathway,9302495,America/New_York,FDE Pathway Program,Forward Deployed Engineering Pathway Program - Mid-July 2026,14-Jun-2026,ENROLLED_WITH_NO_DUES,has_paid_in_full,Fully Paid,PAYPAL,Callback Requested,Upfront Payment,Anjali
EdgeUp,9604718,America/New_York,EdgeUp 2026 Technical Program Manager LevelUp Program (with Agentic AI Interview Prep),Applied Agentic AI - 2nd Mid-June 2026,14-Jun-2026,FULL_PAYMENT_PAID,has_paid_in_full,Fully Paid,CLIMBCREDIT,VM - 4 Attempts,Upfront Payment,Anjali
EdgeUp,132979401,America/Los_Angeles,EdgeUp 2026 Data Science LevelUp Program (with Agentic AI Interview Prep),Applied Agentic AI for SWEs - 2nd Mid-June 2026,14-Jun-2026,ENROLLED_WITH_NO_DUES,has_paid_in_full,Fully Paid,STRIPE_MANUAL_PAYMENT,Onboarded,Upfront Payment,Sharon
New ML,214994941221,America/Chicago,Machine Learning Program (with Agentic AI),"Machine Learning Program - 2nd Mid-July 2026",14-Jun-2026,FULL_PAYMENT_PAID,has_paid_in_full,Fully Paid,CLIMBCREDIT,Onboarded,Upfront Payment,Ajil
New ML,300000187876,America/Los_Angeles,Machine Learning Program (with Agentic AI),Machine Learning Program -2nd-Mid-july 2026,14-Jun-2026,ENROLLED_WITH_NO_DUES,has_paid_in_full,Fully Paid,STRIPE_CARD,Onboarded,Upfront Payment,Sanjana
EdgeUp,9285631,America/Los_Angeles,EdgeUp 2026 Fullstack LevelUp Program (with Agentic AI Interview Prep),Applied Agentic AI for SWEs - Early-July 2026,15-Jun-2026,FULL_PAYMENT_PAID,has_paid_in_full,Fully Paid,CLIMBCREDIT,VM - 4 Attempts,Upfront Payment,Kamal
New ML,9601301,America/Los_Angeles,Machine Learning Program (with Agentic AI),Machine Learning Program - 2nd Mid-July 2026,15-Jun-2026,ENROLLED_WITH_NO_DUES,has_paid_in_full,Fully Paid,ACH_TRANSFER,Onboarded,Upfront Payment,Nishtha
EdgeUp,357219060,America/Los_Angeles,EdgeUp 2026 Engineering Manager LevelUp Program (with Agentic AI Interview Prep),DEFAULT COHORT (USA),15-Jun-2026,REFUNDED,REFUNDED,Refunded,PAYPAL,Invalid,,Sanjana
New ML,179555889187,America/Chicago,Machine Learning Program (with Agentic AI),Machine Learning Program - Mid-December 2025,15-Jun-2026,ENROLLED,Flexipay_has_time_to_pay,Flexipay_has_time_to_pay,0_PERCENT_APR_FLEXIPAY,Yet to Connect,Flexipay,SSA-1
EdgeUp,300000179978,America/New_York,EdgeUp 2026 Engineering Manager LevelUp Program (with Agentic AI Interview Prep),"Applied Agentic AI for EM's - Early-July 2026",15-Jun-2026,FULL_PAYMENT_PAID,has_paid_in_full,Fully Paid,CLIMBCREDIT,Onboarded,Upfront Payment,Anjali
EdgeUp,300000187051,America/Chicago,EdgeUp 2026 Backend LevelUp Program (with Agentic AI Interview Prep),Applied Agentic AI for SWEs - Early-July 2026,15-Jun-2026,FULL_PAYMENT_PAID,has_paid_in_full,Fully Paid,STRIPE_MANUAL_PAYMENT,Onboarded,Upfront Payment,Anjali
Step Up,300000188079,America/Los_Angeles,Site Reliability Engineering Interview Prep Fast Track Program,Self-Paced SRE FastTrack,14-Jun-2026,FULL_PAYMENT_PAID,has_paid_in_full,Fully Paid,PAYPAL,Onboarded,Upfront Payment,Kamal
Advanced ML,300000188524,America/Chicago,Advanced Machine Learning Program (with Agentic AI),Advanced Machine Learning Program - 2nd Mid-August 2026,15-Jun-2026,FULL_PAYMENT_PAID,has_paid_in_full,Fully Paid,CLIMBCREDIT,Onboarded,Upfront Payment,Samarth
EdgeUp,101331201,America/Detroit,EdgeUp 2026 Engineering Manager LevelUp Program (with Agentic AI Interview Prep),Applied Agentic AI for EM's - Early-July 2026,16-Jun-2026,ENROLLED,has_time_to_pay,has_time_to_pay,STRIPE_CARD,Onboarded Via Calendly,Non-Upfront Payment,Anjali
EdgeUp,9264992,America/New_York,EdgeUp 2026 Engineering Manager LevelUp Program (with Agentic AI Interview Prep),Applied Agentic AI for EM's - Early-July 2026,16-Jun-2026,ENROLLED_WITH_NO_DUES,has_paid_in_full,Fully Paid,ACH_TRANSFER,Onboarded,Upfront Payment,Disha
EdgeUp,276056751,America/Chicago,EdgeUp 2026 Engineering Manager LevelUp Program (with Agentic AI Interview Prep),Applied Agentic AI - Early-July 2026,16-Jun-2026,FULL_PAYMENT_PAID,has_paid_in_full,Fully Paid,CLIMBCREDIT,Onboarded,Upfront Payment,Sharon
EdgeUp Step Up,159105464328,America/New_York,EdgeUp Technical Program Manager StepUp Program (with Agentic AI),"Applied Agentic AI - Early-July 2026
",16-Jun-2026,FULL_PAYMENT_PAID,has_paid_in_full,Fully Paid,CLIMBCREDIT,Onboarded,Upfront Payment,Anjali
Step Up,160017906432,US/Pacific,Engineering Management Interview Prep Fast Track Program,Self-Paced Engineering Management FastTrack,16-Jun-2026,ENROLLED_WITH_NO_DUES,has_paid_in_full,Fully Paid,STRIPE_CARD,Onboarded,Upfront Payment,Pragya
EdgeUp,176987218782,America/Los_Angeles,EdgeUp 2026 Data Science LevelUp Program (with Agentic AI Interview Prep),Applied Agentic AI for SWEs - Early-July 2026,16-Jun-2026,ENROLLED_WITH_NO_DUES,has_paid_in_full,Fully Paid,ACH_TRANSFER,Onboarded,Upfront Payment,Kamal
EdgeUp Step Up,300000190376,America/New_York,EdgeUp 2026 Technical Program Manager StepUp Program (with Agentic AI Interview Prep),Applied Agentic AI - Early-July 2026,16-Jun-2026,FULL_PAYMENT_PAID,has_paid_in_full,Fully Paid,CLIMBCREDIT,Onboarded,Upfront Payment,Kamal
EdgeUp,9630767,America/Los_Angeles,EdgeUp Data Analyst & Business Analyst LevelUp Program (with Agentic AI),Applied Agentic AI for SWEs - Early-July 2026,17-Jun-2026,FULL_PAYMENT_PAID,has_paid_in_full,Fully Paid,CLIMBCREDIT,Incomplete OB ,Upfront Payment,Suraj
FDE Full program,264129451,America/New_York,Forward Deployed Engineering Program,Forward Deployed Engineering - Mid-July 2026,17-Jun-2026,ENROLLED_WITH_NO_DUES,has_paid_in_full,Fully Paid,STRIPE_CARD,Onboarded,Upfront Payment,Samarth
FDE Upskill,417781202,America/Denver,Forward Deployed Engineering (Upskilling Program),Forward Deployed Engineering - 2nd Mid-June 2026,17-Jun-2026,FULL_PAYMENT_PAID,has_paid_in_full,Fully Paid,CLIMBCREDIT,Onboarded,Upfront Payment,Sharon
Level Up,88498355063,America/Chicago,Embedded Systems Interview Prep Program,Embedded Systems Interview Prep - Early-July 2026,17-Jun-2026,ENROLLED_WITH_NO_DUES,has_paid_in_full,Fully Paid,CLIMBCREDIT,Onboarded,Upfront Payment,Kamal
EdgeUp Step Up,191156212879,America/New_York,EdgeUp 2026 Technical Program Manager StepUp Program (with Agentic AI Interview Prep),Applied Agentic AI - Early-July 2026,17-Jun-2026,FULL_PAYMENT_PAID,has_paid_in_full,Fully Paid,CLIMBCREDIT,Onboarded,Upfront Payment,Samarth
FDE Full program,200671237438,America/Chicago,Forward Deployed Engineering Program,Forward Deployed Engineering - Mid-July 2026,17-Jun-2026,ENROLLED,has_time_to_pay,Fully Paid,STRIPE_CARD,Onboarded,Upfront Payment,Kamal
FDE Full program,300000185037,America/Los_Angeles,Forward Deployed Engineering Program,Forward Deployed Engineering - Mid-July 2026,17-Jun-2026,FULL_PAYMENT_PAID,has_paid_in_full,Fully Paid,CLIMBCREDIT,Onboarded,Upfront Payment,Suraj
Step Up,300000191020,America/Los_Angeles,Backend Interview Prep Fast Track Program,Self-Paced Backend FastTrack,17-Jun-2026,ENROLLED_WITH_NO_DUES,has_paid_in_full,Fully Paid,STRIPE_CARD,Onboarded,Upfront Payment,Suraj
New ML,300000191135,America/Los_Angeles,Machine Learning Program (with Agentic AI),Machine Learning Program - 2nd Mid-July 2026,17-Jun-2026,FULL_PAYMENT_PAID,has_paid_in_full,Fully Paid,CLIMBCREDIT,Onboarded,Upfront Payment,Suraj
EdgeUp Step Up,9599169,America/New_York,EdgeUp 2026 Backend StepUp Program (with Agentic AI Interview Prep),Applied Agentic AI for SWEs - Early-July 2026,18-Jun-2026,ENROLLED,Flexipay_has_time_to_pay,Flexipay_has_time_to_pay,0_PERCENT_APR_FLEXIPAY,Onboarded,Flexipay,Ajil
EdgeUp Step Up,73512001,America/Chicago,EdgeUp 2026 Technical Program Manager StepUp Program (with Agentic AI Interview Prep),"Applied Agentic AI - Early-July 2026",18-Jun-2026,FULL_PAYMENT_PAID,has_paid_in_full,Fully Paid,CLIMBCREDIT,Onboarded,Upfront Payment,Ajil
EdgeUp,57994110558,America/Los_Angeles,EdgeUp 2026 Embedded Systems LevelUp Program (with Agentic AI Interview Prep),Embedded Systems Interview Prep - Early-July 2026,18-Jun-2026,ENROLLED_WITH_NO_DUES,has_paid_in_full,Fully Paid,STRIPE_CARD,Onboarded,Upfront Payment,Samarth
EdgeUp Step Up,180986528881,America/Los_Angeles,EdgeUp 2026 Site Reliability Engineering & DevOps StepUp Program (with Agentic AI Interview Prep),Applied Agentic AI - Early-September 2026,18-Jun-2026,ENROLLED_WITH_NO_DUES,has_paid_in_full,Fully Paid,CLIMBCREDIT,Onboarded,Upfront Payment,Kamal
EdgeUp Step Up,204604634743,America/Indiana/Indianapolis,EdgeUp Fullstack StepUp Program (with Agentic AI),Applied Agentic AI for SWEs - Early-July 2026,18-Jun-2026,FULL_PAYMENT_PAID,has_paid_in_full,Fully Paid,CLIMBCREDIT,VM - 4 Attempts,Upfront Payment,Disha
FDE Upskill,206901380627,America/New_York,Forward Deployed Engineering (Upskilling Program),Forward Deployed Engineering - Mid-July 2026,18-Jun-2026,DEPOSIT_PAID,Flexipay_has_time_to_pay,Flexipay_has_time_to_pay,0_PERCENT_APR_FLEXIPAY,Onboarded,Flexipay,Disha
Step Up,300000165720,America/Chicago,Fullstack Interview Prep Fast Track Program,Self-Paced Fullstack FastTrack,18-Jun-2026,ENROLLED_WITH_NO_DUES,has_paid_in_full,Fully Paid,CLIMBCREDIT,Onboarded,Upfront Payment,Samarth
Level Up,300000178186,America/Los_Angeles,Early Engineering Interview Prep Program,Early Engineering - End-June 2026,18-Jun-2026,ENROLLED_WITH_NO_DUES,has_paid_in_full,Fully Paid,ACH_TRANSFER	,Onboarded,Upfront Payment,Suraj
FDE Full program,300000187825,America/Chicago,Forward Deployed Engineering Program,"Forward Deployed Engineering - 2nd Mid-June 2026",18-Jun-2026,FULL_PAYMENT_PAID,has_paid_in_full,Fully Paid,CLIMBCREDIT,Onboarded,Upfront Payment,Ajil
EdgeUp,300000190167,America/Los_Angeles,EdgeUp 2026 Data Engineering LevelUp Program (with Agentic AI Interview Prep),Data Engineering Interview Prep - Early-August 2026,18-Jun-2026,ENROLLED_WITH_NO_DUES,has_paid_in_full,Fully Paid,CLIMBCREDIT,Callback Requested,Upfront Payment,Kamal
Step Up,300000191520,America/Chicago,Engineering Management Interview Prep Fast Track Program,Self-Paced Engineering Management FastTrack,18-Jun-2026,FULL_PAYMENT_PAID,has_paid_in_full,Fully Paid,CLIMBCREDIT,Onboarded Via Calendly,Upfront Payment,Disha
Level Up,520881201,America/Chicago,Fullstack Engineering Interview Prep Program,Fullstack Interview Prep - End-June 2026,18-Jun-2026,ENROLLED_WITH_NO_DUES,has_paid_in_full,Fully Paid,PAYPAL,Onboarded,Upfront Payment,Suraj
EdgeUp,9275967,America/Los_Angeles,EdgeUp 2026 Engineering Manager LevelUp Program (with Agentic AI Interview Prep),Engineering Management Interview Prep - End-June 2026,19-Jun-2026,ENROLLED_WITH_NO_DUES,has_paid_in_full,Fully Paid,ACH_TRANSFER,Onboarded,Upfront Payment,Ajil
EdgeUp Step Up,9277742,America/Los_Angeles,EdgeUp 2026 Fullstack StepUp Program (with Agentic AI Interview Prep),"
Applied Agentic AI for SWEs - 2nd Mid-June 2026",19-Jun-2026,ENROLLED_WITH_NO_DUES,has_paid_in_full,Fully Paid,PAYPAL,Onboarded,Upfront Payment,Ajil
EdgeUp,9280749,America/Los_Angeles,EdgeUp 2026 Fullstack LevelUp Program (with Agentic AI Interview Prep),"Applied Agentic AI for SWEs - 2nd Mid-June 2026
",18-Jun-2026,ENROLLED_WITH_NO_DUES,has_paid_in_full,Fully Paid,ACH_TRANSFER,Onboarded,Upfront Payment,Ajil
FDE Upskill,9627064,Europe/Amsterdam,Forward Deployed Engineering (Upskilling Program),Forward Deployed Engineering - Mid-July 2026,19-Jun-2026,ENROLLED,Flexipay_has_time_to_pay,Flexipay_has_time_to_pay,0_PERCENT_APR_FLEXIPAY,Onboarded,Flexipay,Disha
EdgeUp,23098701,America/Phoenix,EdgeUp 2026 Backend LevelUp Program (with Agentic AI Interview Prep),Applied Agentic AI for SWEs - Early-July 2026,19-Jun-2026,ENROLLED_WITH_NO_DUES,has_paid_in_full,Fully Paid,STRIPE_CARD,Onboarded,Upfront Payment,Disha
FDE Full program,113294301,America/Chicago,Forward Deployed Engineering Program,Forward Deployed Engineering - 2nd Mid-June 2026,19-Jun-2026,FULL_PAYMENT_PAID,has_paid_in_full,Fully Paid,CLIMBCREDIT,Onboarded,Upfront Payment,Safoora
FDE Full program,183838851,America/Chicago,Forward Deployed Engineering Program,,19-Jun-2026,FULL_PAYMENT_PAID,has_paid_in_full,Fully Paid,STRIPE_CARD,VM - 4 Attempts,Upfront Payment,Safoora
Level Up,269262303,America/Kentucky/Louisville,Data Engineering Interview Prep Program,Data Engineering Interview Prep - End-June 2026,19-Jun-2026,ENROLLED_WITH_NO_DUES,has_paid_in_full,Fully Paid,PAYPAL,Onboarded,Upfront Payment,Samarth
EdgeUp,435903401,America/Chicago,EdgeUp 2026 Fullstack LevelUp Program (with Agentic AI Interview Prep),"Applied Agentic AI for SWEs - Early-July 2026",19-Jun-2026,FULL_PAYMENT_PAID,has_paid_in_full,Fully Paid,CLIMBCREDIT,VM - 4 Attempts,Upfront Payment,Disha
EdgeUp Step Up,134622506157,America/New_York,EdgeUp 2026 Engineering Management StepUp Program (with Agentic AI Interview Prep),Applied Agentic AI for EM's - Early-July 2026,19-Jun-2026,ENROLLED_WITH_NO_DUES,has_paid_in_full,Fully Paid,STRIPE_CARD,Callback Requested,Upfront Payment,Ajil
New ML,300000177795,America/Los_Angeles,Machine Learning Program (with Agentic AI),Machine Learning Program - 2nd Mid-July 2026,19-Jun-2026,FULL_PAYMENT_PAID,has_paid_in_full,Fully Paid,CLIMBCREDIT,Incomplete OB ,Upfront Payment,Sanjana
EdgeUp,300000180660,America/New_York,EdgeUp 2026 Backend LevelUp Program (with Agentic AI Interview Prep),Backend Engineering Interview Prep - End-June 2026,19-Jun-2026,FULL_PAYMENT_PAID,has_paid_in_full,Fully Paid,CLIMBCREDIT,Onboarded,Upfront Payment,Sanjana
Step Up,300000186914,America/Los_Angeles,Early Engineering Fast Track Program,Self-Paced Early Engineering FastTrack,19-Jun-2026,ENROLLED_WITH_NO_DUES,has_paid_in_full,Fully Paid,CLIMBCREDIT,Onboarded,Upfront Payment,Pragya
New ML,300000189754,America/New_York,Machine Learning Program (with Agentic AI),Machine Learning Program- 2nd Mid-July 2026,19-Jun-2026,FULL_PAYMENT_PAID,has_paid_in_full,Fully Paid,STRIPE_MANUAL_PAYMENT,Onboarded,Upfront Payment,Anjali
EdgeUp,300000190241,America/New_York,EdgeUp 2026 Test Engineering LevelUp Program (with Agentic AI Interview Prep),"Applied Agentic AI for SWEs - Early-July 2026",19-Jun-2026,FULL_PAYMENT_PAID,has_paid_in_full,Fully Paid,CLIMBCREDIT,Onboarded,Upfront Payment,Pragya
EdgeUp Step Up,9268454,America/New_York,EdgeUp 2026 Technical Program Manager StepUp Program (with Agentic AI Interview Prep),Applied Agentic AI - Early-July 2026,20-Jun-2026,ENROLLED_WITH_NO_DUES,has_paid_in_full,Fully Paid,CLIMBCREDIT,Onboarded Via Calendly,Upfront Payment,Manish
EdgeUp,246909852,America/Los_Angeles,EdgeUp AWS Cloud Solutions Architect LevelUp Program (with Agentic AI),DEFAULT COHORT (USA),20-Jun-2026,ACCOUNT_PAUSED,refunded,Invalid,,Yet to Connect,,SSA-1
EdgeUp,62613110897,America/New_York,EdgeUp 2026 Security Engineering LevelUp Program (with Agentic AI Interview Prep),Applied Agentic AI for SWEs - Early-July 2026,20-Jun-2026,ENROLLED,has_time_to_pay,has_time_to_pay,STRIPE_CARD,Onboarded,Non-Upfront Payment,Ajil
FDE Full program,300000181979,America/Chicago,Forward Deployed Engineering Program,Forward Deployed Engineering - Mid-July 2026,20-Jun-2026,ENROLLED_WITH_NO_DUES,has_paid_in_full,Fully Paid,PAYPAL,Onboarded,Upfront Payment,Disha
FDE Full program,300000190372,America/New_York,Forward Deployed Engineering Program,Forward Deployed Engineering - Mid-July 2026,20-Jun-2026,FULL_PAYMENT_PAID,has_paid_in_full,Fully Paid,CLIMBCREDIT,Onboarded,Upfront Payment,Sanjana
Level Up,300000191687,America/New_York,Early Engineering Interview Prep Program,Early Engineering - End-June 2026,20-Jun-2026,FULL_PAYMENT_PAID,has_paid_in_full,Fully Paid,CLIMBCREDIT,Onboarded,Upfront Payment,Ajil
EdgeUp Step Up,40754810397,America/New_York,EdgeUp Site Reliability Engineering & DevOps StepUp Program (with Agentic AI),"Applied Agentic AI for SWEs - Early-July 2026",21-Jun-2026,FULL_PAYMENT_PAID,has_paid_in_full,Fully Paid,CLIMBCREDIT,Onboarded,Upfront Payment,Ajil
FDE Full program,9627478,America/Los_Angeles,Forward Deployed Engineering Program,Forward Deployed Engineering - Mid-July 2026,21-Jun-2026,ENROLLED_WITH_NO_DUES,has_paid_in_full,Fully Paid,ACH_TRANSFER,Onboarded,Upfront Payment,Sanjana
EdgeUp,128001802800,America/Chicago,EdgeUp 2026 Technical Program Manager LevelUp Program (with Agentic AI Interview Prep),Applied Agentic AI - 2nd mid-July 2026,21-Jun-2026,FULL_PAYMENT_PAID,has_paid_in_full,Fully Paid,CLIMBCREDIT,VM - 4 Attempts,Upfront Payment,Safoora
EdgeUp Step Up,215459554068,America/Phoenix,EdgeUp Technical Program Manager StepUp Program (with Agentic AI),Applied Agentic AI - Early-July 2026,21-Jun-2026,ENROLLED_WITH_NO_DUES,has_paid_in_full,Fully Paid,STRIPE_CARD,Onboarded,Upfront Payment,Sanjana
FDE Full program,300000183359,America/Chicago,Forward Deployed Engineering Program,Forward Deployed Engineering - Mid-July 2026,21-Jun-2026,ENROLLED_WITH_NO_DUES,has_paid_in_full,Fully Paid,ACH_TRANSFER	,Onboarded,Upfront Payment,Anjali
EdgeUp,300000184373,America/Chicago,EdgeUp 2026 Technical Program Manager LevelUp Program (with Agentic AI Interview Prep),TPM Interview Prep - Mid-July 2026,21-Jun-2026,ENROLLED_WITH_NO_DUES,has_paid_in_full,Fully Paid,STRIPE_CARD,Onboarded,Upfront Payment,Manish
New ML,300000184813,America/New_York,Machine Learning Program (with Agentic AI),Machine Learning Program - 2nd Mid-July 2026,21-Jun-2026,ENROLLED,Flexipay_has_time_to_pay,Flexipay_has_time_to_pay,0_PERCENT_APR_FLEXIPAY,Onboarded,Flexipay,Manish
Level Up,300000191638,America/New_York,Early Engineering Interview Prep Program,Early Engineering - End-June 2026,21-Jun-2026,ENROLLED_WITH_NO_DUES,has_paid_in_full,Fully Paid,STRIPE_CARD,Onboarded,Upfront Payment,Safoora
EdgeUp Step Up,300000191837,America/Los_Angeles,EdgeUp 2026 Product Manager (Tech) StepUp Program (with Agentic AI Interview Prep),Applied Agentic AI - Early-July 2026,21-Jun-2026,ENROLLED_WITH_NO_DUES,has_paid_in_full,Fully Paid,ACH_TRANSFER,Onboarded,Upfront Payment,Sharon
EdgeUp,300000192850,America/Los_Angeles,EdgeUp 2026 Data Science LevelUp Program (with Agentic AI Interview Prep),,21-Jun-2026,FULL_PAYMENT_PAID,has_paid_in_full,Fully Paid,CLIMBCREDIT,Incomplete OB ,Upfront Payment,Sharon
EdgeUp Step Up,9552960,America/New_York,EdgeUp 2026 Backend StepUp Program (with Agentic AI Interview Prep),Applied Agentic AI for SWEs - Early-July 2026,22-Jun-2026,ENROLLED_WITH_NO_DUES,has_paid_in_full,Fully Paid,PAYPAL,VM - 4 Attempts,Upfront Payment,Samarth
EdgeUp,20240908,America/Santo_Domingo,EdgeUp 2026 Backend LevelUp Program (with Agentic AI Interview Prep),Applied Agentic AI for SWEs - Early-July 2026,22-Jun-2026,ENROLLED_WITH_NO_DUES,has_paid_in_full,Fully Paid,CLIMBCREDIT,Onboarded,Upfront Payment,Samarth
EdgeUp Step Up,242088201,America/Chicago,EdgeUp Site Reliability Engineering & DevOps StepUp Program (with Agentic AI),Applied Agentic AI for SWEs - Early-July 2026,22-Jun-2026,ENROLLED_WITH_NO_DUES,has_paid_in_full,Fully Paid,CLIMBCREDIT,Onboarded,Upfront Payment,Ajil
EdgeUp Step Up,243335601,America/Los_Angeles,EdgeUp 2026 Technical Program Manager StepUp Program (with Agentic AI Interview Prep),Applied Agentic AI - Early-July 2026,22-Jun-2026,ENROLLED,Flexipay_has_time_to_pay,Flexipay_has_time_to_pay,0_PERCENT_APR_FLEXIPAY,Unable to Connect,Flexipay,Pragya
FDE Full program,299256301,America/New_York,Forward Deployed Engineering Program,Forward Deployed Engineering - Mid-July 2026,22-Jun-2026,ENROLLED,Flexipay_has_time_to_pay,Flexipay_has_time_to_pay,0_PERCENT_APR_FLEXIPAY,Onboarded,Flexipay,Safoora
New ML,48523111259,America/Chicago,Machine Learning Program (with Agentic AI),"Machine Learning Program - 2nd Mid-July 2026",22-Jun-2026,FULL_PAYMENT_PAID,has_paid_in_full,Fully Paid,CLIMBCREDIT,Onboarded,Upfront Payment,Safoora
EdgeUp Step Up,205614172813,America/Los_Angeles,EdgeUp 2026 Fullstack StepUp Program (with Agentic AI Interview Prep),Applied Agentic AI for SWEs - Early-July 2026,22-Jun-2026,FULL_PAYMENT_PAID,has_paid_in_full,Fully Paid,CLIMBCREDIT,Onboarded,Upfront Payment,Sharon
Level Up,300000193536,America/Los_Angeles,Early Engineering Interview Prep Program,Early Engineering - End-June 2026,22-Jun-2026,ENROLLED_WITH_NO_DUES,has_paid_in_full,Fully Paid,STRIPE_CARD,Onboarded,Upfront Payment,Sanjana
Agentic SkillUp,207552049046,America/Los_Angeles,Applied Agentic AI Program for EM,Applied Agentic AI for EM's - 2nd Mid-August 2026,23-Jun-2026,ENROLLED_WITH_NO_DUES,has_paid_in_full,Fully Paid,ACH_TRANSFER,Onboarded,Upfront Payment,Kamal
EdgeUp Step Up,,America/New_York,EdgeUp 2026 Product Manager (Tech) StepUp Program (with Agentic AI Interview Prep),Self-Paced Product Management FastTrack,23-Jun-2026,ENROLLED_WITH_NO_DUES,has_paid_in_full,Fully Paid,STRIPE_CARD,Onboarded,Upfront Payment,Anjali
FDE Full program,21622480288,America/New_York,Forward Deployed Engineering Program,Learner has asked to create a new profile,23-Jun-2026,DEPOSIT_PAID,Flexipay_has_time_to_pay,Flexipay_has_time_to_pay,0_PERCENT_APR_FLEXIPAY,Callback Requested,Non-Upfront Payment,Anjali
Step Up,116244549691,America/Los_Angeles,Technical Program Manager Interview Prep Fast Track Program,Self-Paced TPM FastTrack,23-Jun-2026,ENROLLED_WITH_NO_DUES,has_paid_in_full,Fully Paid,CLIMBCREDIT,Onboarded,Upfront Payment,Pragya
FDE Full program,146027202825,America/Los_Angeles,Forward Deployed Engineering Program,Forward Deployed Engineering - Mid-July 2026,22-Jun-2026,ENROLLED_WITH_NO_DUES,has_paid_in_full,Fully Paid,STRIPE_CARD,Onboarded,Upfront Payment,Sharon
FDE Full program,165440528217,America/New_York,Forward Deployed Engineering Program,Forward Deployed Engineering - Mid-July 2026,23-Jun-2026,ENROLLED,has_paid_in_full,Fully Paid,STRIPE_CARD,Onboarded,Upfront Payment,Disha
EdgeUp,215783712678,America/Los_Angeles,EdgeUp 2026 Data Engineering LevelUp Program (with Agentic AI Interview Prep),Data Engineering Interview Prep - Early-July 2026,23-Jun-2026,FULL_PAYMENT_PAID,has_paid_in_full,Flexipay_has_time_to_pay,CLIMBCREDIT,Onboarded,Flexipay,Kamal
EdgeUp,216557767310,America/Los_Angeles,EdgeUp 2026 Fullstack LevelUp Program (with Agentic AI Interview Prep),Fullstack Interview Prep - End-July 2026,23-Jun-2026,FULL_PAYMENT_PAID,has_paid_in_full,Fully Paid,CLIMBCREDIT,Onboarded,Upfront Payment,Sanjana
EdgeUp,300000166416,America/Chicago,EdgeUp 2026 Security Engineering LevelUp Program (with Agentic AI Interview Prep),Applied Agentic AI for SWEs - Early-July 2026,23-Jun-2026,ENROLLED_WITH_NO_DUES,has_paid_in_full,Fully Paid,CLIMBCREDIT,Onboarded,Upfront Payment,Anjali
EdgeUp Step Up,300000192235,America/New_York,EdgeUp 2026 Backend StepUp Program (with Agentic AI Interview Prep),"Applied Agentic AI for SWEs - Early-July 2026
",23-Jun-2026,ENROLLED_WITH_NO_DUES,has_paid_in_full,Fully Paid,CLIMBCREDIT,Callback Requested,Upfront Payment,Samarth
EdgeUp Step Up,300000193123,America/Chicago,EdgeUp Fullstack StepUp Program (with Agentic AI),Applied Agentic AI for SWEs - Early-July 2026,23-Jun-2026,ENROLLED_WITH_NO_DUES,has_paid_in_full,Fully Paid,ACH_TRANSFER,Incomplete OB ,Upfront Payment,Disha
EdgeUp Step Up,300000193153,America/Chicago,EdgeUp 2026 Technical Program Manager StepUp Program (with Agentic AI Interview Prep),Applied Agentic AI - Early-July 2026,23-Jun-2026,ENROLLED_WITH_NO_DUES,has_paid_in_full,Fully Paid,CLIMBCREDIT,Onboarded,Upfront Payment,Samarth
New ML,300000193067,America/New_York,Machine Learning Program (with Agentic AI),Machine Learning Program - 2nd Mid-July 2026,23-Jun-2026,ENROLLED_WITH_NO_DUES,has_paid_in_full,Fully Paid,CLIMBCREDIT,VM - 4 Attempts,Upfront Payment,Anjali
EdgeUp,9257937,America/Chicago,EdgeUp 2026 Engineering Manager LevelUp Program (with Agentic AI Interview Prep),Applied Agentic AI for EM's - Early-July 2026,24-Jun-2026,FULL_PAYMENT_PAID,has_paid_in_full,Fully Paid,STRIPE_CARD,Onboarded,Upfront Payment,Nishtha
EdgeUp,9308815,America/New_York,EdgeUp 2026 Data Engineering LevelUp Program (with Agentic AI Interview Prep),Applied Agentic AI for SWEs - Early-July 2026,24-Jun-2026,ENROLLED_WITH_NO_DUES,has_paid_in_full,Fully Paid,ACH_TRANSFER,Onboarded,Upfront Payment,Anjali
EdgeUp Step Up,9547099,America/Los_Angeles,EdgeUp 2026 Test Engineering StepUp Program (with Agentic AI Interview Prep),"Applied Agentic AI - Early-July 2026
",23-Jun-2026,ENROLLED_WITH_NO_DUES,has_paid_in_full,Fully Paid,CLIMBCREDIT,Onboarded,Upfront Payment,Pragya
EdgeUp,19942332075,America/Chicago,EdgeUp 2026 Machine Learning LevelUp Program (with Agentic AI Interview Prep),Applied Agentic AI for SWEs - Early-July 2026,24-Jun-2026,ENROLLED_WITH_NO_DUES,has_paid_in_full,Fully Paid,,Onboarded,Upfront Payment,Nishtha
EdgeUp,84451180949,America/New_York,EdgeUp Fullstack LevelUp Program (with Agentic AI),Applied Agentic AI for SWEs - Early-July 2026,24-Jun-2026,ENROLLED_WITH_NO_DUES,has_paid_in_full,Fully Paid,STRIPE_CARD,Onboarded Via Calendly,Upfront Payment,Disha
Advanced ML,164590065426,America/New_York,Advanced Machine Learning Program (with Agentic AI),Advanced Machine Learning Program - 2nd Mid-August 2026,24-Jun-2026,INVALID,INVALID,Invalid,CLIMBCREDIT,Invalid,Upfront Payment,Manish
FDE Full program,183668586085,America/Los_Angeles,Forward Deployed Engineering Program,Forward Deployed Engineering - Mid-July 2026,23-Jun-2026,ENROLLED_WITH_NO_DUES,has_paid_in_full,Fully Paid,CLIMBCREDIT,VM - 4 Attempts,Upfront Payment,Sharon
Level Up,300000188633,America/Chicago,Early Engineering Interview Prep Program,Early Engineering - Early-July 2026,23-Jun-2026,ENROLLED_WITH_NO_DUES,has_paid_in_full,Fully Paid,CLIMBCREDIT,Onboarded,Upfront Payment,Kamal
FDE Full program,300000193522,America/Chicago,Forward Deployed Engineering Program,Forward Deployed Engineering - Mid-July 2026,24-Jun-2026,ENROLLED_WITH_NO_DUES,has_paid_in_full,Fully Paid,CLIMBCREDIT,Onboarded,Upfront Payment,Nishtha
EdgeUp,300000193534,America/New_York,EdgeUp 2026 Technical Program Manager LevelUp Program (with Agentic AI Interview Prep),Applied Agentic AI - Early-July 2026,24-Jun-2026,FULL_PAYMENT_PAID,has_paid_in_full,Fully Paid,CLIMBCREDIT,Onboarded,Upfront Payment,Samarth
EdgeUp,300000194505,America/New_York,EdgeUp 2026 Data Analyst & Business Analyst LevelUp Program (with Agentic AI Interview Prep),Applied Agentic AI - Early-July 2026,24-Jun-2026,FULL_PAYMENT_PAID,has_paid_in_full,Fully Paid,CLIMBCREDIT,Onboarded,Upfront Payment,Disha
EdgeUp Step Up,300000194816,America/New_York,EdgeUp 2026 Product Manager (Tech) StepUp Program (with Agentic AI Interview Prep),Applied Agentic AI - Early-July 2026,24-Jun-2026,ENROLLED_WITH_NO_DUES,has_paid_in_full,Fully Paid,STRIPE_CARD,Callback Requested,Upfront Payment,Manish
FDE Full program,29916851,America/Los_Angeles,Forward Deployed Engineering Program,Forward Deployed Engineering - Mid-July 2026,25-Jun-2026,ENROLLED_WITH_NO_DUES,has_paid_in_full,Fully Paid,STRIPE_MANUAL_PAYMENT,Onboarded,Upfront Payment,Pragya
FDE Full program,53297001,America/Los_Angeles,Forward Deployed Engineering Program,Forward Deployed Engineering Pathway Program - Mid-July 2026,25-Jun-2026,FULL_PAYMENT_PAID,has_paid_in_full,Fully Paid,CLIMBCREDIT,Onboarded,Upfront Payment,Suraj
FDE Full program,529590551,America/Chicago,Forward Deployed Engineering Program,"Forward Deployed Engineering - Mid-July 2026
",25-Jun-2026,ENROLLED,has_time_to_pay,has_time_to_pay,STRIPE_MANUAL_PAYMENT,VM - 4 Attempts,Non-Upfront Payment,Safoora
FDE Full program,549345651,America/New_York,Forward Deployed Engineering Program,Forward Deployed Engineering - Mid-July 2026,25-Jun-2026,ENROLLED_WITH_NO_DUES,has_paid_in_full,Fully Paid,CLIMBCREDIT,Onboarded,Upfront Payment,Samarth
FDE Full program,57172978869,America/New_York,Forward Deployed Engineering Program,"Forward Deployed Engineering - Mid-July 2026",25-Jun-2026,FULL_PAYMENT_PAID,has_paid_in_full,Fully Paid,CLIMBCREDIT,Callback Requested,Upfront Payment,Disha
FDE Full program,203740162732,America/Los_Angeles,Forward Deployed Engineering Program,Forward Deployed Engineering - Mid-July 2026,25-Jun-2026,ENROLLED_WITH_NO_DUES,has_paid_in_full,Fully Paid,CLIMBCREDIT,Onboarded,Upfront Payment,Nishtha
New ML,300000188618,America/Chicago,Machine Learning Program (with Agentic AI),Machine Learning Program - 2nd Mid-July 2026,25-Jun-2026,FULL_PAYMENT_PAID,has_paid_in_full,Fully Paid,CLIMBCREDIT,Onboarded,Upfront Payment,Pragya
FDE Full program,300000193245,America/New_York,Forward Deployed Engineering Program,,25-Jun-2026,FULL_PAYMENT_PAID,has_paid_in_full,Fully Paid,CLIMBCREDIT,VM - 4 Attempts,Upfront Payment,Nishtha
Agentic SkillUp,300000194116,America/Los_Angeles,Applied Agentic AI Program for SWEs,Applied Agentic AI for SWEs - Mid-July 2026,25-Jun-2026,ENROLLED_WITH_NO_DUES,has_paid_in_full,Fully Paid,STRIPE_CARD,Onboarded,Upfront Payment,Nishtha
EdgeUp,300000194538,America/Chicago,EdgeUp 2026 Data Science LevelUp Program (with Agentic AI Interview Prep),Applied Agentic AI for SWEs - Early-July 2026,25-Jun-2026,ENROLLED,has_time_to_pay,has_time_to_pay,STRIPE_CARD,VM/VM Not Setup,,Suraj
FDE Full program,300000194663,America/Chicago,Forward Deployed Engineering Program,Forward Deployed Engineering - Early-August 2026,25-Jun-2026,FULL_PAYMENT_PAID,has_paid_in_full,Fully Paid,CLIMBCREDIT,VM/VM Not Setup,Upfront Payment,Suraj
EdgeUp Step Up,300000194864,America/Chicago,EdgeUp 2026 Product Manager (Tech) StepUp Program (with Agentic AI Interview Prep),Applied Agentic AI - Early-July 2026,25-Jun-2026,ENROLLED_WITH_NO_DUES,has_paid_in_full,Fully Paid,ACH_TRANSFER,Onboarded,Upfront Payment,Nishtha
Step Up,300000194910,America/New_York,Technical Program Manager Interview Prep Fast Track Program,Self-Paced TPM FastTrack,24-Jun-2026,ENROLLED_WITH_NO_DUES,has_paid_in_full,Fully Paid,STRIPE_MANUAL_PAYMENT,Onboarded,Upfront Payment,Pragya
FDE Full program,328575201,America/Chicago,Forward Deployed Engineering Program,Forward Deployed Engineering - Early-August 2026,26-Jun-2026,ENROLLED_WITH_NO_DUES,has_paid_in_full,Fully Paid,CLIMBCREDIT,Onboarded,Upfront Payment,Pragya
FDE Full program,9299675,America/Los_Angeles,Forward Deployed Engineering Program,Forward Deployed Engineering  - Early-August 2026,26-Jun-2026,FULL_PAYMENT_PAID,has_paid_in_full,Fully Paid,CLIMBCREDIT,Onboarded,Upfront Payment,Pragya
FDE Full program,61591001,America/Denver,Forward Deployed Engineering Program,Forward Deployed Engineering - Mid-July 2026,26-Jun-2026,ENROLLED,has_time_to_pay,has_time_to_pay,STRIPE_CARD,Onboarded,Non-Upfront Payment,Disha
FDE Full program,14238043,America/Los_Angeles,Forward Deployed Engineering Program,Forward Deployed Engineering - Mid-July 2026,26-Jun-2026,ENROLLED_WITH_NO_DUES,has_paid_in_full,Fully Paid,CLIMBCREDIT,Onboarded,Upfront Payment,Kamal
Level Up,36527764847,America/New_York,Engineering Manager Interview Prep Program,"Engineering Management Interview Prep - Mid-July 2026",26-Jun-2026,FULL_PAYMENT_PAID,has_paid_in_full,Fully Paid,STRIPE_MANUAL_PAYMENT,VM/VM Not Setup,Upfront Payment,Disha
EdgeUp,93752846712,America/Los_Angeles,EdgeUp Technical Program Manager LevelUp Program (with Agentic AI),,26-Jun-2026,FULL_PAYMENT_PAID,has_paid_in_full,Fully Paid,STRIPE_MANUAL_PAYMENT,Callback Requested,Upfront Payment,Kamal
EdgeUp Step Up,300000178007,America/New_York,EdgeUp 2026 Engineering Management StepUp Program (with Agentic AI Interview Prep),"Applied Agentic AI for EM's - Early-July 2026",26-Jun-2026,DEPOSIT_PAID,has_dropped_out,has_time_to_pay,STRIPE_MANUAL_PAYMENT,VM - 4 Attempts,Non-Upfront Payment,Safoora
Level Up,300000178443,America/Chicago,Early Engineering Interview Prep Program,Early Engineering - Early-July 2026,26-Jun-2026,ENROLLED_WITH_NO_DUES,has_paid_in_full,Fully Paid,CLIMBCREDIT,Onboarded,Upfront Payment,Sanjana
EdgeUp,300000180000,America/Los_Angeles,EdgeUp 2026 Technical Program Manager LevelUp Program (with Agentic AI Interview Prep),TPM Interview Prep - Early-August 2026,25-Jun-2026,ENROLLED,Flexipay_has_time_to_pay,Flexipay_has_time_to_pay,0_PERCENT_APR_FLEXIPAY,Onboarded,Flexipay,Suraj
EdgeUp,300000192851,America/Chicago,EdgeUp 2026 Frontend LevelUp Program (with Agentic AI Interview Prep),Applied Agentic AI for SWEs - Mid-July 2026,26-Jun-2026,INVALID,INVALID,Invalid,CLIMBCREDIT,Invalid,Upfront Payment,SSA-1
Step Up,300000193907,America/Los_Angeles,Backend Interview Prep Fast Track Program,Self-Paced Backend FastTrack,26-Jun-2026,FULL_PAYMENT_PAID,has_paid_in_full,Fully Paid,CLIMBCREDIT,Onboarded,Upfront Payment,Sanjana
FDE Full program,300000194360,America/Los_Angeles,Forward Deployed Engineering Program,Forward Deployed Engineering - Early-August 2026,26-Jun-2026,ENROLLED,has_time_to_pay,has_time_to_pay,STRIPE_CARD,VM - 4 Attempts,Non-Upfront Payment,Sanjana
Level Up,300000196394,America/Los_Angeles,Data Analyst & Business Analyst Interview Preparation Program,Data Analyst & Business Analyst Interview Prep - Mid-July 2026,26-Jun-2026,DEPOSIT_PAID,has_dropped_out,has_time_to_pay,STRIPE_CARD,Onboarded,Upfront Payment,Suraj
EdgeUp,300000194637,America/New_York,EdgeUp 2026 Machine Learning LevelUp Program (with Agentic AI Interview Prep),,27-Jun-2026,FULL_PAYMENT_PAID,has_paid_in_full,Fully Paid,CLIMBCREDIT,Callback Requested,,Ajil
EdgeUp,300000196594,America/New_York,EdgeUp 2026 Data Engineering LevelUp Program (with Agentic AI Interview Prep),Applied Agentic AI for SWEs - Early-July 2026,27-Jun-2026,ENROLLED_WITH_NO_DUES,has_paid_in_full,Fully Paid,STRIPE_CARD,Onboarded,Upfront Payment,Ajil
EdgeUp Step Up,300000196612,America/Los_Angeles,EdgeUp Test Engineering StepUp Program (with Agentic AI),Applied Agentic AI - Early-July 2026,27-Jun-2026,ENROLLED_WITH_NO_DUES,has_paid_in_full,Fully Paid,ACH_TRANSFER,Onboarded,Upfront Payment,Sharon
EdgeUp,9248051,America/Chicago,EdgeUp Test Engineering LevelUp Program (with Agentic AI),YTA,28-Jun-2026,DEPOSIT_PAID,has_dropped_out,Yet to Update,STRIPE_CARD,VM/VM Not Setup,Upfront Payment,Manish
EdgeUp,9275116,America/Los_Angeles,EdgeUp 2026 Embedded Systems LevelUp Program (with Agentic AI Interview Prep),Applied Agentic AI for SWEs - Mid-July 2026,28-Jun-2026,FULL_PAYMENT_PAID,account_deactivated,Fully Paid,CLIMBCREDIT,VM/VM Not Setup,Upfront Payment,Nishtha
EdgeUp Step Up,74886601,America/Los_Angeles,EdgeUp 2026 Data Science StepUp Program (with Agentic AI Interview Prep),Applied Agentic AI for SWEs - Mid-July 2026,28-Jun-2026,ENROLLED_WITH_NO_DUES,has_paid_in_full,Fully Paid,PAYPAL,VM/VM Not Setup,Upfront Payment,Nishtha
EdgeUp,453772804,America/Los_Angeles,EdgeUp 2026 Technical Program Manager LevelUp Program (with Agentic AI Interview Prep),Applied Agentic AI - Early-July 2026,28-Jun-2026,ENROLLED,has_time_to_pay,has_time_to_pay,STRIPE_MANUAL_PAYMENT,Onboarded,Upfront Payment,Sharon
EdgeUp Step Up,357215098,America/Los_Angeles,EdgeUp 2026 Backend StepUp Program (with Agentic AI Interview Prep),Applied Agentic AI - Early-July 2026,28-Jun-2026,FULL_PAYMENT_PAID,has_paid_in_full,Fully Paid,CLIMBCREDIT,Onboarded,Upfront Payment,Sharon
FDE Full program,157000737886,America/Los_Angeles,Forward Deployed Engineering Program,Forward Deployed Engineering - Mid-July 2026,28-Jun-2026,ENROLLED_WITH_NO_DUES,has_paid_in_full,Fully Paid,CLIMBCREDIT,Onboarded,Upfront Payment,Sanjana
FDE Full program,300000191646,America/New_York,Forward Deployed Engineering Program,Forward Deployed Engineering - Mid-July 2026,28-Jun-2026,ENROLLED_WITH_NO_DUES,has_paid_in_full,Fully Paid,ACH_TRANSFER,VM/VM Not Setup,Upfront Payment,Ajil
FDE Full program,300000193085,America/New_York,Forward Deployed Engineering Program,Forward Deployed Engineering - Mid-July 2026,28-Jun-2026,ENROLLED_WITH_NO_DUES,has_paid_in_full,Fully Paid,ACH_TRANSFER,VM/VM Not Setup,Upfront Payment,Safoora
EdgeUp,300000197762,America/Los_Angeles,EdgeUp 2026 Technical Program Manager LevelUp Program (with Agentic AI Interview Prep),Applied Agentic AI - Early-July 2026,28-Jun-2026,ENROLLED,has_time_to_pay,,STRIPE_MANUAL_PAYMENT,VM/VM Not Setup,Upfront Payment,Suraj
FDE Full program,9251490,America/Los_Angeles,Forward Deployed Engineering Program,Forward Deployed Engineering - Early-August 2026,29-Jun-2026,ENROLLED_WITH_NO_DUES,has_paid_in_full,Fully Paid,STRIPE_CARD,VM/VM Not Setup,,Sharon
FDE Pathway,343865801,America/New_York,FDE Pathway Program,Forward Deployed Engineering Pathway Program - Mid-July 2026,29-Jun-2026,ENROLLED_WITH_NO_DUES,has_paid_in_full,Fully Paid,STRIPE_CARD,VM/VM Not Setup,Upfront Payment,Samarth
EdgeUp,30676101,America/New_York,EdgeUp 2026 Data Engineering LevelUp Program (with Agentic AI Interview Prep),Applied Agentic AI for SWEs - Early-July 2026,29-Jun-2026,FULL_PAYMENT_PAID,has_paid_in_full,Fully Paid,CLIMBCREDIT,VM/VM Not Setup,Upfront Payment,Samarth
EdgeUp,508261401,America/Chicago,EdgeUp 2026 Engineering Manager LevelUp Program (with Agentic AI Interview Prep),Applied Agentic AI for EM's - Early-July 2026,29-Jun-2026,ENROLLED_WITH_NO_DUES,has_paid_in_full,Fully Paid,PAYPAL,VM/VM Not Setup,Upfront Payment,Nishtha
EdgeUp,228824451,America/Los_Angeles,EdgeUp 2026 AWS Cloud Solutions Architect LevelUp Program (with Agentic AI Interview Prep),Applied Agentic AI for SWEs - Early-July 2026,29-Jun-2026,FULL_PAYMENT_PAID,has_paid_in_full,Fully Paid,CLIMBCREDIT,Onboarded,Upfront Payment,Nishtha
EdgeUp,300000169755,America/Chicago,EdgeUp 2026 Fullstack LevelUp Program (with Agentic AI Interview Prep),Applied Agentic AI for SWEs - Mid-July 2026,29-Jun-2026,ENROLLED_WITH_NO_DUES,has_paid_in_full,Fully Paid,ACH_TRANSFER,Callback Requested,Upfront Payment,Sanjana
Step Up,300000196268,America/Los_Angeles,Machine Learning Interview Prep Fast Track Program,Self-Paced Machine Learning FastTrack,29-Jun-2026,ENROLLED_WITH_NO_DUES,has_paid_in_full,Fully Paid,STRIPE_CARD,VM/VM Not Setup,,Sharon
EdgeUp Step Up,300000196870,America/Los_Angeles,EdgeUp 2026 Technical Program Manager StepUp Program (with Agentic AI Interview Prep),Applied Agentic AI - Early-July 2026,29-Jun-2026,ENROLLED_WITH_NO_DUES,has_paid_in_full,Fully Paid,PAYPAL,Onboarded,Upfront Payment,Kamal
Fast Track ML,300000198408,America/New_York,Fast Track Machine Learning Program,Self-Paced Machine Learning FastTrack,29-Jun-2026,FULL_PAYMENT_PAID,has_paid_in_full,Fully Paid,CLIMBCREDIT,Callback Requested,Upfront Payment,Safoora
FDE Pathway,9302416,America/Los_Angeles,FDE Pathway Program,,30-Jun-2026,FULL_PAYMENT_PAID,has_paid_in_full,,CLIMBCREDIT,Yet to Connect,,Sharon
FDE Full program,34888101,America/Chicago,Forward Deployed Engineering Program,Forward Deployed Engineering - Early-August 2026,30-Jun-2026,ENROLLED_WITH_NO_DUES,has_paid_in_full,,CLIMBCREDIT,Yet to Connect,Upfront Payment,Kamal
FDE Pathway,200661301,America/New_York,FDE Pathway Program,,30-Jun-2026,FULL_PAYMENT_PAID,has_paid_in_full,,CLIMBCREDIT,Yet to Connect,,Anjali
FDE Upskill,450659201,America/New_York,Forward Deployed Engineering (Upskilling Program),DEFAULT COHORT (USA),30-Jun-2026,ENROLLED,has_time_to_pay,,STRIPE_CARD,Yet to Connect,,Anjali
Step Up,511686251,America/New_York,Technical Program Manager Interview Prep Fast Track Program,,30-Jun-2026,FULL_PAYMENT_PAID,has_paid_in_full,,CLIMBCREDIT,Yet to Connect,,Samarth
Agentic SkillUp,169864942102,America/Los_Angeles,Applied Agentic AI Program,Applied Agentic AI - 2nd mid-July 2026,29-Jun-2026,ENROLLED_WITH_NO_DUES,has_paid_in_full,,,Yet to Connect,,Nishtha
EdgeUp Step Up,187866437982,America/Chicago,EdgeUp 2026 Engineering Management StepUp Program (with Agentic AI Interview Prep),DEFAULT COHORT (USA),30-Jun-2026,ENROLLED_WITH_NO_DUES,has_paid_in_full,,STRIPE_MANUAL_PAYMENT,Yet to Connect,,Pragya
FDE Full program,209364183591,America/New_York,Forward Deployed Engineering Program,,30-Jun-2026,FULL_PAYMENT_PAID,has_paid_in_full,,CLIMBCREDIT,Yet to Connect,,Disha
EdgeUp,300000176330,America/New_York,EdgeUp 2026 Data Analyst & Business Analyst LevelUp Program (with Agentic AI Interview Prep),,29-Jun-2026,FULL_PAYMENT_PAID,has_paid_in_full,,CLIMBCREDIT,Yet to Connect,,Anjali
EdgeUp Step Up,300000197791,America/Los_Angeles,EdgeUp 2026 Engineering Management StepUp Program (with Agentic AI Interview Prep),,30-Jun-2026,FULL_PAYMENT_PAID,has_paid_in_full,,CLIMBCREDIT,Yet to Connect,,Pragya
New ML,187138337129,America/Toronto,Machine Learning Program (with Agentic AI),Machine Learning Program - Mid-May 2026,26-Dec-2025,Flexipay_has_time_to_pay,ENROLLED,Flexipay_has_time_to_pay,0_PERCENT_APR_FLEXIPAY,Onboarded,,Archi
EdgeUp Step Up,34743962,US/Pacific,EdgeUp Engineering Management StepUp Program (with Agentic AI),Engineering Management Fast Track Masterclass,26-Dec-2025,has_paid_in_full,ENROLLED_WITH_NO_DUES,Refunded,PAYPAL,Incomplete OB,,Anjali
Level Up,162154972847,America/Chicago,Backend Engineering Interview Prep Program,Backend Interview Prep - Early-January 2026,26-Dec-2025,has_paid_in_full,ENROLLED_WITH_NO_DUES,Invalid,ACH_TRANSFER,Incomplete OB,,Anwesh
Level Up,166944119813,America/Los_Angeles,Technical Program Manager Interview Prep Program,TPM Interview Prep - Early-Febuary 2026,26-Dec-2025,has_paid_in_full,ENROLLED_WITH_NO_DUES,Fully Paid,KLARNA,Onboarded,,Anjali
New ML,188168877686,America/Los_Angeles,Machine Learning Program (with Agentic AI),Machine Learning Program - Mid-February 2026,26-Dec-2025,Flexipay_has_time_to_pay,ENROLLED,Flexipay Refunded,0_PERCENT_APR_FLEXIPAY,VM - 4 Attempts,,Nishtha
EdgeUp,187843603803,America/Chicago,EdgeUp Data Analyst & Business Analyst LevelUp Program (with Agentic AI),"Data Analyst & Business Analyst Interview Prep - 2nd Mid-January 2026",26-Dec-2025,Full Payment Paid,ENROLLED_WITH_NO_DUES,Fully Paid,STRIPE_CARD,Onboarded,,Anwesh
New ML,381774452,America/Chicago,Machine Learning Program (with Agentic AI),Machine Learning Program - Mid-May 2026,26-Dec-2025,has_paid_in_full,ENROLLED_WITH_NO_DUES,Fully Paid,CLIMBCREDIT,Onboarded,,Nishtha
New ML,187701153561,America/Chicago,Machine Learning Program (with Agentic AI),Data Analyst & Business Analyst Interview Prep - 2nd Mid-February 2026,27-Dec-2025,Flexipay_has_time_to_pay,ENROLLED,Flexipay_has_time_to_pay,0_PERCENT_APR_FLEXIPAY,Onboarded,,Suraj
Agentic SkillUp,187805800285,America/New_York,Applied Agentic AI Program for EM,Applied Agentic AI for EM's - Early-January 2026,27-Dec-2025,has_paid_in_full,ENROLLED_WITH_NO_DUES,Fully Paid,ACH_TRANSFER,Onboarded,,Kamal
Level Up,186488601,America/Los_Angeles,Technical Program Manager Interview Prep Program,TPM Interview Prep - Early-Febuary 2026,27-Dec-2025,has_paid_in_full,ENROLLED_WITH_NO_DUES,Fully Paid,PAYPAL,Onboarded,,Suraj
EdgeUp,37655687738,America/Los_Angeles,EdgeUp Fullstack LevelUp Program (with Agentic AI),Applied Agentic AI for SWEs - 2nd Mid-January 2026,29-Dec-2025,has_paid_in_full,ENROLLED_WITH_NO_DUES,Fully Paid,KLARNA,Onboarded,,Archi
EdgeUp,487064251,America/Los_Angeles,EdgeUp Technical Program Manager LevelUp Program (with Agentic AI),Applied Agentic AI - Early-February 2026,28-Dec-2025,has_paid_in_full,ENROLLED_WITH_NO_DUES,Fully Paid,STRIPE_CARD,Onboarded,,Samarth
Agentic SkillUp,119109072939,America/Los_Angeles,Applied Agentic AI Program for SWEs,Applied Agentic AI For SWEs - Early-January 2026,28-Dec-2025,has_paid_in_full,ENROLLED_WITH_NO_DUES,Fully Paid,KLARNA,Onboarded,,Muskan
EdgeUp Step Up,145718009134,America/New_York,EdgeUp Technical Program Manager StepUp Program (with Agentic AI),Applied Agentic AI - 2nd Mid-January 2026,28-Dec-2025,has_paid_in_full,ENROLLED_WITH_NO_DUES,Fully Paid,PAYPAL,Onboarded,,Suraj
Agentic SkillUp,9301163,America/New_York,Applied Agentic AI Program for SWEs,Applied Agentic AI For SWEs - Early-January 2026,29-Dec-2025,has_paid_in_full,ENROLLED_WITH_NO_DUES,Fully Paid,ACH_TRANSFER,Onboarded,,Archi
Step Up,186928841049,America/New_York,Security Engineering SysD Only Interview Prep Fast Track Program,Security Engineering SysD Fast Track Masterclass,29-Dec-2025,has_paid_in_full,ENROLLED_WITH_NO_DUES,Fully Paid,STRIPE_CARD,Onboarded,,Anjali
EdgeUp,188924376640,America/Los_Angeles,EdgeUp Technical Program Manager LevelUp Program (with Agentic AI),Applied Agentic AI - Early-January 2026,29-Dec-2025,has_paid_in_full,ENROLLED_WITH_NO_DUES,Fully Paid,PAYPAL,Onboarded,,Muskan
EdgeUp,185170261094,America/Chicago,EdgeUp Data Analyst & Business Analyst LevelUp Program (with Agentic AI),Data Analyst & Business Analyst Interview Prep - 2nd Mid-January 2026,29-Dec-2025,has_paid_in_full,ENROLLED_WITH_NO_DUES,Fully Paid,KLARNA,Onboarded,,Anwesh
EdgeUp,89825177134,America/Chicago,EdgeUp Product Manager (Tech) LevelUp Program (with Agentic AI),Product Management Interview Prep - Mid-January 2026,29-Dec-2025,has_paid_in_full,ENROLLED_WITH_NO_DUES,Refunded,ACH_TRANSFER,Onboarded,,Archi
EdgeUp,186026091299,America/Chicago,EdgeUp Engineering Manager LevelUp Program (with Agentic AI),Applied Agentic AI for EM's - 2nd Mid-January 2026,29-Dec-2025,Flexipay_has_time_to_pay,ENROLLED,Fully Paid,0_PERCENT_APR_FLEXIPAY,Onboarded,,Suraj
EdgeUp,141173644200,America/Chicago,EdgeUp Technical Program Manager LevelUp Program (with Agentic AI),Applied Agentic AI - Early-January 2026,26-Dec-2025,has_paid_in_full,ENROLLED_WITH_NO_DUES,Fully Paid,CLIMBCREDIT,VM - 4 Attempts,,Suraj
Advanced ML,354949751,America/New_York,Advanced Machine Learning Program (with Agentic AI),Advanced Machine Learning Program - Early-February 2025,29-Dec-2025,Flexipay_has_time_to_pay,ENROLLED,Refunded,0_PERCENT_APR_FLEXIPAY,Incomplete OB,,Kamal
Level Up,188565777188,America/New_York,Site Reliability Engineering & DevOps Interview Prep Program,SRE Interview Prep - Early-January 2026,29-Dec-2025,has_paid_in_full,ENROLLED_WITH_NO_DUES,Fully Paid,ACH_TRANSFER,Onboarded,,Pragya
Paid Upgrade,183757173430,America/Los_Angeles,Site Reliability Engineering Interview Preparation Pathway,SRE Interview Prep Pathway - Early-April 2026,29-Dec-2025,has_paid_in_full,ENROLLED_WITH_NO_DUES,Fully Paid,ACH_TRANSFER,Onboarded,,Suraj
EdgeUp,43989651,America/New_York,EdgeUp Technical Program Manager LevelUp Program (with Agentic AI),Applied Agentic AI - Early-January 2026,29-Dec-2025,has_paid_in_full,ENROLLED_WITH_NO_DUES,Fully Paid,PAYPAL,Onboarded,,Pragya
New ML,103013170262,America/New_York,Machine Learning Program (with Agentic AI),Machine Learning Program - Mid-January 2026,29-Dec-2025,has_paid_in_full,ENROLLED_WITH_NO_DUES,Fully Paid,STRIPE_CARD,Incomplete OB,,Sharon
EdgeUp,188424679349,America/Los_Angeles,EdgeUp Engineering Manager LevelUp Program (with Agentic AI),Engineering Management Interview Prep - Mid-January 2026,29-Dec-2025,Flexipay_has_time_to_pay,ENROLLED,Flexipay_has_time_to_pay,0_PERCENT_APR_FLEXIPAY,Onboarded,,Anjali
New ML,188051586837,America/New_York,Machine Learning Program (with Agentic AI),Machine Learning Program - Mid-January 2026,29-Dec-2025,has_paid_in_full,ENROLLED_WITH_NO_DUES,Refunded,KLARNA,Incomplete OB,,Kamal
New ML,161443093852,America/Los_Angeles,Machine Learning Program (with Agentic AI),Machine Learning Program - Mid-January 2026,29-Dec-2025,Flexipay_has_time_to_pay,ENROLLED,Flexipay_has_time_to_pay,0_PERCENT_APR_FLEXIPAY,Onboarded,,Kamal
New ML,27245781,America/Los_Angeles,Machine Learning Program (with Agentic AI),Machine Learning Program - Mid-January 2026,29-Dec-2025,Flexipay_has_time_to_pay,ENROLLED,Flexipay_has_time_to_pay,0_PERCENT_APR_FLEXIPAY,Onboarded,,Sharon
EdgeUp Step Up,188856184323,America/Toronto,EdgeUp Technical Program Manager StepUp Program (with Agentic AI),Technical Program Manager Fast Track Program,29-Dec-2025,Flexipay_has_time_to_pay,ENROLLED,Flexipay_has_time_to_pay,0_PERCENT_APR_FLEXIPAY,Onboarded,,Anjali
New ML,188935872672,America/New_York,Machine Learning Program (with Agentic AI),Machine Learning Program - Mid-May 2026,29-Dec-2025,has_paid_in_full,ENROLLED_WITH_NO_DUES,Fully Paid,KLARNA,Onboarded,,Sanjana
Advanced ML,188750861135,America/Los_Angeles,Advanced Machine Learning Program (with Agentic AI),Advanced Machine Learning Program - Early-February 2026,29-Dec-2025,has_paid_in_full,ENROLLED_WITH_NO_DUES,Fully Paid,KLARNA,Onboarded,,Sanjana
EdgeUp Step Up,187155991337,CST,EdgeUp Test Engineering StepUp Program (with Agentic AI),Test Engineering Fast Track Masterclass,26-Dec-2025,FULL_PAYMENT_PAID,FULL_PAYMENT_PAID,Fully Paid,CLIMB CREDIT,Onboarded,,Anjali
EdgeUp,32078551,CST,EdgeUp Engineering Manager LevelUp Program (with Agentic AI),Applied Agentic AI for EM's - Early-January 2026,27-Dec-2025,FULL_PAYMENT_PAID,FULL_PAYMENT_PAID,Fully Paid,CLIMB CREDIT,Onboarded,,Sanjana
EdgeUp,121574401,CST,EdgeUp Data Engineering LevelUp Program (with Agentic AI),Data Engineering Interview Prep – Mid-August 2026 cohort,28-Dec-2025,DEPOSIT_PAID,DEPOSIT_PAID,Flexipay_has_time_to_pay,STRIPE_CARD,Callback Requested,,Pragya
Step Up,60440751,America/Los_Angeles,AWS Cloud Solution Architect Interview Prep Fast Track Program,Cloud Fast Track Masterclass,31-Dec-2025,paid_deposit_but_not_enrolled,DEPOSIT_PAID,has_time_to_pay,STRIPE_MANUAL_PAYMENT,Onboarded,,Suraj
EdgeUp,396129701,America/Los_Angeles,EdgeUp Data Engineering LevelUp Program (with Agentic AI),Applied Agentic AI for SWE - 2nd Mid-January 2026,30-Dec-2025,has_paid_in_full,ENROLLED_WITH_NO_DUES,Fully Paid,STRIPE_CARD,Onboarded,,Sanjana
Level Up,184467373229,America/Phoenix,Product Manager (Tech) Interview Prep Program,Product Management Interview Prep - End-July 2026,30-Dec-2025,has_paid_in_full,ENROLLED_WITH_NO_DUES,Fully Paid,ACH_TRANSFER,Onboarded,,Suraj
EdgeUp Step Up,82292101,America/Los_Angeles,EdgeUp Product Manager (Tech) StepUp Program (with Agentic AI),Applied Agentic AI - 2nd Mid-January 2026,30-Dec-2025,has_paid_in_full,ENROLLED_WITH_NO_DUES,Fully Paid,ACH_TRANSFER,Onboarded,,Archi
EdgeUp,14242919,America/Los_Angeles,EdgeUp Machine Learning LevelUp Program (with Agentic AI),Applied Agentic AI For SWEs - Early-January 2026,30-Dec-2025,has_paid_in_full,ENROLLED_WITH_NO_DUES,Fully Paid,STRIPE_CARD,Onboarded,,Samarth
EdgeUp,87959577442,America/New_York,EdgeUp Security Engineering LevelUp Program (with Agentic AI),Applied Agentic AI for SWEs - 2nd Mid-January 2026,30-Dec-2025,has_paid_in_full,ENROLLED_WITH_NO_DUES,Fully Paid,PAYPAL,Onboarded,,Ajil
New ML,455428601,America/New_York,Machine Learning Program (with Agentic AI),Machine Learning Program - Mid-May 2026,30-Dec-2025,has_paid_in_full,ENROLLED_WITH_NO_DUES,Fully Paid,KLARNA,Onboarded,,Kamal
Agentic SkillUp,27094051,America/Chicago,Applied Agentic AI Program for SWEs,Applied Agentic AI for SWEs - 2nd End-March 2026,30-Dec-2025,has_paid_in_full,ENROLLED_WITH_NO_DUES,Fully Paid,PAYPAL,Onboarded,,Sanjana
New ML,28498690657,America/Los_Angeles,Machine Learning Program (with Agentic AI),Machine Learning Program - Mid-January 2026,30-Dec-2025,has_paid_in_full,ENROLLED_WITH_NO_DUES,Fully Paid,STRIPE_CARD,Onboarded,,Anshuman
New ML,188450012054,America/Chicago,Machine Learning Program (with Agentic AI),Machine Learning Program - Mid-January 2026,30-Dec-2025,Flexipay_has_time_to_pay,ENROLLED,Flexipay Refunded,0_PERCENT_APR_FLEXIPAY,Onboarded,,Muskan
Advanced ML,188301446838,America/New_York,Advanced Machine Learning Program (with Agentic AI),Advanced Machine Learning Program - Early-February 2026,30-Dec-2025,has_paid_in_full,ENROLLED_WITH_NO_DUES,Refunded,STRIPE_CARD,Onboarded,,Kamal
Paid Upgrade,233092151,America/Los_Angeles,Machine Learning Interview Preparation Pathway,Machine Learning Interview Prep Pathway - Mid-January 2026,30-Dec-2025,has_paid_in_full,ENROLLED_WITH_NO_DUES,Fully Paid,STRIPE_CARD,Onboarded,,Samarth
EdgeUp,153443117387,America/New_York,EdgeUp Technical Program Manager LevelUp Program (with Agentic AI),Applied Agentic AI - 2nd Mid-January 2026,30-Dec-2025,has_paid_in_full,ENROLLED_WITH_NO_DUES,Fully Paid,STRIPE_CARD,Onboarded,,Ajil
New ML,188925924946,America/Chicago,Machine Learning Program (with Agentic AI),Machine Learning Program - Mid-February 2026,30-Dec-2025,has_paid_in_full,ENROLLED_WITH_NO_DUES,Fully Paid,PAYPAL,Onboarded,,Kamal
New ML,188174728304,America/Chicago,Machine Learning Program (with Agentic AI),Machine Learning Program - Mid-January 2026,30-Dec-2025,has_paid_in_full,ENROLLED_WITH_NO_DUES,Fully Paid,KLARNA,Onboarded,,Archi
EdgeUp,186395851678,America/New_York,EdgeUp Product Manager (Tech) LevelUp Program (with Agentic AI),Applied Agentic AI - Early-February 2026,30-Dec-2025,has_paid_in_full,ENROLLED_WITH_NO_DUES,Fully Paid,ACH_TRANSFER,Onboarded,,Suraj
EdgeUp,183114384770,America/New_York,EdgeUp Technical Program Manager LevelUp Program (with Agentic AI),Applied Agentic AI - 2nd Mid-January 2026,31-Dec-2025,has_paid_in_full,ENROLLED_WITH_NO_DUES,Fully Paid,ACH_TRANSFER,Onboarded,,Archi
EdgeUp,189237769398,America/Los_Angeles,EdgeUp Engineering Manager LevelUp Program (with Agentic AI),Engineering Management Interview Prep - Mid-January 2026,31-Dec-2025,has_paid_in_full,ENROLLED_WITH_NO_DUES,Fully Paid,PAYPAL,Onboarded,,Pragya
EdgeUp Step Up,187872100791,America/Los_Angeles,EdgeUp Engineering Management StepUp Program (with Agentic AI),Applied Agentic AI for EM's - Early-January 2026,31-Dec-2025,Flexipay_has_time_to_pay,ENROLLED,Flexipay_has_time_to_pay,0_PERCENT_APR_FLEXIPAY,Onboarded,,Sharon
EdgeUp,9595894,America/Chicago,EdgeUp Frontend LevelUp Program (with Agentic AI),Applied Agentic AI For SWEs - Early-January 2026,1-Jan-2026,has_paid_in_full,ENROLLED_WITH_NO_DUES,Fully Paid,ACH_TRANSFER,Onboarded,,Zeeshan
Fast Track ML,188922441849,America/New_York,Fast Track Machine Learning Program,Fast Track Machine Learning Program,31-Dec-2025,has_paid_in_full,ENROLLED_WITH_NO_DUES,Fully Paid,ACH_TRANSFER,Onboarded,,Akshitha
EdgeUp,185312732739,America/Los_Angeles,EdgeUp Product Manager (Tech) LevelUp Program (with Agentic AI),Applied Agentic AI - Early-January 2026,1-Jan-2026,has_paid_in_full,ENROLLED_WITH_NO_DUES,Fully Paid,KLARNA,Onboarded,,Sharon
EdgeUp,249494301,America/Chicago,EdgeUp Engineering Manager LevelUp Program (with Agentic AI),Applied Agentic AI for EM's - Early-January 2026,1-Jan-2026,has_paid_in_full,ENROLLED_WITH_NO_DUES,Fully Paid,KLARNA,Onboarded,,Zeeshan
New ML,143662579356,America/New_York,Machine Learning Program (with Agentic AI),Machine Learning Program - Mid-January 2026,1-Jan-2026,has_paid_in_full,ENROLLED_WITH_NO_DUES,Fully Paid,STRIPE_CARD,Onboarded,,Kamal
Step Up,189273163908,America/Los_Angeles,Android Interview Prep Fast Track Program,Android Fast Track Masterclass,1-Jan-2026,has_paid_in_full,ENROLLED_WITH_NO_DUES,Fully Paid,KLARNA,Onboarded,,Anjali
EdgeUp,186929274685,America/Chicago,EdgeUp Fullstack LevelUp Program (with Agentic AI),Applied Agentic AI for SWEs - 2nd Mid-January 2026,1-Jan-2026,has_paid_in_full,ENROLLED_WITH_NO_DUES,Fully Paid,KLARNA,Onboarded Via Calendly,,Archi
EdgeUp,60022451,America/Los_Angeles,EdgeUp Backend LevelUp Program (with Agentic AI),Applied Agentic AI For SWEs - Early-January 2026,1-Jan-2026,has_paid_in_full,ENROLLED_WITH_NO_DUES,Fully Paid,PAYPAL,Onboarded,,Ajil
Fast Track Adv.ML,115688324207,America/New_York,Fast Track Advanced Machine Learning Program,Fast Track Advanced Machine Learning,2-Jan-2026,has_paid_in_full,ENROLLED_WITH_NO_DUES,Fully Paid,KLARNA,Onboarded,,Kamal
EdgeUp,187757217610,America/Chicago,EdgeUp Product Manager (Tech) LevelUp Program (with Agentic AI),Applied Agentic AI - 2nd Mid-January 2026,2-Jan-2026,has_paid_in_full,ENROLLED_WITH_NO_DUES,Fully Paid,KLARNA,Onboarded,,Ajil
EdgeUp,92121301,America/Los_Angeles,EdgeUp Technical Program Manager LevelUp Program (with Agentic AI),TPM Interview Prep - Mid-January 2026,2-Jan-2026,has_paid_in_full,ENROLLED_WITH_NO_DUES,Fully Paid,STRIPE_CARD,Onboarded,,Akshitha
New ML,14243087,America/Chicago,Machine Learning Program (with Agentic AI),Machine Learning Program - Mid-February 2026,2-Jan-2026,has_paid_in_full,ENROLLED_WITH_NO_DUES,Fully Paid,ACH_TRANSFER,Onboarded,,Arush
Fast Track ML,572034401,America/Los_Angeles,Fast Track Machine Learning Program,Fast Track Machine Learning Program,2-Jan-2026,has_paid_in_full,ENROLLED_WITH_NO_DUES,Fully Paid,ACH_TRANSFER,Onboarded,,Anshuman
EdgeUp,162108490529,America/Los_Angeles,EdgeUp Technical Program Manager LevelUp Program (with Agentic AI),Applied Agentic AI - 2nd Mid-January 2026,2-Jan-2026,has_paid_in_full,ENROLLED_WITH_NO_DUES,Fully Paid,KLARNA,Onboarded,,Akshitha
EdgeUp,189266365336,America/Los_Angeles,EdgeUp Engineering Manager LevelUp Program (with Agentic AI),Engineering Management Interview Prep - 2nd Mid-January 2026,2-Jan-2026,has_paid_in_full,ENROLLED_WITH_NO_DUES,Fully Paid,KLARNA,Onboarded,,Ajil
EdgeUp,189602962435,America/Toronto,EdgeUp Data Engineering LevelUp Program (with Agentic AI),Applied Agentic AI for SWEs - 2nd Mid-January 2026,2-Jan-2026,Flexipay_has_time_to_pay,ENROLLED,Flexipay_has_time_to_pay,0_PERCENT_APR_FLEXIPAY,Onboarded,,Zeeshan
EdgeUp,189512072271,America/Vancouver,EdgeUp Technical Program Manager LevelUp Program (with Agentic AI),Applied Agentic AI - Early-February 2026,2-Jan-2026,has_time_to_pay,ENROLLED,Refunded,STRIPE_CARD,Onboarded,,Zeeshan
New ML,153232543810,America/Los_Angeles,Machine Learning Program (with Agentic AI),Machine Learning Program - Mid-January 2026,2-Jan-2026,Flexipay_has_time_to_pay,ENROLLED,Dispute Lost,0_PERCENT_APR_FLEXIPAY,Onboarded,,Muskan
Agentic SkillUp,183999283742,America/New_York,Applied Agentic AI Program,Applied Agentic AI - 2nd Mid-January 2026,23-Dec-2025,has_paid_in_full,ENROLLED_WITH_NO_DUES,Refunded,CLIMBCREDIT,Incomplete OB,,Archi
Agentic SkillUp,187733472172,America/New_York,AI for Marketing Professionals Program,AI for Marketing - End-January 2026,3-Jan-2026,has_paid_in_full,ENROLLED_WITH_NO_DUES,Fully Paid,STRIPE_CARD,Onboarded,,Arush
EdgeUp,427623351,America/New_York,EdgeUp AWS Cloud Solutions Architect LevelUp Program (with Agentic AI),Applied Agentic AI for SWEs - 2nd Mid-January 2026,3-Jan-2026,has_paid_in_full,ENROLLED_WITH_NO_DUES,Fully Paid,KLARNA,Onboarded,,Zeeshan
New ML,101044801,America/Los_Angeles,Machine Learning Program (with Agentic AI),Machine Learning Program - Mid-January 2026,2-Jan-2026,Flexipay_has_time_to_pay,ENROLLED,Flexipay_has_time_to_pay,0_PERCENT_APR_FLEXIPAY,VM - 4 Attempts,,Sharon
EdgeUp Step Up,189753099626,America/Los_Angeles,EdgeUp Frontend StepUp Program (with Agentic AI),Applied Agentic AI for SWEs - 2nd Mid-January 2026,4-Jan-2026,has_paid_in_full,ENROLLED_WITH_NO_DUES,Fully Paid,ACH_TRANSFER,Onboarded,,Suraj
EdgeUp,189068832648,America/New_York,EdgeUp Technical Program Manager LevelUp Program (with Agentic AI),TPM Interview Prep - Mid-January 2026,4-Jan-2026,has_paid_in_full,ENROLLED_WITH_NO_DUES,Refunded,KLARNA,Incomplete OB,,Archi
EdgeUp Step Up,75576951,America/New_York,EdgeUp Data Science StepUp Program (with Agentic AI),Applied Agentic AI for SWEs - 2nd Mid-January 2026,4-Jan-2026,has_paid_in_full,ENROLLED_WITH_NO_DUES,Fully Paid,ACH_TRANSFER,Onboarded,,Akshitha
EdgeUp,186589250913,America/Chicago,EdgeUp Backend LevelUp Program (with Agentic AI),Backend Interview Prep - Mid-January 2026,4-Jan-2026,has_paid_in_full,ENROLLED_WITH_NO_DUES,Fully Paid,PAYPAL,Onboarded,,Arush
Level Up,22351351,America/New_York,AWS Cloud Solutions Architect Interview Prep Program,Cloud Interview Prep - Mid-January 2026,4-Jan-2026,has_paid_in_full,ENROLLED_WITH_NO_DUES,Refunded,KLARNA,Incomplete OB,,Disha
Level Up,187873302610,America/Los_Angeles,Embedded Systems Interview Prep Program,Embedded Systems Interview Prep - Early-February 2026,5-Jan-2026,has_paid_in_full,ENROLLED_WITH_NO_DUES,Fully Paid,ACH_TRANSFER,Onboarded,,Disha
EdgeUp,33378401,America/Los_Angeles,EdgeUp Product Manager (Tech) LevelUp Program (with Agentic AI),Applied Agentic AI - 2nd Mid-January 2026,5-Jan-2026,has_paid_in_full,ENROLLED_WITH_NO_DUES,Fully Paid,KLARNA,Onboarded,,Pragya
New ML,188852066454,America/Chicago,Machine Learning Program (with Agentic AI),Machine Learning Program - Mid-February 2026,5-Jan-2026,has_paid_in_full,ENROLLED_WITH_NO_DUES,Fully Paid,PAYPAL,Onboarded,,Sanjana
Agentic SkillUp,498147901,America/Los_Angeles,Applied Agentic AI Program,Applied Agentic AI For SWEs - Early-February 2026,5-Jan-2026,Flexipay_has_time_to_pay,ENROLLED,Flexipay_has_time_to_pay,0_PERCENT_APR_FLEXIPAY,Onboarded,,Akshitha
EdgeUp,181104592247,America/New_York,EdgeUp Product Manager (Tech) LevelUp Program (with Agentic AI),Product Management Interview Prep - Mid-January 2026,5-Jan-2026,Flexipay_has_time_to_pay,ENROLLED,Flexipay_has_time_to_pay,0_PERCENT_APR_FLEXIPAY,Onboarded,,Anshuman
Agentic SkillUp,14238419,America/Los_Angeles,Applied Agentic AI Program for SWEs,Applied Agentic AI for SWEs - 2nd Mid-January 2026,5-Jan-2026,has_paid_in_full,ENROLLED_WITH_NO_DUES,Fully Paid,KLARNA,Onboarded,,Kamal
EdgeUp,9589902,US/Pacific,EdgeUp Technical Program Manager LevelUp Program (with Agentic AI),TPM Interview Prep - Mid-January 2026,5-Jan-2026,has_time_to_pay,ENROLLED,Flexipay_has_time_to_pay,0_PERCENT_APR_FLEXIPAY,Onboarded,,Anjali
New ML,190593773960,America/Los_Angeles,Machine Learning Program (with Agentic AI),Machine Learning Program - Mid-January 2026,5-Jan-2026,has_paid_in_full,ENROLLED_WITH_NO_DUES,Fully Paid,KLARNA,Onboarded,,Safoora
Step Up,42400807443,America/Chicago,Backend Interview Prep Fast Track Program,Backend Fast Track Masterclass,5-Jan-2026,has_paid_in_full,ENROLLED_WITH_NO_DUES,Fully Paid,KLARNA,Onboarded,,Ajil
EdgeUp,190513979058,America/Los_Angeles,EdgeUp Technical Program Manager LevelUp Program (with Agentic AI),TPM Interview Prep - Early-Febuary 2026,6-Jan-2026,has_paid_in_full,ENROLLED_WITH_NO_DUES,Fully Paid,KLARNA,Onboarded,,Pragya
Paid Upgrade,238552951,EST,Coding Interview Preparation Pathway,Coding Pathway - 2nd Mid-January 2026,1-Jan-2026,FULL_PAYMENT_PAID,FULL_PAYMENT_PAID,Fully Paid,KLARNA,Onboarded,,Anjali
Agentic pathway,32569101,EST,Agentic AI Pathway (Tech Professionals),Agentic AI Pathway - End-March 2026,2-Jan-2026,FULL_PAYMENT_PAID,FULL_PAYMENT_PAID,Fully Paid,PAYPAL,Onboarded,,Safoora
Level Up,189186885412,PST,Security Engineering (W/o Coding) Interview Prep Program,Security Engineering SysD Interview Prep - Early-February 2026,2-Jan-2026,DEPOSIT_PAID,DEPOSIT_PAID,Ongoing Discussion,STRIPE_CARD,Onboarded,,Ajil
Advanced ML,143119876677,EST,Advanced Machine Learning Program (with Agentic AI),Advanced Machine Learning Program - Early-February 2026,2-Jan-2026,DEPOSIT_PAID,DEPOSIT_PAID,Flexipay_has_time_to_pay,0% APR FLEXIPAY,Onboarded,,Kamal
EdgeUp,190099136818,EST,EdgeUp Technical Program Manager LevelUp Program (with Agentic AI),DEFAULT COHORT (USA),4-Jan-2026,FULL_PAYMENT_PAID,FULL_PAYMENT_PAID,Invalid,CLIMB CREDIT,Incomplete OB,,Safoora
Paid Upgrade,9552891,EST,Systems Design Interview Preparation Pathway,Systems Design Pathway - 2nd Mid-January 2026,5-Jan-2026,FULL_PAYMENT_PAID,FULL_PAYMENT_PAID,Fully Paid,STRIPE_CARD,Callback Requested,,SSA-1
EdgeUp,189901373786,Africa/Accra,EdgeUp Fullstack LevelUp Program (with Agentic AI),Applied Agentic AI for SWEs - 2nd Mid-January 2026,5-Jan-2026,Flexipay_has_time_to_pay,ENROLLED,Flexipay_has_time_to_pay,0% APR FLEXIPAY,Onboarded,,Arush
Paid Upgrade,176372839350,America/Denver,Career Skills Program,Career Skills Pathway - Early-January 2026,6-Jan-2026,has_paid_in_full,ENROLLED_WITH_NO_DUES,Fully Paid,STRIPE_CARD,Onboarded,,Disha
Paid Upgrade,149555940489,America/New_York,Career Skills Program,Career Skills Pathway - Early-April 2026,6-Jan-2026,has_paid_in_full,ENROLLED_WITH_NO_DUES,Fully Paid,ACH_TRANSFER,Onboarded,,Disha
Level Up,188911481496,America/Indiana/Indianapolis,Technical Program Manager Interview Prep Program,TPM Interview Prep - Mid-January 2026,6-Jan-2026,Flexipay_has_time_to_pay,ENROLLED,Flexipay_has_time_to_pay,0_PERCENT_APR_FLEXIPAY,Onboarded,,Suraj
Agentic SkillUp,14238277,America/Chicago,Applied Agentic AI Program for SWEs,Applied Agentic AI for SWEs - 2nd Mid-January 2026,6-Jan-2026,has_paid_in_full,ENROLLED_WITH_NO_DUES,Fully Paid,ACH_TRANSFER,Onboarded,,Anshuman
EdgeUp,188930933276,America/Los_Angeles,EdgeUp Technical Program Manager LevelUp Program (with Agentic AI),Applied Agentic AI - 2nd Mid-January 2026,6-Jan-2026,has_paid_in_full,ENROLLED_WITH_NO_DUES,Fully Paid,CLIMBCREDIT,Onboarded,,Archi
New ML,187166146851,America/Los_Angeles,Machine Learning Program (with Agentic AI),Machine Learning Program - Mid-January 2026,6-Jan-2026,has_paid_in_full,ENROLLED_WITH_NO_DUES,Fully Paid,KLARNA,Onboarded,,Nishtha
EdgeUp Step Up,114821751,America/Chicago,EdgeUp Backend StepUp Program (with Agentic AI),Applied Agentic AI For SWEs - Early-February 2026,6-Jan-2026,has_paid_in_full,ENROLLED_WITH_NO_DUES,Fully Paid,ACH_TRANSFER,Onboarded,,Pragya
Advanced ML,184756101180,America/Los_Angeles,Advanced Machine Learning Program (with Agentic AI),Advanced Machine Learning Program - Early-February 2026,6-Jan-2026,has_paid_in_full,ENROLLED_WITH_NO_DUES,Fully Paid,CLIMBCREDIT,Onboarded,,Anshuman
EdgeUp Step Up,189659011350,US/Pacific,EdgeUp Technical Program Manager StepUp Program (with Agentic AI),TPM Fast Track Masterclass,6-Jan-2026,Flexipay_has_time_to_pay,ENROLLED,Dispute Lost,0_PERCENT_APR_FLEXIPAY,Onboarded,,Suraj
New ML,190516439316,America/Los_Angeles,Machine Learning Program (with Agentic AI),Machine Learning Program - Mid-January 2026,6-Jan-2026,has_paid_in_full,ENROLLED_WITH_NO_DUES,Fully Paid,ACH_TRANSFER,Onboarded,,Sharon
EdgeUp,427212451,America/Los_Angeles,EdgeUp Technical Program Manager LevelUp Program (with Agentic AI),TPM Interview Prep - Mid-January 2026,6-Jan-2026,has_paid_in_full,ENROLLED_WITH_NO_DUES,Fully Paid,ACH_TRANSFER,Onboarded,,Suraj
EdgeUp,190941492559,America/New_York,EdgeUp Technical Program Manager LevelUp Program (with Agentic AI),"TPM Interview Prep - Early-Febuary 2026
",6-Jan-2026,has_paid_in_full,ENROLLED_WITH_NO_DUES,Refunded,KLARNA,Incomplete OB,,Disha
New ML,189491281161,America/Chicago,Machine Learning Program (with Agentic AI),Machine Learning Program - Mid-January 2026,6-Jan-2026,has_paid_in_full,ENROLLED_WITH_NO_DUES,Fully Paid,CLIMBCREDIT,VM - 4 Attempts,,Muskan
New ML,178695984202,America/New_York,Machine Learning Program (with Agentic AI),Machine Learning Program - Mid-May 2026,7-Jan-2026,Flexipay_has_time_to_pay,ENROLLED,Flexipay_has_time_to_pay,0_PERCENT_APR_FLEXIPAY,Onboarded,,Archi
EdgeUp Step Up,189197031049,US/Pacific,EdgeUp Technical Program Manager StepUp Program (with Agentic AI),"Applied Agentic AI - Early-February 2026
",7-Jan-2026,has_paid_in_full,ENROLLED_WITH_NO_DUES,Fully Paid,ACH_TRANSFER,Onboarded,,Pragya
Level Up,158948751,America/Los_Angeles,Backend Engineering Interview Prep Program,Backend Interview Prep - Mid-January 2026,31-Dec-2025,has_paid_in_full,ENROLLED_WITH_NO_DUES,Fully Paid,CLIMBCREDIT,Onboarded,,Pragya
Agentic SkillUp,5489540393,America/Denver,Applied Agentic AI Program for PM/TPM,Applied Agentic AI - 2nd Mid-February 2026,8-Jan-2026,has_paid_in_full,ENROLLED_WITH_NO_DUES,Fully Paid,STRIPE_MANUAL_PAYMENT,VM - 4 Attempts,,Anshuman
Step Up,189191697248,America/Toronto,Fullstack Interview Prep Fast Track Program,Fullstack Fast Track Masterclass,7-Jan-2026,Flexipay_has_time_to_pay,ENROLLED,Flexipay_has_time_to_pay,0_PERCENT_APR_FLEXIPAY,VM - 6 Attempts,,Pragya
Advanced ML,189661051693,America/Chicago,Advanced Machine Learning Program (with Agentic AI),Advanced Machine Learning Program - Early-February 2026,7-Jan-2026,Flexipay_has_time_to_pay,ENROLLED,Flexipay_has_time_to_pay,0_PERCENT_APR_FLEXIPAY,Onboarded,,Sharon
EdgeUp,205994801,America/New_York,EdgeUp Data Science LevelUp Program (with Agentic AI),"Applied Agentic AI for SWEs - 2nd Mid-January 2026
",7-Jan-2026,has_paid_in_full,ENROLLED_WITH_NO_DUES,Fully Paid,CLIMBCREDIT,Onboarded,,Zeeshan
EdgeUp,189456522335,America/Los_Angeles,EdgeUp Technical Program Manager LevelUp Program (with Agentic AI),Applied Agentic AI - 2nd Mid-January 2026,7-Jan-2026,has_paid_in_full,ENROLLED_WITH_NO_DUES,Fully Paid,ACH_TRANSFER,VM - 4 Attempts,,Anshuman
EdgeUp,169422901,America/Chicago,EdgeUp Backend LevelUp Program (with Agentic AI),Applied Agentic AI for SWEs - 2nd Mid-January 2026,7-Jan-2026,has_paid_in_full,ENROLLED_WITH_NO_DUES,Fully Paid,KLARNA,Onboarded,,Disha
EdgeUp,189271675666,America/Los_Angeles,EdgeUp Backend LevelUp Program (with Agentic AI),"Applied Agentic AI for SWEs - 2nd Mid-January 2026
",7-Jan-2026,has_paid_in_full,ENROLLED_WITH_NO_DUES,Fully Paid,ACH_TRANSFER,Onboarded,,Nishtha
Level Up,190127278615,America/Los_Angeles,Technical Program Manager Interview Prep Program,TPM Interview Prep - Early-Febuary 2026,7-Jan-2026,has_time_to_pay,ENROLLED,has_time_to_pay,STRIPE_CARD,Onboarded,,Disha
Agentic pathway,189822033526,America/Chicago,Agentic AI Pathway (SWEs),Agentic AI Pathway For SWEs - Early-February 2026 (Do Not Use),8-Jan-2026,has_paid_in_full,ENROLLED_WITH_NO_DUES,Fully Paid,ACH_TRANSFER,VM - 4 Attempts,,Kamal
Agentic SkillUp,165015147878,America/Detroit,Applied Agentic AI Program for SWEs,Applied Agentic AI For SWEs - Early-January 2026,8-Jan-2026,Flexipay_has_time_to_pay,ENROLLED,Flexipay_has_time_to_pay,0_PERCENT_APR_FLEXIPAY,Onboarded,,Arush
New ML,9285633,America/New_York,Machine Learning Program (with Agentic AI),Machine Learning Program - Mid-May 2026,8-Jan-2026,has_paid_in_full,ENROLLED_WITH_NO_DUES,Fully Paid,ACH_TRANSFER,Onboarded,,Safoora
EdgeUp Step Up,190941482922,America/Los_Angeles,EdgeUp Machine Learning StepUp Program (with Agentic AI),Applied Agentic AI for SWEs - 2nd Mid-January 2026,8-Jan-2026,has_paid_in_full,ENROLLED_WITH_NO_DUES,Fully Paid,CLIMBCREDIT,Onboarded,,Akshitha
EdgeUp,191167913066,America/Chicago,EdgeUp Data Analyst & Business Analyst LevelUp Program (with Agentic AI),Data Analyst & Business Analyst Interview Prep - 2nd Mid-January 2026,8-Jan-2026,has_paid_in_full,ENROLLED_WITH_NO_DUES,Fully Paid,ACH_TRANSFER,Onboarded,,Akshitha
New ML,163024996489,America/Los_Angeles,Machine Learning Program (with Agentic AI),Machine Learning Program - Mid-February 2026,8-Jan-2026,has_paid_in_full,ENROLLED_WITH_NO_DUES,Fully Paid,KLARNA,Onboarded,,Sanjana
Advanced ML,190865061436,America/New_York,Advanced Machine Learning Program (with Agentic AI),Advanced Machine Learning Program - Early-February 2026,8-Jan-2026,Flexipay_has_time_to_pay,ENROLLED,has_time_to_pay,0_PERCENT_APR_FLEXIPAY,Onboarded,,Safoora
EdgeUp,106602501,America/Chicago,EdgeUp Engineering Manager LevelUp Program (with Agentic AI),"Engineering Management Interview Prep - Mid-January 2026
",8-Jan-2026,has_paid_in_full,ENROLLED_WITH_NO_DUES,Fully Paid,KLARNA,Onboarded,,Pragya
EdgeUp,63590551,America/New_York,EdgeUp Technical Program Manager LevelUp Program (with Agentic AI),Applied Agentic AI - 2nd Mid-January 2026,8-Jan-2026,has_paid_in_full,ENROLLED_WITH_NO_DUES,Fully Paid,ACH_TRANSFER,Onboarded,,Ajil
New ML,53300601,America/Los_Angeles,Machine Learning Program (with Agentic AI),Machine Learning Program - Mid-December 2025,8-Jan-2026,has_paid_in_full,ENROLLED_WITH_NO_DUES,Fully Paid,PAYPAL,VM - 4 Attempts,,Sanjana
Agentic pathway,26326949418,America/New_York,Agentic AI Pathway (Tech Professionals),Agentic AI Pathway - End-March 2026,9-Jan-2026,has_paid_in_full,ENROLLED_WITH_NO_DUES,,STRIPE_MANUAL_PAYMENT,,,SSA
Advanced ML,127910856745,America/New_York,Advanced Machine Learning Program (with Agentic AI),Advanced Machine Learning Program - End-March 2026,9-Jan-2026,Flexipay_has_time_to_pay,ENROLLED,Flexipay_has_time_to_pay,0_PERCENT_APR_FLEXIPAY,Incomplete OB,,Anwesh
EdgeUp,146427684644,America/Chicago,EdgeUp Technical Program Manager LevelUp Program (with Agentic AI),Applied Agentic AI - Early-February 2026,8-Jan-2026,has_paid_in_full,ENROLLED_WITH_NO_DUES,Fully Paid,STRIPE_CARD,Onboarded,,Anjali
Step Up,182346207812,Asia/Singapore,AWS Cloud Solution Architect Interview Prep Fast Track Program,Cloud Fast Track Masterclass,8-Jan-2026,Flexipay_has_time_to_pay,DEPOSIT_PAID,Flexipay_has_time_to_pay,0_PERCENT_APR_FLEXIPAY,Onboarded,,Akshitha
EdgeUp Step Up,7517798151,America/Los_Angeles,EdgeUp Backend StepUp Program (with Agentic AI),Applied Agentic AI for SWEs - 2nd Mid-January 2026,9-Jan-2026,has_paid_in_full,ENROLLED_WITH_NO_DUES,Fully Paid,KLARNA,Onboarded,,Ajil
New ML,190346095141,America/Los_Angeles,Machine Learning Program (with Agentic AI),Machine Learning Program - Mid-January 2026,8-Jan-2026,has_paid_in_full,ENROLLED_WITH_NO_DUES,Refunded,CLIMBCREDIT,VM - 4 Attempts,,Anwesh
EdgeUp Step Up,189233876275,America/Chicago,EdgeUp Engineering Management StepUp Program (with Agentic AI),Applied Agentic AI - 2nd Mid-January 2026,8-Jan-2026,Flexipay_has_time_to_pay,ENROLLED,Flexipay_has_time_to_pay,0_PERCENT_APR_FLEXIPAY,Onboarded,,Zeeshan
Level Up,189925507984,America/Los_Angeles,Embedded Systems Interview Prep Program,Embedded Systems Interview Prep - Early-January 2026,8-Jan-2026,has_paid_in_full,ENROLLED_WITH_NO_DUES,Fully Paid,ACH_TRANSFER,Onboarded,,Akshitha
New ML,188066397013,America/New_York,Machine Learning Program (with Agentic AI),Machine Learning Program - Mid-January 2026,9-Jan-2026,has_paid_in_full,ENROLLED_WITH_NO_DUES,Fully Paid,STRIPE_CARD,Onboarded,,Safoora
Agentic SkillUp,153004246315,America/New_York,Applied Agentic AI Program for SWEs,Applied Agentic AI for SWEs - 2nd Mid-January 2026,9-Jan-2026,has_paid_in_full,ENROLLED_WITH_NO_DUES,Fully Paid,STRIPE_CARD,Onboarded,,Archi
EdgeUp,191440390438,America/Los_Angeles,EdgeUp Engineering Manager LevelUp Program (with Agentic AI),Engineering Management Interview Prep - 2nd Mid-January 2026,9-Jan-2026,has_paid_in_full,ENROLLED_WITH_NO_DUES,Fully Paid,STRIPE_CARD,Onboarded,,Disha
EdgeUp,49267251,America/New_York,EdgeUp Engineering Manager LevelUp Program (with Agentic AI),Applied Agentic AI for EM's - 2nd Mid-January 2026,9-Jan-2026,has_paid_in_full,ENROLLED_WITH_NO_DUES,Fully Paid,ACH_TRANSFER,Onboarded,,Ajil
Advanced ML,9286203,America/New_York,Advanced Machine Learning Program (with Agentic AI),"Advanced Machine Learning Program - End-November 2025
",9-Jan-2026,has_paid_in_full,ENROLLED_WITH_NO_DUES,Fully Paid,PAYPAL,VM - 4 Attempts,,Anwesh
EdgeUp Step Up,191381249696,America/Chicago,EdgeUp Engineering Management StepUp Program (with Agentic AI),Applied Agentic AI for EM's - 2nd Mid-January 2026,9-Jan-2026,Flexipay_has_time_to_pay,ENROLLED,Flexipay_has_time_to_pay,0_PERCENT_APR_FLEXIPAY,Onboarded,,Akshitha
Step Up,191731613451,America/Chicago,Data Engineering Interview Prep Fast Track Program,Data Engineering Fast Track Masterclass,9-Jan-2026,has_paid_in_full,ENROLLED_WITH_NO_DUES,Fully Paid,KLARNA,Onboarded,,Anjali
EdgeUp Step Up,191686705526,America/Los_Angeles,EdgeUp Site Reliability Engineering & DevOps StepUp Program (with Agentic AI),SRE Fast Track Masterclass,9-Jan-2026,Flexipay_has_time_to_pay,ENROLLED,Flexipay_has_time_to_pay,0_PERCENT_APR_FLEXIPAY,Onboarded,,Anjali
Agentic SkillUp,191117098825,America/New_York,Applied Agentic AI Program for EM,Applied Agentic AI for EM's - 2nd Mid-April 2026,10-Jan-2026,has_paid_in_full,ENROLLED_WITH_NO_DUES,Fully Paid,ACH_TRANSFER,Onboarded,,Muskan
New ML,146405051,America/Denver,Machine Learning Program (with Agentic AI),Machine Learning Program - Mid-February 2026,10-Jan-2026,has_paid_in_full,ENROLLED_WITH_NO_DUES,Fully Paid,KLARNA,Onboarded,,Muskan
EdgeUp,191168769317,America/Indiana/Indianapolis,EdgeUp Site Reliability Engineering & DevOps LevelUp Program (with Agentic AI),SRE Interview Prep - 2nd Mid-January 2026,10-Jan-2026,Flexipay_has_time_to_pay,Dispute lost,Dispute Lost,0_PERCENT_APR_FLEXIPAY,Onboarded,,Anjali
Level Up,190289068847,America/Chicago,Data Science Interview Prep Program,Data Science Interview Prep - 2nd Mid-January 2026,10-Jan-2026,has_paid_in_full,ENROLLED_WITH_NO_DUES,Fully Paid,ACH_TRANSFER,Onboarded,,Suraj
Step Up,184468382722,-,Site Reliability Engineering Interview Prep Fast Track Program,SRE Fast Track Masterclass,8-Jan-2026,has_time_to_pay,ENROLLED,has_time_to_pay,STRIPE_MANUAL_PAYMENT,Onboarded,,Anjali
Advanced ML,415822551,America/Los_Angeles,Advanced Machine Learning Program (with Agentic AI),Advanced Machine Learning Program - Early-February 2026,11-Jan-2026,has_paid_in_full,ENROLLED_WITH_NO_DUES,Fully Paid,STRIPE_CARD,Onboarded,,Anwesh
New ML,36943929,America/Los_Angeles,Machine Learning Program (with Agentic AI),Machine Learning Program - Mid-May 2026,11-Jan-2026,has_paid_in_full,ENROLLED_WITH_NO_DUES,Fully Paid,ACH_TRANSFER,Onboarded,,Nishtha
Level Up,32006101,America/Chicago,Data Analyst & Business Analyst Interview Preparation Program,Data Analyst & Business Analyst Interview Prep - 2nd Mid-January 2026,11-Jan-2026,has_paid_in_full,ENROLLED_WITH_NO_DUES,Fully Paid,STRIPE_CARD,Onboarded,,Pragya
Level Up,191116477697,America/Toronto,AWS Cloud Solutions Architect Interview Prep Program,Cloud Interview Prep - 2nd Mid-January 2026,11-Jan-2026,Flexipay_has_time_to_pay,ENROLLED,Flexipay_has_time_to_pay,0_PERCENT_APR_FLEXIPAY,Onboarded,,Pragya
New ML,190018914571,America/New_York,Machine Learning Program (with Agentic AI),Machine Learning Program - Mid-May 2026,11-Jan-2026,Flexipay_has_time_to_pay,ENROLLED,Flexipay_has_time_to_pay,0_PERCENT_APR_FLEXIPAY,Onboarded,,Sanjana
Agentic pathway,20291120741,America/Los_Angeles,Agentic AI Pathway (Tech Professionals),Applied Agentic AI Pathway for EM - 2nd Mid-October 2025,11-Jan-2026,has_paid_in_full,ENROLLED_WITH_NO_DUES,Refunded,KLARNA,Incomplete OB,,Anwesh
EdgeUp Step Up,189955122808,America/Chicago,EdgeUp AWS Cloud Solutions Architect StepUp Program (with Agentic AI),EdgeUp StepUp Cohort,11-Jan-2026,has_paid_in_full,ENROLLED_WITH_NO_DUES,Potential Drop,KLARNA,Incomplete OB,,Suraj
EdgeUp,9307271,America/New_York,EdgeUp Backend LevelUp Program (with Agentic AI),Applied Agentic AI for SWEs - 2nd Mid-January 2026,11-Jan-2026,Flexipay_has_time_to_pay,ENROLLED,Flexipay_has_time_to_pay,0_PERCENT_APR_FLEXIPAY,Onboarded,,Akshitha
New ML,192072608435,America/Chicago,Machine Learning Program (with Agentic AI),Machine Learning Program - Mid-February 2026,11-Jan-2026,Flexipay_has_time_to_pay,ENROLLED,Flexipay Refunded,0_PERCENT_APR_FLEXIPAY,VM - 4 Attempts,,Muskan
New ML,191933095210,America/Los_Angeles,Machine Learning Program (with Agentic AI),Machine Learning Program - Mid-May 2026,11-Jan-2026,has_paid_in_full,ENROLLED_WITH_NO_DUES,Fully Paid,ACH_TRANSFER,Onboarded,,Nishtha
Step Up,9292866,America/Goose_Bay,Technical Program Manager Interview Prep Fast Track Program,TPM Fast Track Masterclass,12-Jan-2026,has_paid_in_full,ENROLLED_WITH_NO_DUES,Fully Paid,ACH_TRANSFER,Onboarded,,Anjali
Step Up,181540525589,America/New_York,Fullstack Interview Prep Fast Track Program,Fullstack Fast Track Masterclass,12-Jan-2026,Flexipay_has_time_to_pay,DEPOSIT_PAID,Flexipay_has_time_to_pay,0_PERCENT_APR_FLEXIPAY,Yet to Connect,,SSA-1
Advanced ML,117541562467,America/Los_Angeles,Advanced Machine Learning Program (with Agentic AI),Advanced Machine Learning Program - Early-February 2026,12-Jan-2026,has_paid_in_full,ENROLLED_WITH_NO_DUES,Fully Paid,CLIMBCREDIT,Onboarded,,Muskan
Level Up,315044501,America/Los_Angeles,Data Analyst & Business Analyst Interview Preparation Program,Data Analyst & Business Analyst Interview Prep - 2nd Mid-January 2026,12-Jan-2026,has_time_to_pay,ENROLLED,has_time_to_pay,STRIPE_CARD,Onboarded,,Ajil
EdgeUp,191487266624,America/New_York,EdgeUp Product Manager (Tech) LevelUp Program (with Agentic AI),Product Management Interview Prep - Mid-February 2026,13-Jan-2026,has_time_to_pay,ENROLLED,has_time_to_pay,STRIPE_MANUAL_PAYMENT,Onboarded,,Pragya
EdgeUp,191773438871,,EdgeUp Fullstack LevelUp Program (with Agentic AI),Fullstack Interview Prep - End-January 2026,11-Jan-2026,has_paid_in_full,ENROLLED_WITH_NO_DUES,Fully Paid,CLIMBCREDIT,Onboarded,,Suraj
Paid Upgrade,179712851,America/Chicago,Site Reliability Engineering Interview Preparation Pathway,SRE Interview Prep Pathway - Early-April 2026,12-Jan-2026,has_paid_in_full,ENROLLED_WITH_NO_DUES,Fully Paid,KLARNA,Onboarded,,Suraj
New ML,191385313623,America/New_York,Machine Learning Program (with Agentic AI),Machine Learning Program - Mid-January 2026,12-Jan-2026,has_paid_in_full,ENROLLED_WITH_NO_DUES,Fully Paid,KLARNA,Onboarded,,Arush
Agentic SkillUp,189225521772,America/New_York,Applied Agentic AI Program for EM,Applied Agentic AI for EM's - 2nd Mid-January 2026,12-Jan-2026,has_paid_in_full,ENROLLED_WITH_NO_DUES,Fully Paid,STRIPE_CARD,Onboarded,,Sharon
EdgeUp Step Up,191458088597,America/New_York,EdgeUp Fullstack StepUp Program (with Agentic AI),Applied Agentic AI for SWEs - 2nd Mid-January 2026,12-Jan-2026,Flexipay_has_time_to_pay,ENROLLED,Flexipay_has_time_to_pay,0_PERCENT_APR_FLEXIPAY,Onboarded,,Ajil
EdgeUp Step Up,129195301,US/Pacific,EdgeUp Product Manager (Tech) StepUp Program (with Agentic AI),Applied Agentic AI - 2nd Mid-January 2026,12-Jan-2026,has_paid_in_full,ENROLLED_WITH_NO_DUES,Fully Paid,ACH_TRANSFER,Onboarded,,Suraj
Level Up,191508471204,America/Detroit,Site Reliability Engineering & DevOps Interview Prep Program,SRE Interview Prep - 2nd Mid-January 2026,12-Jan-2026,has_paid_in_full,ENROLLED_WITH_NO_DUES,Fully Paid,KLARNA,Onboarded,,Anjali
EdgeUp Step Up,192137678430,America/Los_Angeles,EdgeUp Technical Program Manager StepUp Program (with Agentic AI),Applied Agentic AI - 2nd Mid-January 2026,12-Jan-2026,Flexipay_has_time_to_pay,ENROLLED,Flexipay_has_time_to_pay,0_PERCENT_APR_FLEXIPAY,Onboarded,,Ajil
Agentic SkillUp,191973609809,America/Chicago,Applied Agentic AI Program for SWEs,Applied Agentic AI for SWEs - 2nd Mid-January 2026,12-Jan-2026,has_paid_in_full,ENROLLED_WITH_NO_DUES,Fully Paid,CLIMBCREDIT,Onboarded,,Nishtha
EdgeUp,186416168287,America/Los_Angeles,EdgeUp Data Engineering LevelUp Program (with Agentic AI),Applied Agentic AI For SWEs - Mid-February 2026,12-Jan-2026,has_paid_in_full,ENROLLED_WITH_NO_DUES,Fully Paid,KLARNA,Onboarded,,Safoora
Level Up,190118476904,America/Los_Angeles,Backend Engineering Interview Prep Program,Backend Interview Prep - Early-February 2026,13-Jan-2026,has_paid_in_full,ENROLLED_WITH_NO_DUES,Fully Paid,ACH_TRANSFER,Onboarded,,Akshitha
New ML,192084977778,America/Los_Angeles,Machine Learning Program (with Agentic AI),Machine Learning Program - Mid-February 2026,13-Jan-2026,has_paid_in_full,ENROLLED_WITH_NO_DUES,Fully Paid,KLARNA,Onboarded,,Muskan
EdgeUp,191954500375,America/Chicago,EdgeUp Product Manager (Tech) LevelUp Program (with Agentic AI),Applied Agentic AI - Early-February 2026,13-Jan-2026,has_paid_in_full,ENROLLED_WITH_NO_DUES,Fully Paid,KLARNA,Onboarded,,Sanjana
EdgeUp,51950101,America/Chicago,EdgeUp Backend LevelUp Program (with Agentic AI),"
Applied Agentic AI for SWEs - 2nd Mid-January 2026",13-Jan-2026,has_paid_in_full,ENROLLED_WITH_NO_DUES,Fully Paid,ACH_TRANSFER,Onboarded,,Muskan
EdgeUp,542584701,America/Los_Angeles,EdgeUp Engineering Manager LevelUp Program (with Agentic AI),Engineering Management Interview Prep- End-January 2026,10-Jan-2026,Flexipay_has_time_to_pay,ENROLLED,Flexipay_has_time_to_pay,0_PERCENT_APR_FLEXIPAY,Onboarded,,Sanjana
New ML,190652701223,America/Edmonton,Machine Learning Program (with Agentic AI),Machine Learning Program - Mid-January 2026,13-Jan-2026,has_time_to_pay,ENROLLED,has_time_to_pay,STRIPE_MANUAL_PAYMENT,Onboarded,,Safoora
New ML,111116235705,,Machine Learning Program (with Agentic AI) ,,13-Jan-2026,has_paid_in_full,FULL_PAYMENT_PAID,Fully Paid,CLIMBCREDIT,Onboarded,,Nishtha
Level Up,173158229412,America/Los_Angeles,Engineering Manager Interview Prep Program,Engineering Management Interview Prep - End-January 2026,13-Jan-2026,has_paid_in_full,ENROLLED_WITH_NO_DUES,Fully Paid,KLARNA,Onboarded,,Disha
EdgeUp,191209810189,America/Los_Angeles,EdgeUp 2026 Backend LevelUp Program (with Agentic AI Interview Prep),Applied Agentic AI for SWEs - 2nd Mid-February 2026,13-Jan-2026,has_paid_in_full,ENROLLED_WITH_NO_DUES,Fully Paid,PAYPAL,VM - 4 Attempts,,Archi
Step Up,130822851,America/Los_Angeles,Early Engineering Fast Track Program,Early Engineering Fast Track Masterclass,13-Jan-2026,has_paid_in_full,ENROLLED_WITH_NO_DUES,Fully Paid,STRIPE_MANUAL_PAYMENT,Onboarded,,Pragya
Level Up,154101646694,America/Los_Angeles,Data Analyst & Business Analyst Interview Preparation Program,Data Analyst & Business Analyst Interview Prep - 2nd Mid-February 2026,13-Jan-2026,has_paid_in_full,ENROLLED_WITH_NO_DUES,Fully Paid,KLARNA,Onboarded,,Suraj
Level Up,92122114665,America/Chicago,Engineering Manager Interview Prep Program,Engineering Management Interview Prep - End-January 2026,13-Jan-2026,has_paid_in_full,ENROLLED_WITH_NO_DUES,Fully Paid,KLARNA,Incomplete OB,,Pragya
Level Up,191659601021,America/Chicago,Engineering Manager Interview Prep Program,Engineering Management Interview Prep - End-January 2026,13-Jan-2026,has_paid_in_full,ENROLLED_WITH_NO_DUES,Fully Paid,PAYPAL,Onboarded,,Suraj
Level Up,9599552,America/New_York,Backend Engineering Interview Prep Program,Backend Interview Prep - End-January 2026,13-Jan-2026,has_paid_in_full,ENROLLED_WITH_NO_DUES,Fully Paid,STRIPE_CARD,Onboarded,,Disha
EdgeUp,130483403620,America/Los_Angeles,EdgeUp 2026 Product Manager (Tech) LevelUp Program (with Agentic AI Interview Prep),Product Management Interview Prep - Mid-February 2026,13-Jan-2026,has_paid_in_full,ENROLLED_WITH_NO_DUES,Fully Paid,STRIPE_CARD,Onboarded,,Anshuman
New ML,187671470769,America/New_York,Machine Learning Program (with Agentic AI),Machine Learning Program - Mid-May 2026,13-Jan-2026,has_paid_in_full,ENROLLED_WITH_NO_DUES,Fully Paid,STRIPE_CARD,Onboarded,,Sharon
Agentic SkillUp,190572209980,America/Chicago,Applied Agentic AI Program for SWEs,Applied Agentic AI For SWEs - Early-February 2026,13-Jan-2026,has_paid_in_full,ENROLLED_WITH_NO_DUES,Fully Paid,ACH_TRANSFER,Onboarded,,Archi
Level Up,85066498604,America/Los_Angeles,Fullstack Engineering Interview Prep Program,Fullstack Interview Prep - End-January 2026,13-Jan-2026,Flexipay_has_time_to_pay,ENROLLED,Flexipay_has_time_to_pay,0_PERCENT_APR_FLEXIPAY,Onboarded,,Disha
Advanced ML,190210211221,America/New_York,Advanced Machine Learning Program (with Agentic AI),Advanced Machine Learning Program - Early-February 2026,13-Jan-2026,has_paid_in_full,ENROLLED_WITH_NO_DUES,Fully Paid,KLARNA,Onboarded,,Sharon
New ML,50996751,America/Chicago,Machine Learning Program (with Agentic AI),Machine Learning Program - Mid-May 2026,14-Jan-2026,has_paid_in_full,ENROLLED_WITH_NO_DUES,Fully Paid,KLARNA,Onboarded,,Nishtha
New ML,192117387928,America/New_York,Machine Learning Program (with Agentic AI),Machine Learning Program - Mid-February 2026,14-Jan-2026,has_paid_in_full,ENROLLED_WITH_NO_DUES,Fully Paid,CLIMBCREDIT,Onboarded,,Anshuman
Level Up,191136880163,America/New_York,Frontend Engineering Interview Prep Program,Frontend Interview Prep - End-January 2026,15-Jan-2026,has_paid_in_full,ENROLLED_WITH_NO_DUES,Fully Paid,ACH_TRANSFER,Onboarded,,Zeeshan
EdgeUp,190169658230,America/New_York,EdgeUp Product Manager (Tech) LevelUp Program (with Agentic AI),Applied Agentic AI - 2nd Mid-January 2026,15-Jan-2026,has_time_to_pay,ENROLLED,has_time_to_pay,STRIPE_MANUAL_PAYMENT,Onboarded,,Anwesh
Level Up,171336920982,America/Los_Angeles,Data Analyst & Business Analyst Interview Preparation Program,Data Analyst & Business Analyst Interview Prep - 2nd Mid-February 2026,15-Jan-2026,has_paid_in_full,ENROLLED_WITH_NO_DUES,Fully Paid,CLIMBCREDIT,Onboarded,,Akshitha
EdgeUp,64206804079,America/Los_Angeles,EdgeUp Security Engineering LevelUp Program (with Agentic AI),Applied Agentic AI for SWEs - 2nd Mid-January 2026,14-Jan-2026,has_paid_in_full,ENROLLED_WITH_NO_DUES,Fully Paid,ACH_TRANSFER,VM - 4 Attempts,,Anwesh
Level Up,162417635225,America/Los_Angeles,Data Analyst & Business Analyst Interview Preparation Program,Data Analyst & Business Analyst Interview Prep - 2nd Mid-February 2026,14-Jan-2026,has_paid_in_full,ENROLLED_WITH_NO_DUES,Fully Paid,ACH_TRANSFER,Onboarded,,Pragya
EdgeUp Step Up,156480663431,America/Los_Angeles,EdgeUp Data Science StepUp Program (with Agentic AI),Applied Agentic AI For SWEs - Early-February 2026,14-Jan-2026,Flexipay_has_time_to_pay,ENROLLED,Flexipay_has_time_to_pay,0_PERCENT_APR_FLEXIPAY,Onboarded,,Archi
EdgeUp,190917710705,US/Pacific,EdgeUp Engineering Manager LevelUp Program (with Agentic AI),Engineering Management Interview Prep - End-January 2026,14-Jan-2026,has_paid_in_full,ENROLLED_WITH_NO_DUES,Fully Paid,ACH_TRANSFER,Onboarded,,Sharon
EdgeUp,9246393,America/Chicago,EdgeUp Data Engineering LevelUp Program (with Agentic AI),Applied Agentic AI for SWE - Early February 2026,14-Jan-2026,has_paid_in_full,ENROLLED_WITH_NO_DUES,Fully Paid,KLARNA,Onboarded,,Sanjana
Level Up,178712964719,America/Chicago,Data Analyst & Business Analyst Interview Preparation Program,Data Analyst & Business Analyst Interview Prep - 2nd Mid-February 2026,14-Jan-2026,has_paid_in_full,ENROLLED_WITH_NO_DUES,Fully Paid,CLIMBCREDIT,Onboarded,,Ajil
EdgeUp,192477649979,America/Toronto,EdgeUp Technical Program Manager LevelUp Program (with Agentic AI),"Applied Agentic AI - 2nd Mid-January 2026
",15-Jan-2026,Flexipay_has_time_to_pay,ENROLLED,Flexipay_has_time_to_pay,0_PERCENT_APR_FLEXIPAY,Incomplete OB,,Disha
EdgeUp,189637985913,America/Los_Angeles,EdgeUp Engineering Manager LevelUp Program (with Agentic AI),Engineering Management Interview Prep - End-January 2026,14-Jan-2026,has_time_to_pay,ENROLLED,Fully Paid,STRIPE_CARD,Onboarded,,Anshuman
EdgeUp,531390051,America/New_York,EdgeUp Technical Program Manager LevelUp Program (with Agentic AI),Applied Agentic AI - Early-February 2026,14-Jan-2026,has_paid_in_full,ENROLLED_WITH_NO_DUES,Fully Paid,STRIPE_MANUAL_PAYMENT,Onboarded,,Zeeshan
EdgeUp,191780066124,America/New_York,EdgeUp Fullstack LevelUp Program (with Agentic AI),Applied Agentic AI For SWEs - Early-February 2026,14-Jan-2026,has_paid_in_full,ENROLLED_WITH_NO_DUES,Fully Paid,CLIMBCREDIT,Onboarded,,Kamal
Level Up,88931215545,America/Los_Angeles,Data Analyst & Business Analyst Interview Preparation Program,Data Analyst & Business Analyst Interview Prep - 2nd Mid-February 2026,14-Jan-2026,has_paid_in_full,ENROLLED_WITH_NO_DUES,Fully Paid,STRIPE_CARD,Onboarded,,Akshitha
Level Up,152935820353,America/New_York,Data Engineering Interview Prep Program,Data Engineering Interview Prep - End-January 2026,15-Jan-2026,has_paid_in_full,ENROLLED_WITH_NO_DUES,Fully Paid,CLIMBCREDIT,Onboarded,,Zeeshan
EdgeUp Step Up,191933903443,America/New_York,EdgeUp Backend StepUp Program (with Agentic AI),Applied Agentic AI For SWEs - Early-February 2026,15-Jan-2026,has_paid_in_full,FULL_PAYMENT_PAID,Refunded,KLARNA,Onboarded,,Zeeshan
Step Up,191672274869,America/Chicago,Product Management Interview Prep Fast Track Program,PM Fast Track Masterclass,15-Jan-2026,has_paid_in_full,ENROLLED_WITH_NO_DUES,Fully Paid,ACH_TRANSFER,Onboarded,,Pragya
New ML,10000161322,America/Los_Angeles,Machine Learning Program (with Agentic AI),Machine Learning Program - Mid-May 2026,15-Jan-2026,has_paid_in_full,ENROLLED_WITH_NO_DUES,Fully Paid,KLARNA,Onboarded,,Sanjana
EdgeUp,57847976883,America/Los_Angeles,EdgeUp 2026 Backend LevelUp Program (with Agentic AI Interview Prep),Applied Agentic AI for SWEs - 2nd Mid-February 2026,15-Jan-2026,has_paid_in_full,ENROLLED_WITH_NO_DUES,Fully Paid,STRIPE_CARD,Onboarded,,Akshitha
Advanced ML,9629708,America/Los_Angeles,Advanced Machine Learning Program (with Agentic AI),Advanced Machine Learning Program - Early-February 2026,15-Jan-2026,has_paid_in_full,ENROLLED,Fully Paid,STRIPE_CARD,Onboarded,,Kamal
Agentic SkillUp,164837801,America/New_York,Applied Agentic AI Program for SWEs,Applied Agentic AI for SWEs - Early-March 2026,15-Jan-2026,has_paid_in_full,ENROLLED_WITH_NO_DUES,Fully Paid,STRIPE_CARD,Onboarded,,Kamal
Step Up,191170948460,America/Los_Angeles,Test Engineering Interview Prep Fast Track Program,Test Engineering Fast Track Masterclass,14-Jan-2026,Full Payment Paid,ENROLLED_WITH_NO_DUES,Fully Paid,ACH_TRANSFER,Onboarded,,Pragya
EdgeUp,160038467615,America/New_York,EdgeUp Backend LevelUp Program (with Agentic AI),Backend Engineering - End-january 2026,9-Jan-2026,has_time_to_pay,ENROLLED,has_time_to_pay,ACH_TRANSFER,Onboarded,,Disha
Level Up,191476587326,America/New_York,Backend Engineering Interview Prep Program,"Backend Interview Prep - 2nd Mid-February 2026",14-Jan-2026,Flexipay_has_time_to_pay,ENROLLED,Flexipay_has_time_to_pay,0_PERCENT_APR_FLEXIPAY,Onboarded,,Disha
Level Up,190342003247,America/Phoenix,Early Engineering Interview Prep Program,Early Engineering - End-January 2026,16-Jan-2026,has_paid_in_full,ENROLLED_WITH_NO_DUES,Fully Paid,ACH_TRANSFER,Onboarded,,Zeeshan
EdgeUp,9548591,America/Los_Angeles,EdgeUp 2026 Engineering Manager LevelUp Program (with Agentic AI Interview Prep),Applied Agentic AI for EM's - Early-February 2026,16-Jan-2026,has_paid_in_full,ENROLLED_WITH_NO_DUES,Refunded,ACH_TRANSFER,Onboarded,,Arush
EdgeUp,191168762400,America/Chicago,EdgeUp 2026 Product Manager (Tech) LevelUp Program (with Agentic AI Interview Prep),Applied Agentic AI - Early-February 2026,16-Jan-2026,Flexipay_has_time_to_pay,ENROLLED,Dropped Out,0_PERCENT_APR_FLEXIPAY,Incomplete OB,,Kamal
Step Up,192441535926,America/Los_Angeles,Technical Program Manager Interview Prep Fast Track Program,	TPM Fast Track Masterclass,15-Jan-2026,has_paid_in_full,ENROLLED_WITH_NO_DUES,Fully Paid,STRIPE_CARD,Onboarded,,Anjali
Step Up,193206863986,America/New_York,Backend Interview Prep Fast Track Program,Bckend fast track masterrclass,16-Jan-2026,Flexipay_has_time_to_pay,ENROLLED,Flexipay Refunded,0_PERCENT_APR_FLEXIPAY,Onboarded,,Zeeshan
AI/DS SwitchUp,187924022701,America/Toronto,AI Data Science SwitchUp Program,AI Data Science SwitchUp - Mid-February 2026,16-Jan-2026,Flexipay_has_time_to_pay,ENROLLED,Flexipay_has_time_to_pay,0_PERCENT_APR_FLEXIPAY,Onboarded,,Anwesh
EdgeUp,137783095683,America/New_York,EdgeUp 2026 Backend LevelUp Program (with Agentic AI Interview Prep),Backend Interview Prep - 2nd Mid-January 2026,16-Jan-2026,has_paid_in_full,ENROLLED_WITH_NO_DUES,Fully Paid,KLARNA,Onboarded,,Ajil
EdgeUp Step Up,193071115523,America/Chicago,EdgeUp Technical Program Manager StepUp Program (with Agentic AI),Engineering Management Fast Track Masterclass,16-Jan-2026,Flexipay_has_time_to_pay,ENROLLED,Flexipay_has_time_to_pay,0_PERCENT_APR_FLEXIPAY,Onboarded,,Anjali
EdgeUp Step Up,190893676417,America/Los_Angeles,EdgeUp Backend StepUp Program (with Agentic AI),Applied Agentic AI For SWEs - Early-February 2026,16-Jan-2026,has_paid_in_full,ENROLLED_WITH_NO_DUES,Fully Paid,PAYPAL,Onboarded,,Akshitha
Level Up,152645094299,America/Chicago,Engineering Manager Interview Prep Program,Engineering Management Interview Prep - End-January 2026,16-Jan-2026,has_paid_in_full,ENROLLED_WITH_NO_DUES,Fully Paid,KLARNA,Onboarded,,Zeeshan
EdgeUp,22234051,America/Los_Angeles,EdgeUp 2026 Security Engineering LevelUp Program (with Agentic AI Interview Prep),Applied Agentic AI For SWEs - Early-February 2026,16-Jan-2026,Flexipay_has_time_to_pay,ENROLLED,Dispute Lost,0_PERCENT_APR_FLEXIPAY,Onboarded,,Ajil
EdgeUp,192083580242,America/Los_Angeles,EdgeUp 2026 Engineering Manager LevelUp Program (with Agentic AI Interview Prep),Engineering Management Interview Prep - End-January 2026,16-Jan-2026,has_paid_in_full,ENROLLED,Fully Paid,STRIPE_CARD,Onboarded,,Sanjana
EdgeUp Step Up,98021801,America/Los_Angeles,EdgeUp Android StepUp Program (with Agentic AI),Android Fast Track Masterclass,16-Jan-2026,has_paid_in_full,ENROLLED_WITH_NO_DUES,Refunded,KLARNA,Onboarded,,Disha
EdgeUp Step Up,190856709705,America/Los_Angeles,EdgeUp Embedded Systems StepUp Program (with Agentic AI),Applied Agentic AI for EM's - 2nd Mid-February 2026,16-Jan-2026,has_paid_in_full,ENROLLED_WITH_NO_DUES,Fully Paid,CLIMBCREDIT,Onboarded,,Arush
EdgeUp Step Up,191775503118,America/Chicago,EdgeUp Engineering Management StepUp Program (with Agentic AI),Applied Agentic AI for EM's - Early-February 2026,13-Jan-2026,has_paid_in_full,ENROLLED_WITH_NO_DUES,Fully Paid,	KLARNA				,Onboarded,,Akshitha
Level Up,191747664395,America/Chicago,Backend Engineering Interview Prep Program,Backend Interview Prep - End-January 2026,12-Jan-2026,Flexipay_has_time_to_pay,ENROLLED,Flexipay_has_time_to_pay,0_PERCENT_APR_FLEXIPAY,Onboarded,,Akshitha
Step Up,191489144594,America/Los_Angeles,Technical Program Manager Interview Prep Fast Track Program,,14-Jan-2026,Full Payment Paid,ENROLLED_WITH_NO_DUES,Refunded,	CLIMBCREDIT				,Incomplete OB,,Disha
EdgeUp,190909822785,America/Los_Angeles,EdgeUp 2026 Security Engineering LevelUp Program (with Agentic AI Interview Prep),Applied Agentic AI For SWEs - Early-February 2026,17-Jan-2026,has_paid_in_full,ENROLLED_WITH_NO_DUES,Fully Paid,ACH_TRANSFER,Onboarded,,Anjali
EdgeUp,192652894071,America/New_York,EdgeUp Technical Program Manager LevelUp Program (with Agentic AI),Applied Agentic AI - Early-February 2026,17-Jan-2026,has_paid_in_full,ENROLLED_WITH_NO_DUES,Fully Paid,ACH_TRANSFER,Onboarded,,Suraj
EdgeUp,145714346315,America/Chicago,EdgeUp Technical Program Manager LevelUp Program (with Agentic AI),Applied Agentic AI - Early-February 2026,17-Jan-2026,has_paid_in_full,ENROLLED_WITH_NO_DUES,Fully Paid,KLARNA,Onboarded,,Suraj
EdgeUp Step Up,97172002056,America/New_York,EdgeUp Engineering Management StepUp Program (with Agentic AI),Applied Agentic AI for EM's - Early-February 2026,17-Jan-2026,has_paid_in_full,ENROLLED_WITH_NO_DUES,Fully Paid,STRIPE_CARD,Onboarded,,Arush
New ML,192146468785,America/New_York,Machine Learning Program (with Agentic AI),Machine Learning Program - Mid-February 2026,18-Jan-2026,has_paid_in_full,ENROLLED_WITH_NO_DUES,Fully Paid,KLARNA,Onboarded,,Archi
EdgeUp,326143851,CST,EdgeUp 2026 Engineering Manager LevelUp Program (with Agentic AI Interview Prep) ,Engineering Management Interview Prep - End-January 2026,17-Jan-2026,Full Payment Paid,ENROLLED_WITH_NO_DUES,Refunded,CLIMBCREDIT,VM - 4 Attempts,,Nishtha
New ML,189276009832,America/Phoenix,Machine Learning Program (with Agentic AI),Machine Learning Program - Mid-February 2026,18-Jan-2026,has_paid_in_full,ENROLLED_WITH_NO_DUES,Fully Paid,CLIMBCREDIT,Onboarded,,Anwesh
EdgeUp,185750953340,America/New_York,EdgeUp 2026 Technical Program Manager LevelUp Program (with Agentic AI Interview Prep),TPM Interview Prep - Early-February 2026,16-Jan-2026,has_paid_in_full,ENROLLED_WITH_NO_DUES,Fully Paid,CLIMBCREDIT,Onboarded,,Anjali
Agentic SkillUp,9595842,America/Los_Angeles,Applied Agentic AI Program for SWEs,Applied Agentic AI for SWEs - 2nd Mid-February 2026,18-Jan-2026,has_paid_in_full,ENROLLED_WITH_NO_DUES,Fully Paid,ACH_TRANSFER,Onboarded,,Muskan
EdgeUp Step Up,9298321,America/Los_Angeles,EdgeUp Backend StepUp Program (with Agentic AI),Backend Fast Track Masterclass,19-Jan-2026,has_paid_in_full,ENROLLED_WITH_NO_DUES,Fully Paid,ACH_TRANSFER,Onboarded,,Anjali
Level Up,30867251,America/New_York,Machine Learning Interview Prep Program,Machine Learning Interview Prep - Early-February 2026,18-Jan-2026,has_paid_in_full,ENROLLED_WITH_NO_DUES,Fully Paid,KLARNA,Onboarded,,Suraj
EdgeUp Step Up,184193201227,America/New_York,EdgeUp Engineering Management StepUp Program (with Agentic AI),Applied Agentic AI for EM's - 2nd Mid-February 2026,18-Jan-2026,Flexipay_has_time_to_pay,ENROLLED,Flexipay_has_time_to_pay,0_PERCENT_APR_FLEXIPAY,Onboarded,,Sharon
Level Up,475378001,America/Chicago,Machine Learning Interview Prep Program,Machine Learning Interview Prep - Mid-February 2026,18-Jan-2026,has_paid_in_full,ENROLLED_WITH_NO_DUES,Fully Paid,KLARNA,Onboarded,,Suraj
EdgeUp,192003170971,America/Edmonton,EdgeUp 2026 Backend LevelUp Program (with Agentic AI Interview Prep),Applied Agentic AI for SWEs - 2nd Mid-February 2026,18-Jan-2026,Flexipay_has_time_to_pay,ENROLLED,Flexipay_has_time_to_pay,0_PERCENT_APR_FLEXIPAY,Onboarded,,Arush
EdgeUp,171062402846,America/Los_Angeles,EdgeUp Engineering Manager LevelUp Program (with Agentic AI),Engineering Management Interview Prep - End-January 2026,18-Jan-2026,has_paid_in_full,ENROLLED_WITH_NO_DUES,Fully Paid,STRIPE_CARD,Onboarded,,Anwesh
EdgeUp Step Up,193838179106,America/Chicago,EdgeUp Fullstack StepUp Program (with Agentic AI),Applied Agentic AI For SWEs - Early-February 2026,18-Jan-2026,has_paid_in_full,ENROLLED_WITH_NO_DUES,Fully Paid,KLARNA,Onboarded,,Zeeshan
Step Up,87570625379,America/New_York,Backend Interview Prep Fast Track Program,Backend Fast Track Masterclass,18-Jan-2026,has_paid_in_full,ENROLLED_WITH_NO_DUES,Fully Paid,ACH_TRANSFER,Onboarded,,Zeeshan
Level Up,184056038003,America/Chicago,Data Analyst & Business Analyst Interview Preparation Program,Data Analyst & Business Analyst Interview Prep - 2nd Mid-February 2026,18-Jan-2026,has_paid_in_full,ENROLLED_WITH_NO_DUES,Fully Paid,KLARNA,Onboarded,,Pragya
EdgeUp,193968061505,America/New_York,EdgeUp Security Engineering LevelUp Program (with Agentic AI),Applied Agentic AI - Early-February 2026,19-Jan-2026,has_paid_in_full,ENROLLED_WITH_NO_DUES,Fully Paid,STRIPE_CARD,Onboarded,,Muskan
New ML,194069298500,America/New_York,Machine Learning Program (with Agentic AI),Machine Learning Program - Mid-February 2026,19-Jan-2026,has_paid_in_full,ENROLLED_WITH_NO_DUES,Fully Paid,CLIMBCREDIT,Onboarded,,Arush
New ML,187115736134,America/New_York,Machine Learning Program (with Agentic AI),Machine Learning Program - Mid-May 2026,19-Jan-2026,has_paid_in_full,ENROLLED_WITH_NO_DUES,Fully Paid,STRIPE_CARD,Onboarded,,Safoora
Step Up,9633894,America/Winnipeg,Engineering Management Interview Prep Fast Track Program,Engineering Management Fast Track Masterclass,19-Jan-2026,has_paid_in_full,ENROLLED_WITH_NO_DUES,Fully Paid,STRIPE_MANUAL_PAYMENT,Onboarded,,Anjali
EdgeUp,193091622523,America/Los_Angeles,EdgeUp Engineering Manager LevelUp Program (with Agentic AI),Applied Agentic AI for EM's - Early-February 2026,19-Jan-2026,Flexipay_has_time_to_pay,ENROLLED,Flexipay_has_time_to_pay,0_PERCENT_APR_FLEXIPAY,Onboarded,,Anshuman
Step Up,505969151,America/New_York,Fullstack Interview Prep Fast Track Program,Fullstack Fast Track Masterclass,19-Jan-2026,Flexipay_has_time_to_pay,ENROLLED,Flexipay_has_time_to_pay,0_PERCENT_APR_FLEXIPAY,Onboarded,,Suraj
EdgeUp,9598494,America/Chicago,EdgeUp 2026 AWS Cloud Solutions Architect LevelUp Program (with Agentic AI Interview Prep),Applied Agentic AI For SWEs - Early-February 2026,19-Jan-2026,has_paid_in_full,ENROLLED_WITH_NO_DUES,Fully Paid,STRIPE_CARD,Onboarded,,Anjali
Advanced ML,27256168,America/New_York,Advanced Machine Learning Program (with Agentic AI),Advanced Machine Learning Program - Early-February 2026,20-Jan-2026,has_paid_in_full,ENROLLED_WITH_NO_DUES,Fully Paid,STRIPE_CARD,Onboarded,,Nishtha
Level Up,194261278231,America/Phoenix,Data Engineering Interview Prep Program,Data Engineering Interview Prep - End-January 2026,19-Jan-2026,has_time_to_pay,ENROLLED,has_time_to_pay,STRIPE_CARD,Onboarded,,Pragya
Paid Upgrade,474012401,America/Los_Angeles,Coding Interview Preparation Pathway,Coding Pathway - End-January 2026,20-Jan-2026,has_paid_in_full,ENROLLED_WITH_NO_DUES,Fully Paid,KLARNA,Onboarded,,Pragya
EdgeUp,75091839023,America/Chicago,EdgeUp Fullstack LevelUp Program (with Agentic AI),Fullstack Interview Prep - Early-February 2026,20-Jan-2026,Flexipay_has_time_to_pay,ENROLLED,Flexipay_has_time_to_pay,0_PERCENT_APR_FLEXIPAY,Onboarded,,Safoora
Agentic SkillUp,43386901,America/New_York,Applied Agentic AI Program,Applied Agentic AI - 2nd Mid-February 2026,20-Jan-2026,has_paid_in_full,ENROLLED_WITH_NO_DUES,Fully Paid,PAYPAL,Onboarded,,Archi
EdgeUp,186789212790,America/Chicago,EdgeUp 2026 Backend LevelUp Program (with Agentic AI Interview Prep),Backend Interview Prep - Early-March 2026,20-Jan-2026,has_paid_in_full,ENROLLED_WITH_NO_DUES,Fully Paid,ACH_TRANSFER,VM - 4 Attempts,,Anshuman
EdgeUp Step Up,222015001,America/Los_Angeles,EdgeUp AWS Cloud Solutions Architect StepUp Program (with Agentic AI),Applied Agentic AI - Early-February 2026,20-Jan-2026,Flexipay_has_time_to_pay,ENROLLED,Flexipay_has_time_to_pay,0_PERCENT_APR_FLEXIPAY,Onboarded,,Pragya
Paid Upgrade,194702439946,America/Los_Angeles,Career Skills Program,Career Skills Pathway - Early-April 2026,20-Jan-2026,has_paid_in_full,ENROLLED_WITH_NO_DUES,Fully Paid,ACH_TRANSFER,Onboarded,,Suraj
Advanced ML,9291692,America/Los_Angeles,Advanced Machine Learning Program (with Agentic AI),Advanced Machine Learning Program - Early-February 2026,20-Jan-2026,has_paid_in_full,ENROLLED_WITH_NO_DUES,Fully Paid,STRIPE_CARD,Onboarded,,Sharon
New ML,194562625455,America/New_York,Machine Learning Program (with Agentic AI),Machine Learning Program - Mid-May 2026,20-Jan-2026,Flexipay_has_time_to_pay,ENROLLED,Flexipay Refunded,0_PERCENT_APR_FLEXIPAY,Incomplete OB,,Nishtha
Step Up,168650658426,America/New_York,Backend Interview Prep Fast Track Program,Backend Fast Track Masterclass,21-Jan-2026,has_paid_in_full,ENROLLED_WITH_NO_DUES,Fully Paid,KLARNA,Onboarded,,Ajil
EdgeUp,188441941587,Europe/Lisbon,EdgeUp Engineering Manager LevelUp Program (with Agentic AI),Applied Agentic AI for EM's - Early-February 2026,16-Jan-2026,has_paid_in_full,FULL_PAYMENT_PAID,Refunded,CLIMB CREDIT,Onboarded,,Ajil
Level Up,191976245806,PST,Early Engineering Interview Prep Program,"
Early Engineering - Mid-February 2026",19-Jan-2026,has_time_to_pay,DEPOSIT_PAID,has_time_to_pay,STRIPE_CARD,Onboarded,,Disha
Agentic pathway,43394666032,MST,Agentic AI Pathway (SWEs),Agentic AI Pathway For SWEs - End-March 2026,19-Jan-2026,has_time_to_pay,DEPOSIT_PAID,Refunded,STRIPE_CARD,Incomplete OB,,Muskan
Level Up,193802748253,EST,Security Engineering (W/o Coding) Interview Prep Program,DEFAULT COHORT (USA),20-Jan-2026,has_time_to_pay,DEPOSIT_PAID,,STRIPE_CARD,Incomplete OB,,Ajil
New ML,192394872671,PST,Machine Learning Program (with Agentic AI),Machine Learning Program - Mid-March 2026,20-Jan-2026,has_paid_in_full,FULL_PAYMENT_PAID,Fully Paid,CLIMB CREDIT,Onboarded,,Archi
Step Up,85150051,America/New_York,Technical Program Manager Interview Prep Fast Track Program,TPM Fast Track Masterclass,21-Jan-2026,Flexipay_has_time_to_pay,ENROLLED,Flexipay_has_time_to_pay,0_PERCENT_APR_FLEXIPAY,Onboarded,,Suraj
Level Up,195006556785,America/New_York,Early Engineering Interview Prep Program,Early Engineering - Early-February 2026,21-Jan-2026,has_paid_in_full,ENROLLED_WITH_NO_DUES,Fully Paid,STRIPE_CARD,VM - 6 Attempts,,Zeeshan
EdgeUp,191988482651,America/Los_Angeles,EdgeUp 2026 Machine Learning LevelUp Program (with Agentic AI Interview Prep),Machine Learning Interview Prep - Early-February 2026,21-Jan-2026,Flexipay_has_time_to_pay,ENROLLED,Flexipay_has_time_to_pay,0_PERCENT_APR_FLEXIPAY,Onboarded,,Anwesh
New ML,190341116972,America/New_York,Machine Learning Program (with Agentic AI),Machine Learning Program - Mid-February 2026,21-Jan-2026,has_paid_in_full,ENROLLED_WITH_NO_DUES,Fully Paid,CLIMBCREDIT,Onboarded,,Kamal
EdgeUp,194160233582,America/Los_Angeles,EdgeUp Technical Program Manager LevelUp Program (with Agentic AI),Applied Agentic AI - 2nd Mid-February 2026,21-Jan-2026,has_paid_in_full,ENROLLED_WITH_NO_DUES,Fully Paid,ACH_TRANSFER,Onboarded,,Zeeshan
EdgeUp,187142490506,America/New_York,EdgeUp Engineering Manager LevelUp Program (with Agentic AI),Applied Agentic AI for EM's - Early-April 2026,21-Jan-2026,has_time_to_pay,ENROLLED,Dropped Out,STRIPE_CARD,Incomplete OB,,Archi
Advanced ML,194479195930,America/Chicago,Advanced Machine Learning Program (with Agentic AI),Advanced Machine Learning Program - Early-February 2026,21-Jan-2026,Flexipay_has_time_to_pay,ENROLLED,Flexipay_has_time_to_pay,0_PERCENT_APR_FLEXIPAY,Onboarded,,Anshuman
Step Up,194858252168,America/New_York,Data Engineering Interview Prep Fast Track Program,Data Engineering Fast Track Masterclass,21-Jan-2026,has_paid_in_full,ENROLLED_WITH_NO_DUES,Fully Paid,KLARNA,Onboarded,,Disha
EdgeUp,9548214,America/Los_Angeles,EdgeUp 2026 Backend LevelUp Program (with Agentic AI Interview Prep),Backend Interview Prep - Early-February 2026,22-Jan-2026,has_paid_in_full,ENROLLED_WITH_NO_DUES,Fully Paid,STRIPE_CARD,Onboarded,,Archi
DL & Gen AI Specialisation,166680273976,America/Chicago,Advanced Deep Learning & Generative AI Specialisation Program,Advanced Machine Learning Program - End-August 2025,21-Jan-2026,has_paid_in_full,ENROLLED_WITH_NO_DUES,Fully Paid,CLIMBCREDIT,Onboarded,,Sanjana
EdgeUp,190584538397,America/Los_Angeles,EdgeUp 2026 Engineering Manager LevelUp Program (with Agentic AI Interview Prep),Engineering Management Interview Prep - Early-February 2026,23-Jan-2026,has_paid_in_full,ENROLLED_WITH_NO_DUES,Fully Paid,        ACH_TRANSFER,Onboarded,,Pragya
EdgeUp,14242878,America/Chicago,EdgeUp 2026 Data Engineering LevelUp Program (with Agentic AI Interview Prep),Applied Agentic AI for SWEs - 2nd Mid-February 2026,22-Jan-2026,has_paid_in_full,ENROLLED_WITH_NO_DUES,Fully Paid,        ACH_TRANSFER,Onboarded,,Akshitha
EdgeUp,9548029,America/New_York,EdgeUp 2026 Fullstack LevelUp Program (with Agentic AI Interview Prep),Fullstack Interview Prep - Early-February 2026,22-Jan-2026,has_paid_in_full,ENROLLED_WITH_NO_DUES,Fully Paid,CLIMBCREDIT,Onboarded,,Pragya
New ML,193124259904,America/New_York,Machine Learning Program (with Agentic AI),Machine Learning Program - Mid-February 2026,22-Jan-2026,Flexipay_has_time_to_pay,ENROLLED,Flexipay_has_time_to_pay,0_PERCENT_APR_FLEXIPAY,Onboarded,,Kamal
EdgeUp,193538313913,,EdgeUp 2026 Technical Program Manager LevelUp Program (with Agentic AI Interview Prep),Applied Agentic AI - Early-February 2026,22-Jan-2026,has_paid_in_full,ENROLLED_WITH_NO_DUES,Fully Paid,CLIMBCREDIT,Onboarded,,Disha
New ML,188420674464,America/New_York,Machine Learning Program (with Agentic AI),Machine Learning Program - Mid-May 2026,23-Jan-2026,has_time_to_pay,ENROLLED,Potential Error,STRIPE_CARD,Onboarded,,Sharon
Agentic SkillUp,9305535,America/New_York,Applied Agentic AI Program for SWEs,Applied Agentic AI For SWEs - Mid-February 2026,23-Jan-2026,has_paid_in_full,ENROLLED_WITH_NO_DUES,Fully Paid,        ACH_TRANSFER,VM - 4 Attempts,,Anshuman
Advanced ML,9268698,America/Los_Angeles,Advanced Machine Learning Program (with Agentic AI),Advanced Machine Learning Program - Early-February 2026,23-Jan-2026,has_paid_in_full,ENROLLED_WITH_NO_DUES,Fully Paid,STRIPE_MANUAL_PAYMENT,Onboarded Via Calendly,,Safoora
Level Up,45634949512,America/Los_Angeles,Early Engineering Interview Prep Program,Early Engineering - Early-February 2026,23-Jan-2026,has_paid_in_full,ENROLLED_WITH_NO_DUES,Fully Paid,        ACH_TRANSFER,Onboarded,,Disha
AI/DS SwitchUp,194145029157,America/New_York,AI Data Science SwitchUp Program (w/o Foundations),AI Data Science SwitchUp - Mid-February 2026,22-Jan-2026,has_paid_in_full,ENROLLED_WITH_NO_DUES,Fully Paid,        ACH_TRANSFER,Onboarded,,Kamal
Advanced ML,194992342423,America/Chicago,Advanced Machine Learning Program (with Agentic AI),Advanced Machine Learning Program - Early-February 2026,23-Jan-2026,has_paid_in_full,ENROLLED_WITH_NO_DUES,Fully Paid,STRIPE_CARD,Onboarded,,Arush
EdgeUp Step Up,183431365700,America/Chicago,EdgeUp 2026 Embedded Systems StepUp Program (with Agentic AI Interview Prep),Applied Agentic AI For SWEs - Mid-February 2026,23-Jan-2026,has_paid_in_full,ENROLLED_WITH_NO_DUES,Fully Paid,        ACH_TRANSFER,Onboarded,,Akshitha
New ML,9592031,America/New_York,Machine Learning Program (with Agentic AI),Machine Learning Program - Mid-February 2026,23-Jan-2026,has_paid_in_full,ENROLLED_WITH_NO_DUES,Fully Paid,KLARNA,Onboarded,,Anwesh
Advanced ML,9282017,America/Los_Angeles,Advanced Machine Learning Program (with Agentic AI),Advanced Machine Learning Program - Early-February 2026,23-Jan-2026,has_paid_in_full,ENROLLED_WITH_NO_DUES,Fully Paid,        ACH_TRANSFER,Onboarded,,Safoora
New ML,576912301,America/Los_Angeles,Machine Learning Program (with Agentic AI),Machine Learning Program - Mid-May 2026,23-Jan-2026,has_paid_in_full,ENROLLED_WITH_NO_DUES,Fully Paid,        ACH_TRANSFER,Onboarded,,Sanjana
EdgeUp,165285551,America/Chicago,EdgeUp 2026 Product Manager (Tech) LevelUp Program (with Agentic AI Interview Prep),TPM Interview Prep - Early-February 2026,23-Jan-2026,has_paid_in_full,ENROLLED_WITH_NO_DUES,Fully Paid,KLARNA,VM - 6 Attempts,,Arshia
EdgeUp,192658815242,America/New_York,EdgeUp 2026 Technical Program Manager LevelUp Program (with Agentic AI Interview Prep),TPM Interview Prep - Early-February 2026,23-Jan-2026,has_paid_in_full,ENROLLED_WITH_NO_DUES,Fully Paid,STRIPE_CARD,Onboarded,,Arshia
EdgeUp,195477354533,America/Los_Angeles,EdgeUp 2026 Data Science LevelUp Program (with Agentic AI Interview Prep),Data Science Interview Prep - Early-February 2026,23-Jan-2026,has_paid_in_full,ENROLLED_WITH_NO_DUES,Fully Paid,        ACH_TRANSFER,Onboarded,,Arshia
Advanced ML,155352871213,America/Chicago,Advanced Machine Learning Program (with Agentic AI),Advanced Machine Learning Program - End-May 2026,24-Jan-2026,has_paid_in_full,ENROLLED_WITH_NO_DUES,Fully Paid,CLIMBCREDIT,Onboarded,,Archi
AI/DS SwitchUp,195310932253,America/Los_Angeles,AI Data Science SwitchUp Program,AI Data Science SwitchUp - Mid-February 2026,23-Jan-2026,Flexipay_has_time_to_pay,ENROLLED,Flexipay_has_time_to_pay,0_PERCENT_APR_FLEXIPAY,Onboarded,,Sanjana
Step Up,193802661475,America/New_York,Data Analyst & Business Analyst Interview Prep Fast Track Program,Data Analyst & Business Analyst Fast Track Masterclass,24-Jan-2026,has_paid_in_full,ENROLLED_WITH_NO_DUES,Fully Paid,KLARNA,Onboarded,,Anjali
EdgeUp,195587310188,,EdgeUp 2026 Backend LevelUp Program (with Agentic AI Interview Prep),Applied Agentic AI For SWEs - Mid-February 2026,23-Jan-2026,has_paid_in_full,ENROLLED_WITH_NO_DUES,Fully Paid,STRIPE_MANUAL_PAYMENT,Onboarded,,Muskan
Step Up,193989677744,America/Los_Angeles,Site Reliability Engineering Interview Prep Fast Track Program,SRE Fast Track Masterclass,24-Jan-2026,has_paid_in_full,ENROLLED_WITH_NO_DUES,Fully Paid,STRIPE_CARD,Onboarded,,Arshia
EdgeUp,193157645412,America/Los_Angeles,EdgeUp Data Analyst & Business Analyst LevelUp Program (with Agentic AI),Applied Agentic AI for SWE - Early February 2026,25-Jan-2026,has_paid_in_full,ENROLLED_WITH_NO_DUES,Fully Paid,STRIPE_CARD,Onboarded,,Sanjana
Level Up,194559730798,America/New_York,Data Analyst & Business Analyst Interview Preparation Program,Data Analyst & Business Analyst Interview Prep - 2nd Mid-February 2026,25-Jan-2026,has_paid_in_full,ENROLLED_WITH_NO_DUES,Fully Paid,PAYPAL,Onboarded,,Arshia
Agentic SkillUp,141924530728,America/New_York,Applied Agentic AI Program for SWEs,Applied Agentic AI for SWEs - Early-July 2026,25-Jan-2026,has_paid_in_full,ENROLLED_WITH_NO_DUES,Fully Paid,PAYPAL,Onboarded,,Manish
EdgeUp,194102734518,America/Chicago,EdgeUp 2026 Site Reliability Engineering & DevOps LevelUp Program (with Agentic AI Interview Prep),Applied Agentic AI for SWEs - 2nd Mid-February 2026,25-Jan-2026,has_paid_in_full,ENROLLED_WITH_NO_DUES,Fully Paid,PAYPAL,Onboarded,,Manish
EdgeUp,195520309506,America/New_York,EdgeUp 2026 Backend LevelUp Program (with Agentic AI Interview Prep),Applied Agentic AI for SWEs - 2nd Mid-February 2026,25-Jan-2026,has_paid_in_full,ENROLLED_WITH_NO_DUES,Fully Paid,KLARNA,Onboarded,,Manish
Level Up,119629436418,America/New_York,Early Engineering Interview Prep Program,Early Engineering - Early-February 2026,25-Jan-2026,has_paid_in_full,ENROLLED_WITH_NO_DUES,Fully Paid,PAYPAL,Onboarded,,Suraj
Level Up,195810518657,America/Los_Angeles,Early Engineering Interview Prep Program,Early Engineering - Early-February 2026,25-Jan-2026,has_paid_in_full,ENROLLED_WITH_NO_DUES,Fully Paid,STRIPE_CARD,Onboarded,,Akshitha
Level Up,9246632,America/Los_Angeles,Backend Engineering Interview Prep Program,Backend Interview Prep - Early-February 2026,25-Jan-2026,has_paid_in_full,ENROLLED_WITH_NO_DUES,Fully Paid,ACH_TRANSFER,Onboarded,,Suraj
EdgeUp,184489397027,PST,EdgeUp 2026 Engineering Manager LevelUp Program (with Agentic AI Interview Prep),Engineering Management Interview Prep - Early-February 2026,24-Jan-2026,Flexipay_has_time_to_pay,DEPOSIT_PAID,Flexipay_has_time_to_pay,0% APR FLEXIPAY,Onboarded,,Ajil
New ML,195861129067,PST,Machine Learning Program (with Agentic AI),Machine Learning Program - Mid-February 2026,25-Jan-2026,has_paid_in_full,FULL_PAYMENT_PAID,Fully Paid,STRIPE_CARD,Onboarded,,Arush
EdgeUp,9548650,CST,EdgeUp Data Engineering LevelUp Program (with Agentic AI),Data Engineering Interview Prep - Early-February 2026,2-Jan-2026,has_paid_in_full,ENROLLED_WITH_NO_DUES,Fully Paid,CLIMB CREDIT,Onboarded,,Akshitha
New ML,194817394037,EST,Machine Learning Program (with Agentic AI),Machine Learning Program - Mid-February 2026,26-Jan-2026,has_time_to_pay,DEPOSIT_PAID,has_time_to_pay,STRIPE_CARD,Onboarded,,Manish
Paid Upgrade,194644544571,PST,Career Skills Program,Career Skills Pathway - Early-April 2026,26-Jan-2026,has_paid_in_full,ENROLLED_WITH_NO_DUES,Fully Paid,STRIPE_ACH,Onboarded,,Ajil
EdgeUp,194853261331,MST,EdgeUp 2026 Engineering Manager LevelUp Program (with Agentic AI Interview Prep),Engineering Management Interview Prep - Early-February 2026,26-Jan-2026,has_paid_in_full,ENROLLED_WITH_NO_DUES,Fully Paid,STRIPE_ACH,Onboarded,,Kamal
EdgeUp,189476485661,EST,EdgeUp Frontend LevelUp Program (with Agentic AI),"Fullstack Interview Prep - Mid-February 2026
",26-Jan-2026,has_time_to_pay,DEPOSIT_PAID,has_time_to_pay,STRIPE_CARD,Onboarded,,Nishtha
Level Up,14239370,CST,Data Analyst & Business Analyst Interview Preparation Program,Data Analyst & Business Analyst Interview Prep - 2nd Mid-February 2026,26-Jan-2026,has_paid_in_full,FULL_PAYMENT_PAID,Fully Paid,PAYPAL,Onboarded,,Anjali
EdgeUp Step Up,195664226381,CST,EdgeUp 2026 Machine Learning StepUp Program (with Agentic AI Interview Prep),"Machine Learning Fast Track Masterclass
",26-Jan-2026,has_paid_in_full,ENROLLED_WITH_NO_DUES,Fully Paid,CLIMB CREDIT,Onboarded,,Anjali
Level Up,193128778530,PST,Machine Learning Interview Prep Program,Machine Learning Interview Prep - Early-February 2026,26-Jan-2026,has_paid_in_full,ENROLLED_WITH_NO_DUES,Fully Paid,STRIPE_CARD,Onboarded,,Akshitha
EdgeUp,195561988900,EST,EdgeUp 2026 Product Manager (Tech) LevelUp Program (with Agentic AI Interview Prep),Applied Agentic AI - 2nd Mid-February 2026,26-Jan-2026,Flexipay_has_time_to_pay,ENROLLED,Flexipay_has_time_to_pay,0% APR FLEXIPAY,Onboarded,,Nishtha
EdgeUp,9286543,EST,EdgeUp Product Manager (Tech) LevelUp Program (with Agentic AI),Applied Agentic AI - Early-February 2026,26-Jan-2026,Flexipay_has_time_to_pay,ENROLLED,Flexipay_has_time_to_pay,0% APR FLEXIPAY,Onboarded,,Pragya
EdgeUp Step Up,126220060173,America/Los_Angeles,EdgeUp Engineering Management StepUp Program (with Agentic AI),Applied Agentic AI for EM's - 2nd Mid-February 2026,27-Jan-2026,Flexipay_has_time_to_pay,ENROLLED,Flexipay_has_time_to_pay,0_PERCENT_APR_FLEXIPAY,Onboarded,,Disha
Paid Upgrade,124315337744,America/Los_Angeles,Machine Learning Interview Preparation Pathway,Machine Learning Interview Prep Pathway - 2nd Mid-February 2026,27-Jan-2026,has_paid_in_full,ENROLLED_WITH_NO_DUES,Fully Paid,STRIPE_CARD,Onboarded,,Suraj
EdgeUp Step Up,28627806,America/Los_Angeles,EdgeUp 2026 Engineering Management StepUp Program (with Agentic AI Interview Prep),Applied Agentic AI for EM's - 2nd Mid-February 2026,27-Jan-2026,has_paid_in_full,ENROLLED_WITH_NO_DUES,Fully Paid,KLARNA,Onboarded,,Pragya
EdgeUp,142851552,America/Los_Angeles,EdgeUp 2026 Fullstack LevelUp Program (with Agentic AI Interview Prep),Applied Agentic AI for SWEs - Early-March 2026,27-Jan-2026,has_paid_in_full,ENROLLED_WITH_NO_DUES,Fully Paid,STRIPE_MANUAL_PAYMENT,Onboarded,,Anshuman
Advanced ML,195404036906,America/New_York,Advanced Machine Learning Program (with Agentic AI),Advanced Machine Learning Program - Early-February 2026,27-Jan-2026,has_paid_in_full,ENROLLED_WITH_NO_DUES,Fully Paid,STRIPE_CARD,Onboarded,,Muskan
Level Up,196852526689,America/Los_Angeles,Backend Engineering Interview Prep Program,Backend Interview Prep - Early-February 2026,27-Jan-2026,has_paid_in_full,ENROLLED_WITH_NO_DUES,Fully Paid,ACH_TRANSFER,Onboarded,,Ajil
New ML,31035540237,America/Los_Angeles,Machine Learning Program (with Agentic AI),Machine Learning Program - Mid-February 2026,28-Jan-2026,has_paid_in_full,ENROLLED_WITH_NO_DUES,Fully Paid,STRIPE_MANUAL_PAYMENT,VM - 4 Attempts,,Sharon
Step Up,135139243050,America/New_York,Fullstack Interview Prep Fast Track Program,Fullstack Fast Track Masterclass,28-Jan-2026,has_paid_in_full,ENROLLED_WITH_NO_DUES,Fully Paid,KLARNA,Onboarded,,Disha
EdgeUp Step Up,14239870,America/Los_Angeles,EdgeUp 2026 Engineering Management StepUp Program (with Agentic AI Interview Prep),Applied Agentic AI for EM's - 2nd Mid-February 2026,28-Jan-2026,has_paid_in_full,ENROLLED_WITH_NO_DUES,Fully Paid,ACH_TRANSFER,Onboarded,,Safoora
Step Up,195077371304,America/New_York,Backend Interview Prep Fast Track Program,Backend Fast Track Masterclass,28-Jan-2026,has_paid_in_full,FULL_PAYMENT_PAID,Fully Paid,CLIMBCREDIT,Onboarded,,Suraj
EdgeUp Step Up,43527920436,America/Denver,EdgeUp 2026 Data Engineering StepUp Program (with Agentic AI Interview Prep),Applied Agentic AI For SWEs - Mid-February 2026,28-Jan-2026,has_paid_in_full,FULL_PAYMENT_PAID,Fully Paid,ACH_TRANSFER,Onboarded,,Kamal
Step Up,196018261148,America/Los_Angeles,Data Analyst & Business Analyst Interview Prep Fast Track Program,Data Analyst & Business Analyst Fast Track Masterclass,28-Jan-2026,has_paid_in_full,ENROLLED_WITH_NO_DUES,Fully Paid,KLARNA,Onboarded,,Pragya
Paid Upgrade,40931051,America/New_York,Career Skills Program,Career Skills Pathway - Early-February 2026,29-Jan-2026,has_paid_in_full,ENROLLED_WITH_NO_DUES,Fully Paid,KLARNA,Onboarded,,Zeeshan
EdgeUp,193122574161,America/Chicago,EdgeUp 2026 Data Engineering LevelUp Program (with Agentic AI Interview Prep),Applied Agentic AI For SWEs - Mid-February 2026,28-Jan-2026,has_paid_in_full,ENROLLED_WITH_NO_DUES,Fully Paid,CLIMBCREDIT,Onboarded,,Sharon
New ML,177238319767,America/Chicago,Machine Learning Program (with Agentic AI),Machine Learning Program - Mid-May 2026,28-Jan-2026,has_paid_in_full,ENROLLED_WITH_NO_DUES,Fully Paid,KLARNA,Onboarded,,Anwesh
Advanced ML,9627350,US/Pacific,Advanced Machine Learning Program (with Agentic AI),Advanced Machine Learning Program - End-March 2026,28-Jan-2026,has_paid_in_full,ENROLLED_WITH_NO_DUES,Fully Paid,STRIPE_CARD,Onboarded,,Nishtha
Level Up,191690845989,America/New_York,Technical Program Manager Interview Prep Program,TPM Interview Prep - End-February 2026,28-Jan-2026,has_paid_in_full,ENROLLED_WITH_NO_DUES,Fully Paid,KLARNA,Onboarded,,Disha
EdgeUp Step Up,28639003,America/Chicago,EdgeUp 2026 Fullstack StepUp Program (with Agentic AI Interview Prep),Applied Agentic AI For SWEs - Mid-February 2026,28-Jan-2026,has_paid_in_full,ENROLLED_WITH_NO_DUES,Fully Paid,ACH_TRANSFER,Onboarded,,Ajil
EdgeUp Step Up,191160968536,US/Pacific,EdgeUp 2026 Technical Program Manager StepUp Program (with Agentic AI Interview Prep),Applied Agentic AI - 2nd Mid-February 2026,28-Jan-2026,has_paid_in_full,ENROLLED_WITH_NO_DUES,Fully Paid,KLARNA,Onboarded,,Zeeshan
Advanced ML,88173051,America/New_York,Advanced Machine Learning Program (with Agentic AI),Advanced Machine Learning Program - Early-February 2026,28-Jan-2026,has_paid_in_full,ENROLLED_WITH_NO_DUES,Fully Paid,PAYPAL,Onboarded,,Archi
Agentic pathway,23255901,America/Los_Angeles,Agentic AI Pathway (DEs),Applied Agentic AI for SWEs - 2nd Mid-February 2026,28-Jan-2026,has_paid_in_full,ENROLLED_WITH_NO_DUES,Fully Paid,STRIPE_CARD,Onboarded,,Safoora
EdgeUp,164146711417,America/Los_Angeles,EdgeUp 2026 Technical Program Manager LevelUp Program (with Agentic AI Interview Prep),"Applied Agentic AI - 2nd Mid-February 2026
",28-Jan-2026,has_paid_in_full,ENROLLED_WITH_NO_DUES,Dropped Out,STRIPE_CARD,VM - 6 Attempts,,Disha
Agentic SkillUp,549524801,America/New_York,Applied Agentic AI Program for SWEs,Applied Agentic AI for SWEs - 2nd Mid-February 2026,29-Jan-2026,has_paid_in_full,ENROLLED_WITH_NO_DUES,Fully Paid,STRIPE_CARD,Onboarded,,Anwesh
Agentic SkillUp,9592563,America/Chicago,Applied Agentic AI Program for Data Engineers,Applied Agentic AI for SWEs - 2nd Mid-February 2026,29-Jan-2026,has_paid_in_full,ENROLLED_WITH_NO_DUES,Fully Paid,KLARNA,Onboarded,,Sharon
EdgeUp,583369201,US/Pacific,EdgeUp 2026 Engineering Manager LevelUp Program (with Agentic AI Interview Prep),Applied Agentic AI for EM's - 2nd Mid-February 2026,29-Jan-2026,has_paid_in_full,ENROLLED_WITH_NO_DUES,Fully Paid,STRIPE_MANUAL_PAYMENT,Onboarded,,Anshuman
Level Up,194831153738,America/New_York,Technical Program Manager Interview Prep Program,TPM Interview Prep - Early-February 2026,30-Jan-2026,Flexipay_has_time_to_pay,ENROLLED,Flexipay_has_time_to_pay,0_PERCENT_APR_FLEXIPAY,Onboarded,,Ajil
Agentic SkillUp,248933051,America/Chicago,Applied Agentic AI Program for SWEs,Applied Agentic AI For SWEs - Mid-February 2026,29-Jan-2026,has_paid_in_full,ENROLLED_WITH_NO_DUES,Fully Paid,STRIPE_CARD,Onboarded,,Sanjana
Agentic SkillUp,197680101,Europe/London,Applied Agentic AI Program,Applied Agentic AI - 2nd Mid-February 2026,29-Jan-2026,Flexipay_has_time_to_pay,ENROLLED,Flexipay_has_time_to_pay,0_PERCENT_APR_FLEXIPAY,Onboarded,,Safoora
Level Up,276232951,America/Los_Angeles,Data Engineering Interview Prep Program,Data Engineering Interview Prep - 2nd Mid-February 2026,30-Jan-2026,has_time_to_pay,ENROLLED,has_time_to_pay,STRIPE_CARD,Onboarded,,Akshitha
EdgeUp Step Up,9269851,America/Los_Angeles,EdgeUp 2026 Engineering Management StepUp Program (with Agentic AI Interview Prep),Applied Agentic AI for EM's - 2nd Mid-February 2026,29-Jan-2026,has_paid_in_full,ENROLLED_WITH_NO_DUES,Fully Paid,STRIPE_CARD,Onboarded,,Kamal
New ML,196725488277,America/New_York,Machine Learning Program (with Agentic AI),Machine Learning Program - Mid-February 2026,29-Jan-2026,has_paid_in_full,ENROLLED_WITH_NO_DUES,Refunded,CLIMBCREDIT,Onboarded,,Arush
EdgeUp Step Up,194515127153,America/Vancouver,EdgeUp 2026 Test Engineering StepUp Program (with Agentic AI Interview Prep),Applied Agentic AI for SWEs - 2nd Mid-February 2026,29-Jan-2026,has_paid_in_full,ENROLLED_WITH_NO_DUES,Fully Paid,STRIPE_CARD,Onboarded,,Arush
EdgeUp,9280505,America/Toronto,EdgeUp Backend LevelUp Program (with Agentic AI),Applied Agentic AI For SWEs - Early-February 2026,29-Jan-2026,has_paid_in_full,ENROLLED_WITH_NO_DUES,Fully Paid,PAYPAL,Onboarded,,Anwesh
Advanced ML,195567612308,America/Los_Angeles,Advanced Machine Learning Program (with Agentic AI),Advanced Machine Learning Program - End-March 2026,29-Jan-2026,Flexipay_has_time_to_pay,ENROLLED,Flexipay_has_time_to_pay,0_PERCENT_APR_FLEXIPAY,Onboarded,,Archi
New ML,9550160,America/Los_Angeles,Machine Learning Program (with Agentic AI),Machine Learning Program - Mid-February 2026,29-Jan-2026,has_paid_in_full,ENROLLED_WITH_NO_DUES,Fully Paid,CLIMBCREDIT,Onboarded,,Anwesh
EdgeUp,115268895519,America/New_York,EdgeUp 2026 Data Science LevelUp Program (with Agentic AI Interview Prep),Applied Agentic AI for SWEs - 2nd Mid-February 2026,29-Jan-2026,Flexipay_has_time_to_pay,ENROLLED,Flexipay Refunded,0_PERCENT_APR_FLEXIPAY,Onboarded,,Zeeshan
EdgeUp,195888697637,America/Los_Angeles,EdgeUp 2026 Engineering Manager LevelUp Program (with Agentic AI Interview Prep),Engineering Management Interview Prep - Mid-February 2026,29-Jan-2026,has_paid_in_full,ENROLLED_WITH_NO_DUES,Fully Paid,ACH_TRANSFER,Onboarded,,Ajil
Step Up,36846451,America/Los_Angeles,Backend Interview Prep Fast Track Program,Backend Fast Track Masterclass,29-Jan-2026,has_paid_in_full,ENROLLED_WITH_NO_DUES,Fully Paid,STRIPE_MANUAL_PAYMENT,Onboarded,,Anjali
Agentic SkillUp,538101151,America/New_York,Applied Agentic AI Program for SWEs,Applied Agentic AI For SWEs - Early-February 2026,30-Jan-2026,refunded,REFUNDED,Invalid,ACH_TRANSFER,Yet to Connect,,SSA
Agentic SkillUp,440504301,America/New_York,Applied Agentic AI Program for SWEs,Applied Agentic AI For SWEs - Early-February 2026,30-Jan-2026,has_paid_in_full,ENROLLED,Fully Paid,STRIPE_MANUAL_PAYMENT,Onboarded,,Anshuman
Step Up,195596720784,America/New_York,Data Engineering Interview Prep Fast Track Program,Data Engineering Interview Prep Fast Track Program,30-Jan-2026,Flexipay_has_time_to_pay,ENROLLED,Flexipay_has_time_to_pay,0_PERCENT_APR_FLEXIPAY,Onboarded,,Arshia
Step Up,197247954240,,Data Analyst & Business Analyst Interview Prep Fast Track Program,Data Analyst & Business Analyst Fast Track Masterclass,30-Jan-2026,has_paid_in_full,ENROLLED_WITH_NO_DUES,Fully Paid,ACH_TRANSFER,Onboarded,,Anjali
EdgeUp Step Up,76819551,America/Los_Angeles,EdgeUp 2026 Engineering Management StepUp Program (with Agentic AI Interview Prep),Engineering Management Fast Track Masterclass,30-Jan-2026,Flexipay_has_time_to_pay,ENROLLED,Flexipay_has_time_to_pay,0_PERCENT_APR_FLEXIPAY,Onboarded,,Arshia
EdgeUp,193776102415,America/New_York,EdgeUp 2026 Engineering Manager LevelUp Program (with Agentic AI Interview Prep),Engineering Management Interview Prep - 2nd Mid-February 2026,30-Jan-2026,Flexipay_has_time_to_pay,ENROLLED,Flexipay_has_time_to_pay,0_PERCENT_APR_FLEXIPAY,Onboarded,,Arshia
EdgeUp Step Up,408476851,America/Los_Angeles,EdgeUp Engineering Management StepUp Program (with Agentic AI),Applied Agentic AI for SWEs - Early-March 2026,30-Jan-2026,has_paid_in_full,ENROLLED_WITH_NO_DUES,Fully Paid,ACH_TRANSFER,Onboarded,,Anjali
EdgeUp Step Up,552973001,America/Toronto,EdgeUp 2026 Fullstack StepUp Program (with Agentic AI Interview Prep),Fullstack Fast Track Masterclass,30-Jan-2026,Flexipay_has_time_to_pay,ENROLLED,Flexipay_has_time_to_pay,0_PERCENT_APR_FLEXIPAY,Onboarded,,Arshia
EdgeUp,197295212576,America/Chicago,EdgeUp 2026 Engineering Manager LevelUp Program (with Agentic AI Interview Prep),"Engineering Management Interview Prep - 2nd Mid-March 2026
",30-Jan-2026,has_paid_in_full,ENROLLED_WITH_NO_DUES,Fully Paid,ACH_TRANSFER,Onboarded,,Akshitha
New ML,14294912102,America/Chicago,Machine Learning Program (with Agentic AI),Machine Learning Program - Mid-February 2026,30-Jan-2026,has_paid_in_full,ENROLLED_WITH_NO_DUES,Fully Paid,CLIMBCREDIT,Onboarded,,Sanjana
Level Up,34075626419,America/Toronto,Engineering Manager Interview Prep Program,Engineering Management Interview Prep - Mid-February 2026,30-Jan-2026,has_paid_in_full,ENROLLED_WITH_NO_DUES,Fully Paid,STRIPE_CARD,Onboarded,,Anjali
New ML,9248309,America/Los_Angeles,Machine Learning Program (with Agentic AI),Machine Learning Program - Mid-May 2026,30-Jan-2026,has_paid_in_full,ENROLLED_WITH_NO_DUES,Fully Paid,ACH_TRANSFER,Onboarded,,Sanjana
EdgeUp Step Up,195434401932,America/New_York,EdgeUp 2026 Backend StepUp Program (with Agentic AI Interview Prep),Appkied agentic ai for Em's - 2nd mid february 2026,30-Jan-2026,has_paid_in_full,ENROLLED_WITH_NO_DUES,Fully Paid,ACH_TRANSFER,Onboarded,,Zeeshan
Advanced ML,163172300801,America/Los_Angeles,Advanced Machine Learning Program (with Agentic AI),Advanced Machine Learning Program - Early-February 2026,30-Jan-2026,Flexipay_has_time_to_pay,ENROLLED,Flexipay_has_time_to_pay,0_PERCENT_APR_FLEXIPAY,Onboarded,,Safoora
EdgeUp,192401168938,America/Los_Angeles,EdgeUp 2026 Technical Program Manager LevelUp Program (with Agentic AI Interview Prep),Applied Agentic AI - 2nd Mid-February 2026,30-Jan-2026,has_paid_in_full,ENROLLED_WITH_NO_DUES,Fully Paid,STRIPE_CARD,Onboarded,,Akshitha
Agentic SkillUp,9262694,America/Los_Angeles,Applied Agentic AI Program for Data Engineers,Applied Agentic AI For SWEs - Mid-February 2026,30-Jan-2026,has_paid_in_full,ENROLLED_WITH_NO_DUES,Fully Paid,STRIPE_CARD,Onboarded,,Kamal
EdgeUp,183280602,America/Chicago,EdgeUp 2026 Engineering Manager LevelUp Program (with Agentic AI Interview Prep),Applied agentic ai for swes - 2nd mid-february cohort 2026,30-Jan-2026,has_paid_in_full,ENROLLED_WITH_NO_DUES,Fully Paid,ACH_TRANSFER,Onboarded,,Zeeshan
Agentic SkillUp,25712251,America/Los_Angeles,Applied Agentic AI Program for SWEs,Applied Agentic AI for SWEs - 2nd Mid-February 2026,30-Jan-2026,has_paid_in_full,ENROLLED_WITH_NO_DUES,Fully Paid,PAYPAL,Onboarded,,Arush
EdgeUp Step Up,84260442408,America/Chicago,EdgeUp 2026 Data Engineering StepUp Program (with Agentic AI Interview Prep),Applied Agentic AI For SWEs - Mid-February 2026,31-Jan-2026,Flexipay_has_time_to_pay,ENROLLED,Flexipay_has_time_to_pay,0_PERCENT_APR_FLEXIPAY,Onboarded,,Archi
EdgeUp,195405055568,America/Los_Angeles,EdgeUp 2026 Technical Program Manager LevelUp Program (with Agentic AI Interview Prep),TPM Interview Prep - Early-February 2026,31-Jan-2026,Flexipay_has_time_to_pay,ENROLLED,Dispute Lost,0_PERCENT_APR_FLEXIPAY,Onboarded,,Anwesh
New ML,195355652661,America/Los_Angeles,Machine Learning Program (with Agentic AI),Machine Learning Program - Mid-February 2026,31-Jan-2026,has_paid_in_full,ENROLLED_WITH_NO_DUES,Refunded,CLIMBCREDIT,VM - 4 Attempts,,Safoora
EdgeUp,22973801,America/New_York,EdgeUp 2026 Engineering Manager LevelUp Program (with Agentic AI Interview Prep),Applied Agentic AI for EM's - 2nd Mid-February 2026,27-Jan-2026,has_paid_in_full,ENROLLED_WITH_NO_DUES,Fully Paid,CLIMBCREDIT,Onboarded,,Kamal
EdgeUp,195998559917,,EdgeUp 2026 Technical Program Manager LevelUp Program (with Agentic AI Interview Prep),Applied Agentic AI for PM/TPM - 2nd Mid-February 2026,28-Jan-2026,has_paid_in_full,ENROLLED_WITH_NO_DUES,Fully Paid,KLARNA,Onboarded,,Sanjana
Agentic SkillUp,73447925,,Applied Agentic AI Program for SWEs,Applied Agentic AI for SWEs - 2nd Mid-February 2026,30-Jan-2026,has_paid_in_full,ENROLLED_WITH_NO_DUES,Fully Paid,STRIPE_CARD,Onboarded,,Archi
EdgeUp,9298653,America/Chicago,EdgeUp 2026 Fullstack LevelUp Program (with Agentic AI Interview Prep),Applied Agentic AI for SWEs - 2nd Mid-February 2026,30-Jan-2026,has_paid_in_full,ENROLLED_WITH_NO_DUES,Fully Paid,CLIMBCREDIT,Onboarded,,Anshuman
Level Up,34702701,America/New_York,Technical Program Manager Interview Prep Program,TPM Interview Prep - End-February 2026,30-Jan-2026,has_paid_in_full,ENROLLED_WITH_NO_DUES,Dropped Out,CLIMBCREDIT,VM - 6 Attempts,,Anjali
Agentic SkillUp,9557892,America/Los_Angeles,Applied Agentic AI Program for SWEs,Applied Agentic AI for SWEs - 2nd Mid-February 2026,31-Jan-2026,has_paid_in_full,ENROLLED_WITH_NO_DUES,Fully Paid,STRIPE_CARD,Onboarded,,Manish
EdgeUp,312235551,America/Los_Angeles,EdgeUp 2026 Backend LevelUp Program (with Agentic AI Interview Prep),Applied Agentic AI for SWEs - 2nd Mid-February 2026,31-Jan-2026,has_paid_in_full,ENROLLED_WITH_NO_DUES,Fully Paid,STRIPE_CARD,Onboarded,,Manish
EdgeUp,180274451248,America/New_York,EdgeUp 2026 Fullstack LevelUp Program (with Agentic AI Interview Prep),Fullstack Interview Prep - Mid-February 2026,31-Jan-2026,has_paid_in_full,ENROLLED_WITH_NO_DUES,Fully Paid,ACH_TRANSFER,Onboarded,,Manish
Advanced ML,9548314,America/New_York,Advanced Machine Learning Program (with Agentic AI),Advanced Machine Learning Program - End-March 2026,30-Jan-2026,has_paid_in_full,FULL_PAYMENT_PAID,Fully Paid,CLIMBCREDIT,Onboarded,,Nishtha
EdgeUp,34736746,America/Chicago,EdgeUp 2026 Fullstack LevelUp Program (with Agentic AI Interview Prep),Applied Agentic AI for SWEs - 2nd Mid-January 2026,31-Jan-2026,has_time_to_pay,DEPOSIT_PAID,Fully Paid,STRIPE_MANUAL_PAYMENT,Onboarded Via Calendly,,Nishtha
Step Up,106984237746,America/New_York,Engineering Management Interview Prep Fast Track Program,,31-Jan-2026,has_time_to_pay,DEPOSIT_PAID,has_time_to_pay,STRIPE_MANUAL_PAYMENT,Incomplete OB,,Suraj
New ML,122174798907,America/New_York,Machine Learning Program (with Agentic AI),Machine Learning Program - Mid-February 2026,30-Jan-2026,has_paid_in_full,FULL_PAYMENT_PAID,Fully Paid,CLIMBCREDIT,Onboarded,,Muskan
Agentic SkillUp,168135330969,America/Los_Angeles,Applied Agentic AI Program for Data Engineers,Applied Agentic AI for SWEs - 2nd Mid-April 2026,31-Jan-2026,has_paid_in_full,ENROLLED_WITH_NO_DUES,Fully Paid,STRIPE_CARD,Onboarded,,Manish
EdgeUp Step Up,196861468431,America/New_York,EdgeUp 2026 Technical Program Manager StepUp Program (with Agentic AI Interview Prep),"
Applied Agentic AI - 2nd Mid-February 2026",31-Jan-2026,Flexipay_has_time_to_pay,ENROLLED,Flexipay_has_time_to_pay,0_PERCENT_APR_FLEXIPAY,Onboarded,,Zeeshan
EdgeUp Step Up,197284986160,America/New_York,EdgeUp 2026 Site Reliability Engineering & DevOps StepUp Program (with Agentic AI Interview Prep),DEFAULT COHORT (USA),31-Jan-2026,Flexipay_has_time_to_pay,ENROLLED,Flexipay_has_time_to_pay,0_PERCENT_APR_FLEXIPAY,Incomplete OB,,Suraj
Advanced ML,197270120228,America/Los_Angeles,Advanced Machine Learning Program (with Agentic AI),Advanced Machine Learning Program - Early-February 2026,30-Jan-2026,has_paid_in_full,FULL_PAYMENT_PAID,Fully Paid,CLIMBCREDIT,Onboarded Via Calendly,,Muskan
EdgeUp Step Up,197942311473,America/Los_Angeles,EdgeUp 2026 Site Reliability Engineering & DevOps StepUp Program (with Agentic AI Interview Prep),Applied Agentic AI For SWEs - Early-February 2026,31-Jan-2026,has_paid_in_full,ENROLLED_WITH_NO_DUES,Fully Paid,ACH_TRANSFER,Onboarded,,Ajil
EdgeUp Step Up,198274591340,America/New_York,EdgeUp 2026 Technical Program Manager StepUp Program (with Agentic AI Interview Prep),"Applied Agentic AI - 2nd Mid-February 2026
",31-Jan-2026,Flexipay_has_time_to_pay,ENROLLED,Flexipay_has_time_to_pay,0_PERCENT_APR_FLEXIPAY,Onboarded,,Disha
EdgeUp,9299445,America/Los_Angeles,EdgeUp 2026 Fullstack LevelUp Program (with Agentic AI Interview Prep),Applied Agentic AI For SWEs - Mid-February 2026,1-Feb-2026,has_paid_in_full,FULL_PAYMENT_PAID,Fully Paid,CLIMBCREDIT,VM - 4 Attempts,,Sharon
Step Up,504805101,America/Chicago,Fullstack Interview Prep Fast Track Program,Fullstack Fast Track Masterclass,2-Feb-2026,has_paid_in_full,ENROLLED_WITH_NO_DUES,Fully Paid,CLIMBCREDIT,Onboarded,,Pragya
Level Up,133886015086,America/Los_Angeles,Data Engineering Interview Prep Program,Data Engineering Interview Prep - Mid-February 2026,1-Feb-2026,Flexipay_has_time_to_pay,ENROLLED,Flexipay_has_time_to_pay,0_PERCENT_APR_FLEXIPAY,Onboarded,,Pragya
EdgeUp Step Up,135413020460,America/New_York,EdgeUp 2026 Data Science StepUp Program (with Agentic AI Interview Prep),Applied Agentic AI for SWEs - 2nd Mid-February 2026,1-Feb-2026,has_paid_in_full,ENROLLED_WITH_NO_DUES,Fully Paid,STRIPE_CARD,Onboarded,,Arush
Paid Upgrade,140647885874,America/Los_Angeles,Product Management Interview Preparation Pathway,Product Management Interview Prep Pathway - Mid-February 2026,1-Feb-2026,has_paid_in_full,ENROLLED_WITH_NO_DUES,Fully Paid,CLIMBCREDIT,Onboarded,,Arshia
Agentic SkillUp,159519611522,America/Toronto,Applied Agentic AI Program for Data Engineers,Applied Agentic AI - 2nd Mid-February 2026,1-Feb-2026,has_time_to_pay,DEPOSIT_PAID,Fully Paid,STRIPE_MANUAL_PAYMENT,Onboarded,,Sharon
AI/DS SwitchUp,178668461873,America/Chicago,AI Data Science SwitchUp Program,AI Data Science SwitchUp - Mid-March 2026,2-Feb-2026,Flexipay_has_time_to_pay,ENROLLED,Flexipay_has_time_to_pay,0_PERCENT_APR_FLEXIPAY,Onboarded,,Manish
EdgeUp Step Up,192367341853,America/Chicago,EdgeUp Data Analyst & Business Analyst StepUp Program (with Agentic AI),"
Applied Agentic AI for SWEs - 2nd Mid-February 2026",1-Feb-2026,has_paid_in_full,ENROLLED_WITH_NO_DUES,Fully Paid,PAYPAL,Onboarded,,Nishtha
Step Up,82745396493,America/Chicago,Backend Interview Prep Fast Track Program,"
Backend Fast Track Masterclass",2-Feb-2026,has_paid_in_full,ENROLLED_WITH_NO_DUES,Fully Paid,STRIPE_CARD,Onboarded,,Zeeshan
New ML,195994602068,America/Denver,Machine Learning Program (with Agentic AI),Machine Learning Program - Mid-May 2026,1-Feb-2026,Flexipay_has_time_to_pay,ENROLLED,Flexipay_has_time_to_pay,0_PERCENT_APR_FLEXIPAY,Onboarded,,Manish
EdgeUp,196678085529,America/Los_Angeles,EdgeUp 2026 Test Engineering LevelUp Program (with Agentic AI Interview Prep),Test Engineering DSA Interview Prep - Early-March 2026,2-Feb-2026,has_paid_in_full,ENROLLED_WITH_NO_DUES,Fully Paid,PAYPAL,Onboarded,,Arshia
EdgeUp,198762283682,America/Los_Angeles,EdgeUp 2026 Embedded Systems LevelUp Program (with Agentic AI Interview Prep),"
Embedded Systems Interview Prep - Early-March 2026",3-Feb-2026,has_paid_in_full,ENROLLED_WITH_NO_DUES,Fully Paid,PAYPAL,Onboarded,,Muskan
Paid Upgrade,197640317755,America/Los_Angeles,Product Management Interview Preparation Pathway,Product Management Interview Prep Pathway - Mid-January 2026,2-Feb-2026,has_paid_in_full,ENROLLED_WITH_NO_DUES,Fully Paid,ACH_TRANSFER,VM - 4 Attempts,,Akshitha
Agentic SkillUp,71759651,America/New_York,Applied Agentic AI Program for SWEs,Applied Agentic AI for SWEs - 2nd Mid-February 2026,2-Feb-2026,has_paid_in_full,ENROLLED_WITH_NO_DUES,Fully Paid,CLIMBCREDIT,Onboarded,,Anshuman
Agentic SkillUp,9275575,America/Chicago,Applied Agentic AI Program for SWEs,Applied Agentic AI for SWEs - 2nd Mid-February 2026,2-Feb-2026,has_paid_in_full,ENROLLED_WITH_NO_DUES,Fully Paid,KLARNA,Onboarded,,Manish
EdgeUp Step Up,198280848754,America/New_York,EdgeUp 2026 Product Manager (Tech) StepUp Program (with Agentic AI Interview Prep),"Applied Agentic AI - 2nd Mid-February 2026
",2-Feb-2026,has_paid_in_full,ENROLLED_WITH_NO_DUES,Refunded,KLARNA,Onboarded,,Pragya
Agentic SkillUp,34742690,America/New_York,Applied Agentic AI Program for EM,Applied Agentic AI for EM's - 2nd Mid-February 2026,2-Feb-2026,has_paid_in_full,ENROLLED_WITH_NO_DUES,Fully Paid,STRIPE_CARD,Onboarded,,Manish
New ML,198002660622,America/Los_Angeles,Machine Learning Program (with Agentic AI),Machine Learning Program - Mid-February 2026,2-Feb-2026,has_paid_in_full,ENROLLED_WITH_NO_DUES,Fully Paid,STRIPE_CARD,Onboarded,,Nishtha
Step Up,137335535767,America/New_York,Technical Program Manager Interview Prep Fast Track Program,TPM Fast Track Masterclass,2-Feb-2026,has_paid_in_full,ENROLLED_WITH_NO_DUES,Fully Paid,ACH_TRANSFER,Onboarded,,Anjali
Level Up,189202244730,America/Chicago,Technical Program Manager Interview Prep Program,TPM Interview Prep - 2nd Mid-March 2026,2-Feb-2026,has_paid_in_full,ENROLLED_WITH_NO_DUES,Fully Paid,CLIMBCREDIT,Onboarded,,Ajil
Step Up,9546401,America/Los_Angeles,Technical Program Manager Interview Prep Fast Track Program,TPM Fast Track Masterclass,4-Feb-2026,has_paid_in_full,FULL_PAYMENT_PAID,Fully Paid,CLIMBCREDIT,Onboarded,,Suraj
EdgeUp Step Up,9259057,America/Los_Angeles,EdgeUp 2026 Frontend StepUp Program (with Agentic AI Interview Prep),Applied Agentic AI for SWEs - 2nd Mid-February 2026,4-Feb-2026,REFUNDED,REFUNDED,Refunded,0_PERCENT_APR_FLEXIPAY,VM - 4 Attempts,,Manish
EdgeUp,55122051,America/New_York,EdgeUp 2026 Engineering Manager LevelUp Program (with Agentic AI Interview Prep),Engineering Management Interview Prep - 2nd Mid-February 2026,4-Feb-2026,has_time_to_pay,ENROLLED,Fully Paid,STRIPE_MANUAL_PAYMENT,Onboarded,,Suraj
Agentic SkillUp,319039851,America/New_York,Applied Agentic AI Program for EM,Applied Agentic AI for EM's - 2nd Mid-February 2026,3-Feb-2026,has_paid_in_full,ENROLLED_WITH_NO_DUES,Fully Paid,ACH_TRANSFER,Onboarded,,Disha
EdgeUp,524463401,America/Chicago,EdgeUp 2026 Engineering Manager LevelUp Program (with Agentic AI Interview Prep),"Engineering Management Interview Prep - 2nd Mid-February 2026
",3-Feb-2026,has_paid_in_full,ENROLLED_WITH_NO_DUES,Fully Paid,ACH_TRANSFER,Onboarded,,Kamal
New ML,574842051,America/New_York,Machine Learning Program (with Agentic AI),Machine Learning Program - Mid-February 2026,3-Feb-2026,has_paid_in_full,ENROLLED_WITH_NO_DUES,Fully Paid,CLIMBCREDIT,Onboarded,,Sharon
New ML,183814318619,America/New_York,Machine Learning Program (with Agentic AI),Machine Learning Program - Mid-February 2026,3-Feb-2026,has_paid_in_full,FULL_PAYMENT_PAID,Fully Paid,CLIMBCREDIT,Onboarded,,Muskan
EdgeUp,191171202081,America/Los_Angeles,EdgeUp 2026 Backend LevelUp Program (with Agentic AI Interview Prep),Backend Interview Prep - 2nd Mid-February 2026,3-Feb-2026,has_paid_in_full,ENROLLED_WITH_NO_DUES,Fully Paid,STRIPE_CARD,Onboarded,,Akshitha
EdgeUp Step Up,195756302510,America/Chicago,EdgeUp 2026 Data Engineering StepUp Program (with Agentic AI Interview Prep),Applied Agentic AI for SWEs - 2nd Mid-February 2026,4-Feb-2026,Flexipay_has_time_to_pay,DEPOSIT_PAID,Flexipay_has_time_to_pay,0_PERCENT_APR_FLEXIPAY,Incomplete OB,,Akshitha
New ML,196130135707,America/Chicago,Machine Learning Program (with Agentic AI),Machine Learning Program - Mid-February 2026,3-Feb-2026,Flexipay_has_time_to_pay,ENROLLED,Flexipay Refunded,0_PERCENT_APR_FLEXIPAY,VM - 4 Attempts,,Muskan
EdgeUp Step Up,197547805493,America/Chicago,EdgeUp 2026 Fullstack StepUp Program (with Agentic AI Interview Prep),Applied Agentic AI for SWEs - 2nd Mid-February 2026,4-Feb-2026,has_paid_in_full,ENROLLED_WITH_NO_DUES,Fully Paid,ACH_TRANSFER,Onboarded,,Manish
EdgeUp,198247786578,America/Los_Angeles,EdgeUp 2026 Technical Program Manager LevelUp Program (with Agentic AI Interview Prep),Applied Agentic AI - 2nd Mid-February 2026,3-Feb-2026,has_paid_in_full,ENROLLED_WITH_NO_DUES,Fully Paid,STRIPE_CARD,Onboarded,,Ajil
EdgeUp Step Up,198677872551,America/New_York,EdgeUp 2026 AWS Cloud Solutions Architect StepUp Program (with Agentic AI Interview Prep),Applied Agentic AI - 2nd Mid-February 2026,4-Feb-2026,Flexipay_has_time_to_pay,ENROLLED,Flexipay_has_time_to_pay,0_PERCENT_APR_FLEXIPAY,Incomplete OB,,Nishtha
EdgeUp Step Up,9287219,America/Los_Angeles,EdgeUp 2026 Android StepUp Program (with Agentic AI Interview Prep),Applied Agentic AI for SWEs - 2nd Mid-February 2026,4-Feb-2026,has_paid_in_full,ENROLLED_WITH_NO_DUES,Fully Paid,CLIMBCREDIT,Onboarded,,Anwesh
EdgeUp,117967601,America/New_York,EdgeUp 2026 Engineering Manager LevelUp Program (with Agentic AI Interview Prep),Engineering Management Interview Prep - 2nd Mid-February 2026,5-Feb-2026,has_paid_in_full,ENROLLED_WITH_NO_DUES,Fully Paid,ACH_TRANSFER,Onboarded,,Zeeshan
New ML,56256151,America/Los_Angeles,Machine Learning Program (with Agentic AI),Machine Learning Program - Mid-May 2026,4-Feb-2026,has_paid_in_full,ENROLLED_WITH_NO_DUES,Fully Paid,CLIMBCREDIT,Onboarded,,Sharon
New ML,75984534958,America/New_York,Machine Learning Program (with Agentic AI),Machine Learning Program - Mid-February 2026,5-Feb-2026,Flexipay_has_time_to_pay,DEPOSIT_PAID,Flexipay_has_time_to_pay,0_PERCENT_APR_FLEXIPAY,Onboarded,,Safoora
Agentic SkillUp,78267183240,America/Los_Angeles,Applied Agentic AI Program for SWEs,Applied Agentic AI for SWEs - 2nd Mid-March 2026,4-Feb-2026,has_paid_in_full,ENROLLED_WITH_NO_DUES,Fully Paid,KLARNA,Onboarded,,Sharon
Step Up,81541744923,America/Chicago,Engineering Management Interview Prep Fast Track Program,"
Engineering Management Fast Track Masterclass",4-Feb-2026,has_paid_in_full,ENROLLED_WITH_NO_DUES,Dropped Out,CLIMBCREDIT,Onboarded,,Zeeshan
EdgeUp,124990846801,America/New_York,EdgeUp 2026 Data Engineering LevelUp Program (with Agentic AI Interview Prep),"Applied Agentic AI for SWEs - 2nd Mid-February 2026
",5-Feb-2026,has_paid_in_full,ENROLLED_WITH_NO_DUES,Fully Paid,CLIMBCREDIT,Onboarded,,Disha
EdgeUp Step Up,172399701348,America/Los_Angeles,EdgeUp 2026 Technical Program Manager StepUp Program (with Agentic AI Interview Prep),Applied Agentic AI - 2nd Mid-February 2026,4-Feb-2026,has_paid_in_full,ENROLLED_WITH_NO_DUES,Fully Paid,ACH_TRANSFER,Onboarded,,Anwesh
Level Up,178702630423,America/New_York,Technical Program Manager Interview Prep Program,TPM Interview Prep - End-February 2026,4-Feb-2026,has_paid_in_full,ENROLLED_WITH_NO_DUES,Refunded,STRIPE_CARD,Onboarded,,Ajil
EdgeUp,195267625085,America/Los_Angeles,EdgeUp 2026 Machine Learning LevelUp Program (with Agentic AI Interview Prep),Applied Agentic AI for SWEs - 2nd Mid-February 2026,4-Feb-2026,has_paid_in_full,ENROLLED_WITH_NO_DUES,Fully Paid,CLIMBCREDIT,Onboarded,,Archi
EdgeUp Step Up,197566373747,America/Chicago,EdgeUp 2026 Fullstack StepUp Program (with Agentic AI Interview Prep),"
Applied Agentic AI for SWEs - 2nd Mid-February 2026",4-Feb-2026,has_paid_in_full,ENROLLED_WITH_NO_DUES,Fully Paid,ACH_TRANSFER,Onboarded,,Zeeshan
EdgeUp,199117941837,America/New_York,EdgeUp 2026 AWS Cloud Solutions Architect LevelUp Program (with Agentic AI Interview Prep),Applied Agentic AI - 2nd Mid-February 2026,4-Feb-2026,has_paid_in_full,ENROLLED_WITH_NO_DUES,Fully Paid,PAYPAL,Onboarded,,Anshuman
Agentic SkillUp,199258756165,America/Los_Angeles,Applied Agentic AI Program for SWEs,Applied Agentic AI for SWEs - 2nd Mid-February 2026,5-Feb-2026,has_paid_in_full,ENROLLED_WITH_NO_DUES,Fully Paid,STRIPE_CARD,Onboarded,,Archi
Level Up,199500711225,America/Los_Angeles,Data Engineering Interview Prep Program,Data Engineering Interview Prep - 2nd Mid-February 2026,5-Feb-2026,has_paid_in_full,ENROLLED_WITH_NO_DUES,Fully Paid,STRIPE_CARD,Onboarded,,Arshia
EdgeUp Step Up,199470746986,America/Los_Angeles,EdgeUp 2026 Product Manager (Tech) StepUp Program (with Agentic AI Interview Prep),PM Fast Track Masterclass,4-Feb-2026,has_paid_in_full,ENROLLED_WITH_NO_DUES,Fully Paid,STRIPE_CARD,Onboarded,,Arshia
New ML,9269940,America/Phoenix,Machine Learning Program (with Agentic AI),Machine Learning Program - Mid-February 2026,5-Feb-2026,has_paid_in_full,ENROLLED_WITH_NO_DUES,Fully Paid,PAYPAL,Onboarded,,Safoora
Agentic SkillUp,240220051,America/New_York,Applied Agentic AI Program for SWEs,Applied Agentic AI for SWEs - Early-April 2026,6-Feb-2026,has_paid_in_full,ENROLLED_WITH_NO_DUES,Fully Paid,ACH_TRANSFER,Onboarded,,Arush
Step Up,242711001,America/Los_Angeles,Backend Interview Prep Fast Track Program,Backend Fast Track Masterclass,5-Feb-2026,has_paid_in_full,ENROLLED_WITH_NO_DUES,Fully Paid,PAYPAL,Onboarded,,Suraj
Level Up,407509551,America/New_York,Site Reliability Engineering & DevOps Interview Prep Program,SRE Interview Prep - 2nd Mid-February 2026,6-Feb-2026,has_paid_in_full,ENROLLED_WITH_NO_DUES,Fully Paid,STRIPE_CARD,Onboarded,,Anjali
EdgeUp Step Up,68144187247,America/New_York,EdgeUp 2026 Product Manager (Tech) StepUp Program (with Agentic AI Interview Prep),PM Fast Track Masterclass,6-Feb-2026,has_paid_in_full,FULL_PAYMENT_PAID,Fully Paid,STRIPE_CARD,Onboarded,,Anjali
EdgeUp,68634889650,America/Los_Angeles,EdgeUp 2026 Backend LevelUp Program (with Agentic AI Interview Prep),Applied agentic ai for swes - 2nd mid february 2026,5-Feb-2026,Flexipay_has_time_to_pay,ENROLLED,Fully Paid,0_PERCENT_APR_FLEXIPAY,Onboarded,,Arshia
Agentic SkillUp,74770059026,America/Los_Angeles,Applied Agentic AI Program for SWEs,Applied Agentic AI for SWEs - 2nd Mid-February 2026,6-Feb-2026,has_paid_in_full,FULL_PAYMENT_PAID,Fully Paid,STRIPE_MANUAL_PAYMENT,Onboarded,,Sanjana
EdgeUp,89795682618,America/New_York,EdgeUp 2026 Engineering Manager LevelUp Program (with Agentic AI Interview Prep),Engineering Management Interview Prep - 2nd Mid-February 2026,6-Feb-2026,Flexipay_has_time_to_pay,DEPOSIT_PAID,Flexipay_has_time_to_pay,0_PERCENT_APR_FLEXIPAY,VM - 6 Attempts,,Anjali
Agentic SkillUp,151253265325,America/New_York,Applied Agentic AI Program,Applied Agentic AI - 2nd Mid-February 2026,6-Feb-2026,has_paid_in_full,ENROLLED_WITH_NO_DUES,Fully Paid,PAYPAL,Onboarded,,Anwesh
Step Up,171475762952,America/New_York,Test Engineering DSA Only Interview Prep Fast Track Program,Test Engineering DSA Fast Track Masterclass,6-Feb-2026,has_paid_in_full,ENROLLED_WITH_NO_DUES,Fully Paid,STRIPE_CARD,Onboarded,,Disha
EdgeUp,183377232650,America/New_York,EdgeUp 2026 Technical Program Manager LevelUp Program (with Agentic AI Interview Prep),"
Applied Agentic AI - 2nd Mid-February 2026",6-Feb-2026,has_time_to_pay,ENROLLED,Dispute Lost,STRIPE_CARD,Onboarded,,Zeeshan
EdgeUp Step Up,193119841666,America/New_York,EdgeUp 2026 Machine Learning StepUp Program (with Agentic AI Interview Prep),,5-Feb-2026,has_paid_in_full,FULL_PAYMENT_PAID,Refunded,STRIPE_CARD,Incomplete OB,,Disha
Level Up,195852222355,America/New_York,Fullstack Engineering Interview Prep Program,,6-Feb-2026,has_paid_in_full,FULL_PAYMENT_PAID,Fully Paid,BANK_TRANSFER,Onboarded,,Ajil
New ML,197260996872,America/Los_Angeles,Machine Learning Program (with Agentic AI),Machine Learning Program - Mid-May 2026,6-Feb-2026,has_paid_in_full,ENROLLED_WITH_NO_DUES,Fully Paid,ACH_TRANSFER,Onboarded,,Kamal
Advanced ML,197522384898,America/Chicago,Advanced Machine Learning Program (with Agentic AI),Advanced Machine Learning Program - Early-February 2026,6-Feb-2026,has_paid_in_full,ENROLLED_WITH_NO_DUES,Fully Paid,STRIPE_CARD,Onboarded,,Sanjana
EdgeUp,197563325952,America/Los_Angeles,EdgeUp 2026 Backend LevelUp Program (with Agentic AI Interview Prep),Backend Interview Prep - 2nd Mid-April 2026,6-Feb-2026,Enrollment Paid,DEPOSIT_PAID,has_time_to_pay,STRIPE_MANUAL_PAYMENT,Onboarded Via Calendly,,Arush
EdgeUp,197574641212,America/Mexico_City,EdgeUp 2026 Backend LevelUp Program (with Agentic AI Interview Prep),Applied Agentic AI - 2nd Mid-February 2026,6-Feb-2026,Flexipay_has_time_to_pay,ENROLLED,Flexipay_has_time_to_pay,0_PERCENT_APR_FLEXIPAY,Onboarded,,Sanjana
EdgeUp Step Up,198014254490,America/Los_Angeles,EdgeUp 2026 Product Manager (Tech) StepUp Program (with Agentic AI Interview Prep),Applied Agentic AI - 2nd Mid-February 2026,5-Feb-2026,Flexipay_has_time_to_pay,ENROLLED,Dispute Lost,0_PERCENT_APR_FLEXIPAY,Onboarded,,Kamal
EdgeUp Step Up,198150985815,America/Los_Angeles,EdgeUp 2026 Technical Program Manager StepUp Program (with Agentic AI Interview Prep),Applied Agentic AI - 2nd Mid-March 2026,5-Feb-2026,has_paid_in_full,ENROLLED_WITH_NO_DUES,Fully Paid,ACH_TRANSFER,Onboarded,,Arush
Agentic SkillUp,198401074264,America/Chicago,Applied Agentic AI Program for EM,,6-Feb-2026,has_paid_in_full,FULL_PAYMENT_PAID,Refunded,PAYPAL,Incomplete OB,,Safoora
EdgeUp Step Up,198681042310,America/Los_Angeles,EdgeUp 2026 Test Engineering StepUp Program (with Agentic AI Interview Prep),Applied Agentic AI for SWEs - Early-May 2026,6-Feb-2026,Flexipay_has_time_to_pay,DEPOSIT_PAID,Flexipay_has_time_to_pay,0_PERCENT_APR_FLEXIPAY,Onboarded,,Akshitha
Step Up,199270983532,America/New_York,Machine Learning Interview Prep Fast Track Program,Machine Learning Fast Track Masterclass,5-Feb-2026,has_paid_in_full,ENROLLED_WITH_NO_DUES,Fully Paid,STRIPE_CARD,Onboarded,,Ajil
Step Up,199435882597,US/Pacific,Technical Program Manager Interview Prep Fast Track Program,TPM Fast Track Masterclass,6-Feb-2026,Flexipay_has_time_to_pay,DEPOSIT_PAID,Flexipay_has_time_to_pay,0_PERCENT_APR_FLEXIPAY,Onboarded,,Suraj
EdgeUp,199527023985,America/New_York,EdgeUp 2026 Engineering Manager LevelUp Program (with Agentic AI Interview Prep),"Applied Agentic AI for EM's - Early-March 2026
",6-Feb-2026,has_paid_in_full,ENROLLED_WITH_NO_DUES,Fully Paid,ACH_TRANSFER,Onboarded,,Disha
EdgeUp,199836435879,America/Los_Angeles,EdgeUp 2026 Product Manager (Tech) LevelUp Program (with Agentic AI Interview Prep),Applied Agentic AI - Early-March 2026,6-Feb-2026,has_paid_in_full,ENROLLED_WITH_NO_DUES,Fully Paid,ACH_TRANSFER,Onboarded,,Akshitha
Step Up,197866062228,America/Phoenix,Engineering Management Interview Prep Fast Track Program,Engineering Management Fast Track Masterclass,7-Feb-2026,has_paid_in_full,ENROLLED_WITH_NO_DUES,Fully Paid,ACH_TRANSFER,Onboarded,,Arshia
EdgeUp,198311296346,America/New_York,EdgeUp 2026 Technical Program Manager LevelUp Program (with Agentic AI Interview Prep),Applied Agentic AI - Early-March 2026,7-Feb-2026,Flexipay_has_time_to_pay,DEPOSIT_PAID,Flexipay_has_time_to_pay,0_PERCENT_APR_FLEXIPAY,Onboarded,,Muskan
Advanced ML,344695252,America/New_York,Advanced Machine Learning Program (with Agentic AI),Advanced Machine Learning Program - End-March 2026,7-Feb-2026,has_paid_in_full,ENROLLED_WITH_NO_DUES,Fully Paid,STRIPE_CARD,Onboarded,,Manish
Agentic SkillUp,51949701,America/Los_Angeles,Applied Agentic AI Program for PM/TPM,Applied Agentic AI - Early-March 2026,3-Feb-2026,has_paid_in_full,ENROLLED_WITH_NO_DUES,Fully Paid,	KLARNA,Onboarded,,Manish
EdgeUp,9271239,America/Los_Angeles,EdgeUp 2026 Engineering Manager LevelUp Program (with Agentic AI Interview Prep),Applied Agentic AI for EM's - 2nd Mid-February 2026,7-Feb-2026,has_paid_in_full,ENROLLED_WITH_NO_DUES,Fully Paid,ACH_TRANSFER,Onboarded,,Arshia
EdgeUp,189205393540,America/Los_Angeles,EdgeUp Backend LevelUp Program (with Agentic AI),Backend Interview Prep - End-February 2026,7-Feb-2026,Flexipay_has_time_to_pay,ENROLLED,Flexipay_has_time_to_pay,0_PERCENT_APR_FLEXIPAY,Onboarded,,Arush
Step Up,9292530,America/New_York,Fullstack Interview Prep Fast Track Program,"Self-Paced Fullstack FastTrack",9-Feb-2026,has_paid_in_full,FULL_PAYMENT_PAID,Fully Paid,CLIMBCREDIT,Onboarded,,Anjali
Agentic SkillUp,9288000,America/Chicago,Applied Agentic AI Program for SWEs,Applied Agentic AI for SWEs - 2nd End-March 2026,8-Feb-2026,has_paid_in_full,ENROLLED_WITH_NO_DUES,Fully Paid,STRIPE_CARD,Onboarded,,Arush
EdgeUp,142590251,America/Vancouver,EdgeUp 2026 Engineering Manager LevelUp Program (with Agentic AI Interview Prep),Applied Agentic AI for SWEs - 2nd Mid-February 2026,9-Feb-2026,has_paid_in_full,ENROLLED_WITH_NO_DUES,Fully Paid,STRIPE_CARD,Onboarded,,Zeeshan
New ML,241200751,America/Los_Angeles,Machine Learning Program (with Agentic AI),Machine Learning Program - Mid-May 2026,8-Feb-2026,has_paid_in_full,ENROLLED_WITH_NO_DUES,Fully Paid,KLARNA,Onboarded,,Sharon
Agentic SkillUp,357217773,America/Los_Angeles,Applied Agentic AI Program for SWEs,Applied Agentic AI for SWEs - 2nd Mid-February 2026,9-Feb-2026,has_paid_in_full,ENROLLED_WITH_NO_DUES,Fully Paid,KLARNA,Onboarded,,Nishtha
EdgeUp,432070901,America/Los_Angeles,EdgeUp 2026 Data Analyst & Business Analyst LevelUp Program (with Agentic AI Interview Prep),Applied Agentic AI - Early-March 2026,8-Feb-2026,has_paid_in_full,ENROLLED_WITH_NO_DUES,Fully Paid,STRIPE_CARD,Onboarded,,Pragya
Agentic SkillUp,18864904973,America/Chicago,Applied Agentic AI Program for SWEs,Applied Agentic AI for SWEs - 2nd Mid-April 2026,8-Feb-2026,has_time_to_pay,ENROLLED,has_time_to_pay,STRIPE_MANUAL_PAYMENT,Onboarded,,Manish
Agentic SkillUp,50098445484,America/Los_Angeles,Applied Agentic AI Program for SWEs,Applied Agentic AI for SWEs - Early-April 2026,8-Feb-2026,has_paid_in_full,ENROLLED_WITH_NO_DUES,Fully Paid,STRIPE_CARD,Onboarded,,Sharon
EdgeUp Step Up,195232567811,America/Chicago,EdgeUp 2026 Backend StepUp Program (with Agentic AI Interview Prep),Applied Agentic AI for SWEs - Early-July 2026,9-Feb-2026,Flexipay_has_time_to_pay,ENROLLED,Flexipay_has_time_to_pay,0_PERCENT_APR_FLEXIPAY,Onboarded Via Calendly,,Zeeshan
New ML,196318733707,America/New_York,Machine Learning Program (with Agentic AI),Machine Learning Program - Mid-March 2026,9-Feb-2026,has_time_to_pay,ENROLLED,Flexipay Refunded,STRIPE_MANUAL_PAYMENT,VM - 4 Attempts,,Muskan
Step Up,198514891812,America/Chicago,Product Management Interview Prep Fast Track Program,PM Fast Track Masterclass,9-Feb-2026,has_paid_in_full,ENROLLED_WITH_NO_DUES,Fully Paid,STRIPE_CARD,Onboarded,,Anjali
Agentic SkillUp,9307228,America/Los_Angeles,Applied Agentic AI Program for PM/TPM,Applied Agentic AI - Early-March 2026,10-Feb-2026,has_paid_in_full,ENROLLED_WITH_NO_DUES,Fully Paid,STRIPE_MANUAL_PAYMENT,,,SSA-1
New ML,9634936,US/Pacific,Machine Learning Program (with Agentic AI),Machine Learning Program - Mid-May 2026,9-Feb-2026,has_paid_in_full,ENROLLED_WITH_NO_DUES,Fully Paid,KLARNA,Onboarded,,Nishtha
EdgeUp,490746901,America/Los_Angeles,EdgeUp 2026 Fullstack LevelUp Program (with Agentic AI Interview Prep),Fullstack Interview Prep - Mid-March 2026,10-Feb-2026,has_paid_in_full,ENROLLED_WITH_NO_DUES,Fully Paid,STRIPE_CARD,Onboarded,,Pragya
EdgeUp Step Up,89412374960,America/Chicago,EdgeUp 2026 Fullstack StepUp Program (with Agentic AI Interview Prep),Self-Paced Fullstack FastTrack,9-Feb-2026,has_paid_in_full,ENROLLED_WITH_NO_DUES,Fully Paid,ACH_TRANSFER,Onboarded,,Ajil
EdgeUp,160110840605,America/New_York,EdgeUp 2026 Test Engineering LevelUp Program (with Agentic AI Interview Prep),Test Engineering DSA Interview Prep - Early-March 2026,9-Feb-2026,has_paid_in_full,ENROLLED_WITH_NO_DUES,Fully Paid,STRIPE_CARD,Onboarded,,Kamal
Step Up,184208947223,America/Los_Angeles,Backend Interview Prep Fast Track Program,Self-Paced Backend FastTrack,10-Feb-2026,has_paid_in_full,ENROLLED_WITH_NO_DUES,Refunded,STRIPE_CARD,Onboarded,,Akshitha
EdgeUp Step Up,184737206657,America/Chicago,EdgeUp 2026 Data Science StepUp Program (with Agentic AI Interview Prep),"
Applied Agentic AI for SWEs - Early-May 2026",9-Feb-2026,has_paid_in_full,ENROLLED_WITH_NO_DUES,Fully Paid,STRIPE_CARD,Onboarded,,Muskan
EdgeUp,195513100822,America/New_York,EdgeUp Engineering Manager LevelUp Program (with Agentic AI),Applied Agentic AI for EM's - Early-March 2026,10-Feb-2026,has_paid_in_full,ENROLLED_WITH_NO_DUES,Fully Paid,CLIMBCREDIT,Onboarded,,Manish
Paid Upgrade,197296048048,America/Los_Angeles,Career Skills Program,Career Skills Pathway - Early-April 2026,9-Feb-2026,has_paid_in_full,ENROLLED_WITH_NO_DUES,Fully Paid,ACH_TRANSFER,Onboarded,,Akshitha
EdgeUp,198417217199,America/New_York,EdgeUp 2026 Engineering Manager LevelUp Program (with Agentic AI Interview Prep),Engineering Management Interview Prep - End-February 2026,9-Feb-2026,Flexipay_has_time_to_pay,ENROLLED,Flexipay_has_time_to_pay,0_PERCENT_APR_FLEXIPAY,Onboarded,,Anjali
EdgeUp Step Up,199881637917,America/Los_Angeles,EdgeUp 2026 Technical Program Manager StepUp Program (with Agentic AI Interview Prep),Applied Agentic AI - Early-March 2026,9-Feb-2026,has_paid_in_full,ENROLLED_WITH_NO_DUES,Fully Paid,CLIMBCREDIT,Onboarded,,Nishtha
EdgeUp,9266031,America/New_York,EdgeUp 2026 Fullstack LevelUp Program (with Agentic AI Interview Prep),Applied Agentic AI for SWEs - Early-May 2026,11-Feb-2026,has_paid_in_full,ENROLLED_WITH_NO_DUES,Fully Paid,ACH_TRANSFER,Onboarded,,Ajil
DL & Gen AI Specialisation,9587815,America/Los_Angeles,Advanced Deep Learning & Generative AI Specialisation Program,Advanced Machine Learning Program - End-August 2025,10-Feb-2026,has_paid_in_full,ENROLLED_WITH_NO_DUES,Fully Paid,ACH_TRANSFER,Onboarded,,Sharon
Level Up,34737603,America/Los_Angeles,Data Science Interview Prep Program,Data Science Interview Prep - Early-March 2026,11-Feb-2026,has_paid_in_full,ENROLLED_WITH_NO_DUES,Fully Paid,STRIPE_CARD,Onboarded,,Suraj
Agentic SkillUp,46733501,America/Los_Angeles,Applied Agentic AI Program for SWEs,Applied Agentic AI for SWEs - 2nd Mid-March 2026,11-Feb-2026,has_paid_in_full,ENROLLED_WITH_NO_DUES,Fully Paid,STRIPE_CARD,Onboarded,,Nishtha
EdgeUp,244746351,America/Los_Angeles,EdgeUp 2026 Product Manager (Tech) LevelUp Program (with Agentic AI Interview Prep),Applied Agentic AI - 2nd Mid-June 2026,10-Feb-2026,has_paid_in_full,ENROLLED_WITH_NO_DUES,Fully Paid,PAYPAL,Onboarded,,Suraj
New ML,455756751,America/Chicago,Machine Learning Program (with Agentic AI),Machine Learning Program - Mid-March 2026,11-Feb-2026,Flexipay_has_time_to_pay,ENROLLED,has_time_to_pay,0_PERCENT_APR_FLEXIPAY,Onboarded,,Manish
EdgeUp Step Up,9283427,America/Los_Angeles,EdgeUp 2026 Backend StepUp Program (with Agentic AI Interview Prep),Applied Agentic AI for SWEs - Early-July 2026,10-Feb-2026,has_paid_in_full,ENROLLED_WITH_NO_DUES,Fully Paid,STRIPE_CARD,Onboarded,,Ajil
Level Up,9626358,America/Los_Angeles,Backend Engineering Interview Prep Program,Backend Interview Prep - 2nd Mid-February 2026,10-Feb-2026,has_paid_in_full,ENROLLED_WITH_NO_DUES,Refunded,ACH_TRANSFER,Incomplete OB,,Disha
Agentic SkillUp,159124681546,America/Los_Angeles,Applied Agentic AI Program for SWEs,Applied Agentic AI for SWEs - Early-July 2026,10-Feb-2026,has_paid_in_full,ENROLLED_WITH_NO_DUES,Fully Paid,PAYPAL,Onboarded,,Sharon
EdgeUp,183831682681,America/New_York,EdgeUp Site Reliability Engineering & DevOps LevelUp Program (with Agentic AI),Applied Agentic AI for SWEs - Early-March 2026,10-Feb-2026,has_paid_in_full,FULL_PAYMENT_PAID,Fully Paid,CLIMBCREDIT,Onboarded,,Kamal
EdgeUp Step Up,196064749075,America/Chicago,EdgeUp 2026 Backend StepUp Program (with Agentic AI Interview Prep),Applied Agentic AI for SWEs - Early-April 2026,10-Feb-2026,has_paid_in_full,ENROLLED_WITH_NO_DUES,Fully Paid,ACH_TRANSFER,Incomplete OB,,Disha
EdgeUp,199221342547,America/Chicago,EdgeUp 2026 Machine Learning LevelUp Program (with Agentic AI Interview Prep),Applied Agentic AI for SWEs - 2nd Mid-March 2026,10-Feb-2026,has_paid_in_full,ENROLLED_WITH_NO_DUES,Fully Paid,CLIMBCREDIT,Onboarded,,Ajil
New ML,200076533510,America/Chicago,Machine Learning Program (with Agentic AI),Machine Learning Program - Mid-March 2026,10-Feb-2026,has_paid_in_full,ENROLLED,Fully Paid,STRIPE_CARD,Onboarded,,Safoora
EdgeUp,200313295211,America/Los_Angeles,EdgeUp Embedded Systems LevelUp Program (with Agentic AI),"Embedded Systems Interview Prep - Early-March 2026
",11-Feb-2026,has_paid_in_full,ENROLLED_WITH_NO_DUES,Fully Paid,STRIPE_CARD,Onboarded,,Disha
EdgeUp,200437712478,America/Chicago,EdgeUp 2026 Fullstack LevelUp Program (with Agentic AI Interview Prep),"Applied Agentic AI for SWEs - 2nd Mid-February 2026
",11-Feb-2026,has_paid_in_full,ENROLLED_WITH_NO_DUES,Fully Paid,STRIPE_CARD,Onboarded,,Disha
EdgeUp,200427246981,America/Los_Angeles,EdgeUp 2026 Engineering Manager LevelUp Program (with Agentic AI Interview Prep),Engineering Management Interview Prep - End-February 2026,10-Feb-2026,has_paid_in_full,ENROLLED_WITH_NO_DUES,Fully Paid,CLIMBCREDIT,Onboarded,,Nishtha
New ML,200559729698,America/New_York,Machine Learning Program (with Agentic AI),Machine Learning Program - Mid-March 2026,10-Feb-2026,REFUNDED,REFUNDED,Refunded,CLIMBCREDIT,Onboarded,,Archi
New ML,200627593750,America/Detroit,Machine Learning Program (with Agentic AI),Machine Learning Program - Mid-March 2026,10-Feb-2026,has_paid_in_full,ENROLLED_WITH_NO_DUES,Refunded,STRIPE_CARD,Onboarded,,Muskan
Agentic SkillUp,9301576,America/New_York,Applied Agentic AI Program for SWEs,Applied Agentic AI for SWEs - 2nd Mid-March 2026,11-Feb-2026,has_paid_in_full,ENROLLED_WITH_NO_DUES,Fully Paid,STRIPE_CARD,Onboarded,,Kamal
EdgeUp,52319801,America/New_York,EdgeUp 2026 Site Reliability Engineering & DevOps LevelUp Program (with Agentic AI Interview Prep),Applied Agentic AI for SWEs - 2nd Mid-February 2026,11-Feb-2026,Flexipay_has_time_to_pay,ENROLLED,Flexipay_has_time_to_pay,0_PERCENT_APR_FLEXIPAY,Onboarded,,Ajil
EdgeUp,135117853,America/Chicago,EdgeUp 2026 Fullstack LevelUp Program (with Agentic AI Interview Prep),Applied Agentic AI for SWEs - Early-March 2026,11-Feb-2026,has_time_to_pay,ENROLLED,Fully Paid,STRIPE_MANUAL_PAYMENT,Onboarded,,Archi
EdgeUp,367217401,America/New_York,EdgeUp 2026 Data Analyst & Business Analyst LevelUp Program (with Agentic AI Interview Prep),Applied Agentic AI - 2nd Mid-February 2026,12-Feb-2026,Flexipay_has_time_to_pay,ENROLLED,Flexipay_has_time_to_pay,0_PERCENT_APR_FLEXIPAY,Onboarded,,Disha
Agentic SkillUp,143066770225,America/Los_Angeles,Applied Agentic AI Program for SWEs,Applied Agentic AI for SWEs - Mid-April 2026,12-Feb-2026,has_paid_in_full,ENROLLED_WITH_NO_DUES,Fully Paid,ACH_TRANSFER,Onboarded,,Anwesh
EdgeUp,183580742189,America/Los_Angeles,EdgeUp 2026 Test Engineering LevelUp Program (with Agentic AI Interview Prep),Applied Agentic AI - Early-March 2026,11-Feb-2026,Flexipay_has_time_to_pay,ENROLLED,Flexipay_has_time_to_pay,0_PERCENT_APR_FLEXIPAY,Onboarded,,Arshia
EdgeUp,198393310270,America/Phoenix,EdgeUp 2026 Engineering Manager LevelUp Program (with Agentic AI Interview Prep),"Applied Agentic AI for EM's - Early-March 2026
",11-Feb-2026,has_paid_in_full,ENROLLED_WITH_NO_DUES,Fully Paid,ACH_TRANSFER,Onboarded,,Safoora
New ML,199862261110,America/New_York,Machine Learning Program (with Agentic AI),Machine Learning Program - Mid-March 2026,11-Feb-2026,has_paid_in_full,ENROLLED_WITH_NO_DUES,Fully Paid,CLIMBCREDIT,VM - 4 Attempts,,Safoora
Level Up,200040716177,America/Chicago,Early Engineering Interview Prep Program,,11-Feb-2026,has_paid_in_full,FULL_PAYMENT_PAID,Refunded,CLIMBCREDIT,Incomplete OB,,Zeeshan
Level Up,200616315164,America/New_York,Backend Engineering Interview Prep Program,Backend Interview Prep - Early-January 2026,12-Feb-2026,has_paid_in_full,ENROLLED_WITH_NO_DUES,Fully Paid,PAYPAL,Onboarded,,Zeeshan
Level Up,194986301312,America/Los_Angeles,Backend Engineering Interview Prep Program,Backend Interview Prep - End-February 2026,10-Feb-2026,has_time_to_pay,ENROLLED,Refunded,STRIPE_CARD,Onboarded,,Arshia
EdgeUp,28627608,America/New_York,EdgeUp 2026 Technical Program Manager LevelUp Program (with Agentic AI Interview Prep),Applied Agentic AI - Early-March 2026,12-Feb-2026,has_paid_in_full,ENROLLED_WITH_NO_DUES,Fully Paid,STRIPE_CARD,Onboarded,,Archi
New ML,198286967844,America/Los_Angeles,Machine Learning Program (with Agentic AI),Machine Learning Program - Mid-March 2026,12-Feb-2026,Flexipay_has_time_to_pay,ENROLLED,Dispute Lost,0_PERCENT_APR_FLEXIPAY,Onboarded Via Calendly,,Safoora
Level Up,190572653715,America/Chicago,Data Science Interview Prep Program,Data Science Interview Prep - End-February 2026,13-Feb-2026,has_paid_in_full,ENROLLED_WITH_NO_DUES,Fully Paid,CLIMBCREDIT,Onboarded,,Arshia
EdgeUp,9552574,America/New_York,EdgeUp 2026 Product Manager (Tech) LevelUp Program (with Agentic AI Interview Prep),Applied Agentic AI - Early-March 2026,13-Feb-2026,has_paid_in_full,ENROLLED_WITH_NO_DUES,Fully Paid,STRIPE_CARD,Onboarded,,Kamal
Paid Upgrade,199497511091,America/New_York,Systems Design Interview Preparation Pathway,"Systems Design Pathway - 2nd Mid-February 2026
",13-Feb-2026,has_paid_in_full,ENROLLED_WITH_NO_DUES,Fully Paid,ACH_TRANSFER,Onboarded,,Disha
New ML,179211123832,America/New_York,Machine Learning Program (with Agentic AI),Machine Learning Program - Mid-March 2026,13-Feb-2026,has_paid_in_full,ENROLLED_WITH_NO_DUES,Fully Paid,	CLIMBCREDIT,Onboarded,,Archi
EdgeUp,9633651,America/Los_Angeles,EdgeUp 2026 Technical Program Manager LevelUp Program (with Agentic AI Interview Prep),Applied Agentic AI - Early-March 2026,13-Feb-2026,has_paid_in_full,ENROLLED_WITH_NO_DUES,Fully Paid,ACH_TRANSFER,Onboarded,,Anwesh
EdgeUp,22434001,America/Chicago,EdgeUp 2026 Product Manager (Tech) LevelUp Program (with Agentic AI Interview Prep),Applied Agentic AI - Early-March 2026,13-Feb-2026,has_paid_in_full,ENROLLED_WITH_NO_DUES,Fully Paid,CLIMBCREDIT,Onboarded,,Sanjana
Agentic SkillUp,24593151,America/Chicago,Applied Agentic AI Program for SWEs,Applied Agentic AI for SWEs - 2nd Mid February 2026,13-Feb-2026,has_paid_in_full,ENROLLED_WITH_NO_DUES,Fully Paid,STRIPE_CARD,Onboarded,,Sanjana
Agentic SkillUp,54672051,America/Chicago,Applied Agentic AI Program for EM,Applied Agentic AI for EM's - 2nd Mid-March 2026,13-Feb-2026,has_paid_in_full,ENROLLED_WITH_NO_DUES,Fully Paid,KLARNA,Onboarded,,Arshia
EdgeUp Step Up,84289005,America/Los_Angeles,EdgeUp Backend StepUp Program (with Agentic AI),Applied Agentic AI - 2nd Mid-February 2026,13-Feb-2026,has_paid_in_full,FULL_PAYMENT_PAID,Fully Paid,CLIMBCREDIT,Onboarded,,Anjali
Level Up,357215534,America/Los_Angeles,Fullstack Engineering Interview Prep Program,Fullstack Interview Prep - End-February 2026,13-Feb-2026,Flexipay_has_time_to_pay,ENROLLED,Flexipay_has_time_to_pay,0_PERCENT_APR_FLEXIPAY,Onboarded,,Akshitha
AI/DS SwitchUp,107072741677,America/Chicago,AI Data Science SwitchUp Program (w/o Foundations),AI Data Science SwitchUp - Mid-March 2026,13-Feb-2026,has_time_to_pay,ENROLLED,has_time_to_pay,STRIPE_CARD,Onboarded,,Manish
Agentic SkillUp,122456724139,America/Los_Angeles,Applied Agentic AI Program for SWEs,Applied Agentic AI for SWEs - Early-March 2026,13-Feb-2026,has_paid_in_full,ENROLLED_WITH_NO_DUES,Fully Paid,KLARNA,Onboarded,,Sanjana
EdgeUp,163336088412,America/Chicago,EdgeUp 2026 Engineering Manager LevelUp Program (with Agentic AI Interview Prep),Applied Agentic AI for EM's - Early-March 2026,13-Feb-2026,Flexipay_has_time_to_pay,ENROLLED,Flexipay_has_time_to_pay,0_PERCENT_APR_FLEXIPAY,Onboarded,,Anwesh
EdgeUp,176499365556,America/Los_Angeles,EdgeUp 2026 AWS Cloud Solutions Architect LevelUp Program (with Agentic AI Interview Prep),Cloud Interview Prep - Early-March 2026,13-Feb-2026,Flexipay_has_time_to_pay,DEPOSIT_PAID,Flexipay_has_time_to_pay,0_PERCENT_APR_FLEXIPAY,VM - 5 Attempts,,Arshia
New ML,196221579277,America/Los_Angeles,Machine Learning Program (with Agentic AI),Machine Learning Program - Mid-May 2026,13-Feb-2026,has_paid_in_full,ENROLLED_WITH_NO_DUES,Fully Paid,PAYPAL,Onboarded,,Archi
EdgeUp,196305802764,America/Chicago,EdgeUp 2026 Engineering Manager LevelUp Program (with Agentic AI Interview Prep),Applied Agentic AI for EM's - Early-March 2026,13-Feb-2026,Flexipay_has_time_to_pay,ENROLLED,Flexipay_has_time_to_pay,0_PERCENT_APR_FLEXIPAY,Onboarded,,Arush
Advanced ML,199477482290,America/New_York,Advanced Machine Learning Program (with Agentic AI),Advanced Machine Learning Program - Early-February 2026,13-Feb-2026,Flexipay_has_time_to_pay,ENROLLED,Flexipay_has_time_to_pay,0_PERCENT_APR_FLEXIPAY,Onboarded,,Kamal
New ML,201447554392,America/New_York,Machine Learning Program (with Agentic AI),Machine Learning Program - Mid-March 2026,13-Feb-2026,has_paid_in_full,FULL_PAYMENT_PAID,Fully Paid,CLIMBCREDIT,Onboarded,,Arush
EdgeUp,201683331146,America/Los_Angeles,EdgeUp 2026 Engineering Manager LevelUp Program (with Agentic AI Interview Prep),Engineering Management Interview Prep - Early-March 2026,13-Feb-2026,has_paid_in_full,ENROLLED_WITH_NO_DUES,Fully Paid,ACH_TRANSFER,Onboarded,,Arshia
EdgeUp,76060251,America/New_York,EdgeUp 2026 Engineering Manager LevelUp Program (with Agentic AI Interview Prep),Applied Agentic AI for EM's - Early-April 2026,14-Feb-2026,has_paid_in_full,ENROLLED_WITH_NO_DUES,Fully Paid,STRIPE_CARD,Onboarded,,Muskan
EdgeUp,97758844075,America/Los_Angeles,EdgeUp Product Manager (Tech) LevelUp Program (with Agentic AI),Product Management Interview Prep - 2nd End-May 2026,15-Feb-2026,has_paid_in_full,ENROLLED_WITH_NO_DUES,Fully Paid,AFFIRM_VIA_STRIPE,Onboarded,,Arshia
EdgeUp,9597139,America/New_York,EdgeUp 2026 Backend LevelUp Program (with Agentic AI Interview Prep),Backend Interview Prep - End-February 2026,16-Feb-2026,has_paid_in_full,FULL_PAYMENT_PAID,Fully Paid,CLIMBCREDIT,Onboarded,,Anjali
Agentic SkillUp,132088960539,America/New_York,Applied Agentic AI Program for SWEs,Applied Agentic AI for SWEs - 2nd Mid-March 2026,15-Feb-2026,has_paid_in_full,ENROLLED_WITH_NO_DUES,Fully Paid,STRIPE_CARD,Onboarded,,Manish
Step Up,200657824609,America/Los_Angeles,Test Engineering DSA Only Interview Prep Fast Track Program,Self-Paced Test Engineering FastTrack,16-Feb-2026,has_paid_in_full,ENROLLED_WITH_NO_DUES,Fully Paid,ACH_TRANSFER,Onboarded,,Anjali
EdgeUp,201202264915,America/New_York,EdgeUp 2026 Backend LevelUp Program (with Agentic AI Interview Prep),Backend Interview Prep - Early-March 2026,15-Feb-2026,has_paid_in_full,ENROLLED_WITH_NO_DUES,Fully Paid,STRIPE_CARD,Onboarded,,Anjali
AI/DS SwitchUp,201819015510,America/New_York,AI Data Science SwitchUp Program,AI Data Science SwitchUp - Mid-March 2026,15-Feb-2026,has_time_to_pay,ENROLLED,has_time_to_pay,STRIPE_CARD,Onboarded,,Arush
New ML,202488672794,America/Los_Angeles,Machine Learning Program (with Agentic AI),Machine Learning Program - Mid-March 2026,16-Feb-2026,has_paid_in_full,ENROLLED_WITH_NO_DUES,Fully Paid,ACH_TRANSFER,Onboarded,,Muskan
New ML,202662083952,America/Los_Angeles,Machine Learning Program (with Agentic AI),Machine Learning Program - Mid-February 2026,15-Feb-2026,has_paid_in_full,ENROLLED_WITH_NO_DUES,Fully Paid,PAYPAL,Onboarded,,Manish
EdgeUp Step Up,9557867,America/Los_Angeles,EdgeUp 2026 Backend StepUp Program (with Agentic AI Interview Prep),Applied Agentic AI for SWEs - Early-March 2026,17-Feb-2026,has_paid_in_full,ENROLLED_WITH_NO_DUES,Fully Paid,ACH_TRANSFER,Onboarded,,Pragya
EdgeUp,9640706,America/Los_Angeles,EdgeUp 2026 Data Engineering LevelUp Program (with Agentic AI Interview Prep),Applied Agentic AI for SWEs - Early-March 2026,16-Feb-2026,has_paid_in_full,ENROLLED_WITH_NO_DUES,Fully Paid,STRIPE_CARD,Onboarded,,Suraj
New ML,49546051,America/Los_Angeles,Machine Learning Program (with Agentic AI),,16-Feb-2026,has_paid_in_full,FULL_PAYMENT_PAID,Fully Paid,CLIMBCREDIT,Onboarded,,Sharon
EdgeUp,262999203,America/Los_Angeles,EdgeUp 2026 Engineering Manager LevelUp Program (with Agentic AI Interview Prep),Applied Agentic AI for EM's - Early-March 2026,16-Feb-2026,has_paid_in_full,ENROLLED_WITH_NO_DUES,Fully Paid,STRIPE_CARD,Onboarded,,Manish
EdgeUp Step Up,487698251,America/New_York,EdgeUp 2026 AWS Cloud Solutions Architect StepUp Program (with Agentic AI Interview Prep),Applied Agentic AI for SWEs - Early-March 2026,16-Feb-2026,Flexipay_has_time_to_pay,ENROLLED,Flexipay_has_time_to_pay,0_PERCENT_APR_FLEXIPAY,Onboarded,,Pragya
EdgeUp Step Up,60009067872,America/Chicago,EdgeUp 2026 Technical Program Manager StepUp Program (with Agentic AI Interview Prep),Applied Agentic AI - Early-March 2026,17-Feb-2026,Flexipay_has_time_to_pay,ENROLLED,Flexipay_has_time_to_pay,0_PERCENT_APR_FLEXIPAY,Onboarded,,Suraj
Agentic SkillUp,9284948,America/Los_Angeles,Applied Agentic AI Program,Applied Agentic AI - Early-March 2026,17-Feb-2026,has_paid_in_full,ENROLLED_WITH_NO_DUES,Fully Paid,PAYPAL,Onboarded,,Nishtha
Agentic SkillUp,125433591048,America/New_York,Applied Agentic AI Program for Data Engineers,Applied Agentic AI for SWEs - Early-March 2026,17-Feb-2026,has_paid_in_full,ENROLLED_WITH_NO_DUES,Fully Paid,STRIPE_CARD,Onboarded,,Manish
EdgeUp,170623187513,America/New_York,EdgeUp Backend LevelUp Program (with Agentic AI),Applied Agentic AI for SWEs - Early-March 2026,16-Feb-2026,has_time_to_pay,ENROLLED,has_time_to_pay,STRIPE_CARD,Onboarded,,Sanjana
EdgeUp,200616108292,America/Chicago,EdgeUp 2026 Technical Program Manager LevelUp Program (with Agentic AI Interview Prep),Applied Agentic AI - Early-March 2026,15-Feb-2026,has_paid_in_full,ENROLLED_WITH_NO_DUES,Fully Paid,CLIMBCREDIT,VM - 4 Attempts,,Sanjana
EdgeUp,201925858218,America/Toronto,EdgeUp 2026 Fullstack LevelUp Program (with Agentic AI Interview Prep),"Applied Agentic AI for SWEs - Early-March 2026
",17-Feb-2026,has_paid_in_full,ENROLLED_WITH_NO_DUES,Fully Paid,STRIPE_CARD,Onboarded,,Safoora
Step Up,203010648993,America/Edmonton,Test Engineering DSA Only Interview Prep Fast Track Program,Test Engineering DSA Fast Track Masterclass,17-Feb-2026,Flexipay_has_time_to_pay,ENROLLED,Flexipay_has_time_to_pay,0_PERCENT_APR_FLEXIPAY,Onboarded,,Pragya
EdgeUp,9598913,America/New_York,EdgeUp 2026 Backend LevelUp Program (with Agentic AI Interview Prep),"Backend Interview Prep - Early-March 2026
",17-Feb-2026,has_paid_in_full,FULL_PAYMENT_PAID,Fully Paid,CLIMBCREDIT,Onboarded,,Disha
Step Up,27245659,Canada/Pacific,Technical Program Manager Interview Prep Fast Track Program,TPM Fast Track Masterclass,17-Feb-2026,Flexipay_has_time_to_pay,DEPOSIT_PAID,Refunded,0_PERCENT_APR_FLEXIPAY,Onboarded,,Pragya
Step Up,321834301,America/Los_Angeles,Data Analyst & Business Analyst Interview Prep Fast Track Program,Self-Paced Data Analyst & Business Analyst FastTrack,18-Feb-2026,has_paid_in_full,ENROLLED_WITH_NO_DUES,Refunded,CLIMBCREDIT,Onboarded,,Suraj
Level Up,444960601,America/New_York,Technical Program Manager Interview Prep Program,TPM Interview Prep - 2nd Mid-March 2026,18-Feb-2026,Enrollment Paid,DEPOSIT_PAID,has_time_to_pay,STRIPE_CARD,Onboarded,,Ajil
EdgeUp,51880519547,America/New_York,EdgeUp 2026 Technical Program Manager LevelUp Program (with Agentic AI Interview Prep),Applied Agentic AI - 2nd Mid-March 2026,18-Feb-2026,has_time_to_pay,ENROLLED,has_time_to_pay,STRIPE_CARD,Onboarded,,Muskan
New ML,197564890285,America/Los_Angeles,Machine Learning Program (with Agentic AI),Machine Learning Program - 2nd End-May 2026,18-Feb-2026,has_paid_in_full,ENROLLED_WITH_NO_DUES,Fully Paid,KLARNA,Onboarded,,Sharon
New ML,200382291238,America/New_York,Machine Learning Program (with Agentic AI),Machine Learning Program - Mid-March 2026,17-Feb-2026,Flexipay_has_time_to_pay,ENROLLED,has_time_to_pay,0_PERCENT_APR_FLEXIPAY,Onboarded,,Manish
EdgeUp,200450139964,America/Toronto,EdgeUp 2026 Engineering Manager LevelUp Program (with Agentic AI Interview Prep),"Applied Agentic AI for EM's - Early-March 2026
",17-Feb-2026,Flexipay_has_time_to_pay,DEPOSIT_PAID,Flexipay_has_time_to_pay,0_PERCENT_APR_FLEXIPAY,Onboarded,,Disha
EdgeUp,201821572225,America/Detroit,EdgeUp 2026 Technical Program Manager LevelUp Program (with Agentic AI Interview Prep),Applied Agentic AI - Early-March 2026,18-Feb-2026,has_paid_in_full,ENROLLED_WITH_NO_DUES,Fully Paid,PAYPAL,Onboarded,,Archi
EdgeUp,202184687143,America/Los_Angeles,EdgeUp 2026 Backend LevelUp Program (with Agentic AI Interview Prep),Applied Agentic AI for SWEs - 2nd Mid-March 2026,18-Feb-2026,has_paid_in_full,ENROLLED_WITH_NO_DUES,Fully Paid,STRIPE_CARD,Onboarded,,Nishtha
Agentic SkillUp,9304837,America/Los_Angeles,Applied Agentic AI Program for SWEs,Applied Agentic AI for SWEs - Early-May 2026,18-Feb-2026,has_time_to_pay,ENROLLED,has_time_to_pay,STRIPE_MANUAL_PAYMENT,Onboarded,,Sharon
EdgeUp,9294320,America/New_York,EdgeUp 2026 Engineering Manager LevelUp Program (with Agentic AI Interview Prep),Applied Agentic AI - Early-March 2026,19-Feb-2026,has_paid_in_full,ENROLLED_WITH_NO_DUES,Fully Paid,ACH_TRANSFER,Onboarded,,Zeeshan
EdgeUp,9554281,America/New_York,EdgeUp Fullstack LevelUp Program (with Agentic AI),Applied Agentic AI for SWEs - Early-March 2026,18-Feb-2026,has_paid_in_full,ENROLLED_WITH_NO_DUES,Fully Paid,STRIPE_CARD,Onboarded,,Archi
EdgeUp Step Up,9551152,America/Los_Angeles,EdgeUp 2026 Backend StepUp Program (with Agentic AI Interview Prep),Applied Agentic AI for SWEs - Early-March 2026,18-Feb-2026,Flexipay_has_time_to_pay,DEPOSIT_PAID,Flexipay_has_time_to_pay,0_PERCENT_APR_FLEXIPAY,Onboarded,,Arshia
EdgeUp,14238269,America/New_York,EdgeUp 2026 Engineering Manager LevelUp Program (with Agentic AI Interview Prep),Applied Agentic AI for EM's - Early-March 2026,18-Feb-2026,has_paid_in_full,ENROLLED_WITH_NO_DUES,Fully Paid,ACH_TRANSFER,Onboarded,,Archi
Step Up,126335455567,America/Chicago,Technical Program Manager Interview Prep Fast Track Program,Self-Paced TPM FastTrack,19-Feb-2026,has_paid_in_full,ENROLLED_WITH_NO_DUES,Fully Paid,ACH_TRANSFER,Onboarded,,Zeeshan
EdgeUp,180110528342,America/New_York,EdgeUp 2026 Data Analyst & Business Analyst LevelUp Program (with Agentic AI Interview Prep),Applied Agentic AI - Early-March 2026,18-Feb-2026,has_paid_in_full,FULL_PAYMENT_PAID,Fully Paid,CLIMBCREDIT,Onboarded,,Kamal
EdgeUp Step Up,197475951906,America/New_York,EdgeUp Product Manager (Tech) StepUp Program (with Agentic AI),"
Applied Agentic AI - Early-March 2026",18-Feb-2026,has_paid_in_full,ENROLLED_WITH_NO_DUES,Fully Paid,PAYPAL,Onboarded,,Zeeshan
EdgeUp,199215999149,America/Los_Angeles,EdgeUp 2026 Test Engineering LevelUp Program (with Agentic AI Interview Prep),"Applied Agentic AI for SWEs - Early-March 2026
",18-Feb-2026,has_paid_in_full,ENROLLED_WITH_NO_DUES,Fully Paid,STRIPE_CARD,Onboarded,,Safoora
EdgeUp Step Up,201902306172,America/New_York,EdgeUp 2026 Product Manager (Tech) StepUp Program (with Agentic AI Interview Prep),Applied Agentic AI - Early-March 2026,18-Feb-2026,has_paid_in_full,ENROLLED_WITH_NO_DUES,Fully Paid,PAYPAL,Onboarded,,Ajil
Step Up,202720045876,America/Los_Angeles,Engineering Management Interview Prep Fast Track Program,Engineering Management Fast Track Masterclass,18-Feb-2026,has_paid_in_full,ENROLLED_WITH_NO_DUES,Fully Paid,STRIPE_CARD,Onboarded,,Suraj
EdgeUp Step Up,9280379,America/Chicago,EdgeUp Engineering Management StepUp Program (with Agentic AI),Engineering Management Interview Prep Fast Track Program,19-Feb-2026,has_paid_in_full,ENROLLED_WITH_NO_DUES,Fully Paid,ACH_TRANSFER,Onboarded,,Arshia
Step Up,9302412,America/New_York,Data Analyst & Business Analyst Interview Prep Fast Track Program,"Self-Paced Data Analyst & Business Analyst FastTrack
",20-Feb-2026,has_paid_in_full,ENROLLED_WITH_NO_DUES,Fully Paid,CLIMBCREDIT,Onboarded,,Ajil
Step Up,9553542,America/New_York,Fullstack Interview Prep Fast Track Program,Self-Paced Fullstack Interview prep FastTrack,19-Feb-2026,has_paid_in_full,FULL_PAYMENT_PAID,Fully Paid,STRIPE_MANUAL_PAYMENT,Onboarded,,Zeeshan
EdgeUp,9301931,America/Los_Angeles,EdgeUp 2026 Engineering Manager LevelUp Program (with Agentic AI Interview Prep),Engineering Management Interview Prep - Early-March 2026,20-Feb-2026,has_paid_in_full,FULL_PAYMENT_PAID,Fully Paid,CLIMBCREDIT,Onboarded,,Arshia
EdgeUp,9596824,America/Chicago,EdgeUp 2026 Engineering Manager LevelUp Program (with Agentic AI Interview Prep),Applied Agentic AI for EM's - Early-March 2026,20-Feb-2026,has_paid_in_full,ENROLLED_WITH_NO_DUES,Fully Paid,,Onboarded,,Manish
EdgeUp,118417151,America/Chicago,EdgeUp 2026 Backend LevelUp Program (with Agentic AI Interview Prep),Backend Interview Prep - Mid-March 2026,20-Feb-2026,has_paid_in_full,ENROLLED_WITH_NO_DUES,Fully Paid,CLIMBCREDIT,Onboarded,,Manish
EdgeUp Step Up,126234801,America/Los_Angeles,EdgeUp 2026 Engineering Management StepUp Program (with Agentic AI Interview Prep),Applied Agentic AI for EM's - Early-March 2026,19-Feb-2026,has_paid_in_full,ENROLLED_WITH_NO_DUES,Fully Paid,STRIPE_CARD,Onboarded,,Muskan
EdgeUp Step Up,200089852,America/Los_Angeles,EdgeUp 2026 Engineering Management StepUp Program (with Agentic AI Interview Prep),Applied Agentic AI for EM's - 2nd Mid-March 2026,20-Feb-2026,has_paid_in_full,ENROLLED_WITH_NO_DUES,Fully Paid,CLIMBCREDIT,Onboarded,,Muskan
Level Up,436068651,America/Los_Angeles,Engineering Manager Interview Prep Program,Engineering Management Interview Prep - Early-March 2026,20-Feb-2026,has_paid_in_full,ENROLLED_WITH_NO_DUES,Fully Paid,ACH_TRANSFER,Onboarded,,Disha
EdgeUp Step Up,18048903604,America/Los_Angeles,EdgeUp 2026 Backend StepUp Program (with Agentic AI Interview Prep),Applied Agentic AI for SWEs - Early-March 2026,19-Feb-2026,has_paid_in_full,ENROLLED_WITH_NO_DUES,Fully Paid,PAYPAL,Onboarded,,Safoora
EdgeUp,357215327,America/Los_Angeles,EdgeUp 2026 Technical Program Manager LevelUp Program (with Agentic AI Interview Prep),Applied Agentic AI - Early-March 2026,20-Feb-2026,has_paid_in_full,ENROLLED_WITH_NO_DUES,Fully Paid,STRIPE_CARD,Onboarded,,Safoora
Step Up,84743429932,America/New_York,Fullstack Interview Prep Fast Track Program,Self-Paced Fullstack FastTrack,19-Feb-2026,Flexipay_has_time_to_pay,ENROLLED,Flexipay_has_time_to_pay,0_PERCENT_APR_FLEXIPAY,Onboarded,,Anjali
EdgeUp,96764605339,America/Los_Angeles,EdgeUp 2026 Data Engineering LevelUp Program (with Agentic AI Interview Prep),Applied Agentic AI for SWEs - Early-March 2026,20-Feb-2026,has_paid_in_full,ENROLLED_WITH_NO_DUES,Fully Paid,STRIPE_CARD,Onboarded,,Sanjana
Agentic SkillUp,97016774154,America/Los_Angeles,Applied Agentic AI Program for SWEs,Applied Agentic AI for SWEs - Early-March 2026,19-Feb-2026,Flexipay_has_time_to_pay,ENROLLED,Flexipay_has_time_to_pay,0_PERCENT_APR_FLEXIPAY,Onboarded,,Arshia
New ML,116576848822,America/Chicago,Machine Learning Program (with Agentic AI),Machine Learning Program - 2nd End-May 2026,20-Feb-2026,has_paid_in_full,ENROLLED_WITH_NO_DUES,Fully Paid,STRIPE_CARD,Onboarded,,Anwesh
EdgeUp Step Up,131331629742,America/Los_Angeles,EdgeUp 2026 Engineering Management StepUp Program (with Agentic AI Interview Prep),Applied Agentic AI for EM's - Early-March 2026,19-Feb-2026,has_paid_in_full,ENROLLED_WITH_NO_DUES,Fully Paid,ACH_TRANSFER,Onboarded,,Anwesh
EdgeUp,185334445407,America/Los_Angeles,EdgeUp 2026 Security Engineering LevelUp Program (with Agentic AI Interview Prep),Security Engineering Interview Prep - Early-March 2026,20-Feb-2026,has_paid_in_full,ENROLLED_WITH_NO_DUES,Fully Paid,ACH_TRANSFER,Onboarded,,Sanjana
Level Up,188920568464,US/Pacific,System Design Interview Prep Program,"Systems Design Pathway - Early-March 2026
",20-Feb-2026,has_paid_in_full,ENROLLED_WITH_NO_DUES,Fully Paid,ACH_TRANSFER,Onboarded,,Disha
EdgeUp Step Up,190897157777,America/Los_Angeles,EdgeUp 2026 Backend StepUp Program (with Agentic AI Interview Prep),Applied Agentic AI for SWEs - Early-March 2026,20-Feb-2026,has_paid_in_full,ENROLLED_WITH_NO_DUES,Fully Paid,CLIMBCREDIT,VM - 6 Attempts,,Akshitha
EdgeUp Step Up,193139855778,America/New_York,EdgeUp 2026 Product Manager (Tech) StepUp Program (with Agentic AI Interview Prep),Applied Agentic AI - Early-March 2026,20-Feb-2026,has_paid_in_full,ENROLLED_WITH_NO_DUES,Fully Paid,PAYPAL,Onboarded,,Kamal
Step Up,194256822046,America/Los_Angeles,Engineering Management Interview Prep Fast Track Program,Self-Paced Engineering Management FastTrack,20-Feb-2026,Flexipay_has_time_to_pay,ENROLLED,Flexipay_has_time_to_pay,0_PERCENT_APR_FLEXIPAY,Onboarded,,Zeeshan
Step Up,200424889235,America/Los_Angeles,Technical Program Manager Interview Prep Fast Track Program,Self-Paced TPM FastTrack,19-Feb-2026,has_paid_in_full,50% REFUND,Refunded,CLIMBCREDIT,Onboarded,,Arshia
EdgeUp,202577938230,America/Los_Angeles,EdgeUp 2026 Engineering Manager LevelUp Program (with Agentic AI Interview Prep),Engineering Management Interview Prep - Early-March 2026,20-Feb-2026,has_paid_in_full,ENROLLED_WITH_NO_DUES,Fully Paid,STRIPE_CARD,Onboarded,,Akshitha
EdgeUp,202676879778,America/Los_Angeles,EdgeUp 2026 Engineering Manager LevelUp Program (with Agentic AI Interview Prep),Engineering Management Interview Prep - Early-March 2026,20-Feb-2026,has_paid_in_full,ENROLLED_WITH_NO_DUES,Fully Paid,0_PERCENT_APR_FLEXIPAY,Onboarded,,Suraj
Level Up,202978688158,America/Chicago,Data Analyst & Business Analyst Interview Preparation Program,Data Analyst & Business Analyst Interview Prep - Mid-March 2026,20-Feb-2026,has_paid_in_full,ENROLLED_WITH_NO_DUES,Refunded,STRIPE_CARD,Onboarded,,Akshitha
New ML,203473551481,America/Chicago,Machine Learning Program (with Agentic AI),Machine Learning Program - 2nd End-May 2026,19-Feb-2026,has_paid_in_full,FULL_PAYMENT_PAID,Fully Paid,CLIMBCREDIT,Onboarded,,Sanjana
EdgeUp,203692658975,America/New_York,EdgeUp 2026 Fullstack LevelUp Program (with Agentic AI Interview Prep),Fullstack Interview Prep - Early-March 2026,20-Feb-2026,has_paid_in_full,ENROLLED_WITH_NO_DUES,Fully Paid,PAYPAL,Onboarded,,Archi
EdgeUp Step Up,203764783105,America/New_York,EdgeUp 2026 Engineering Management StepUp Program (with Agentic AI Interview Prep),Engineering Management Fast Track Masterclass,20-Feb-2026,has_paid_in_full,ENROLLED_WITH_NO_DUES,Fully Paid,PAYPAL,Onboarded,,Manish
EdgeUp,203946641969,America/Los_Angeles,EdgeUp 2026 Technical Program Manager LevelUp Program (with Agentic AI Interview Prep),"Applied Agentic AI - 2nd Mid-March 2026
",20-Feb-2026,has_paid_in_full,ENROLLED_WITH_NO_DUES,Fully Paid,STRIPE_CARD,Onboarded,,Suraj
Agentic SkillUp,9288603,America/Chicago,Applied Agentic AI Program for SWEs,Applied Agentic AI for SWEs - Early-March 2026,20-Feb-2026,has_paid_in_full,ENROLLED_WITH_NO_DUES,Fully Paid,ACH_TRANSFER,Onboarded,,Kamal
EdgeUp Step Up,204889201,America/Los_Angeles,EdgeUp 2026 Android StepUp Program (with Agentic AI Interview Prep),Android Fast Track Masterclass,21-Feb-2026,has_paid_in_full,ENROLLED_WITH_NO_DUES,Fully Paid,CLIMBCREDIT,Onboarded,,Suraj
New ML,202616522349,America/New_York,Machine Learning Program (with Agentic AI),Machine Learning Program - Mid-March 2026,22-Feb-2026,Flexipay_has_time_to_pay,DEPOSIT_PAID,Flexipay_has_time_to_pay,0_PERCENT_APR_FLEXIPAY,Onboarded,,Archi
EdgeUp,202668552008,America/Chicago,EdgeUp 2026 Technical Program Manager LevelUp Program (with Agentic AI Interview Prep),TPM Interview Prep - End-February 2026,21-Feb-2026,has_paid_in_full,ENROLLED_WITH_NO_DUES,Fully Paid,STRIPE_CARD,Onboarded,,Arshia
EdgeUp,204096938933,America/New_York,EdgeUp 2026 Backend LevelUp Program (with Agentic AI Interview Prep),Backend Interview Prep - Early-March 2026,21-Feb-2026,has_paid_in_full,ENROLLED_WITH_NO_DUES,Refunded,STRIPE_CARD,Onboarded,,Arush
New ML,204600603550,America/Los_Angeles,Machine Learning Program (with Agentic AI),Machine Learning Program - 2nd End-May 2026,22-Feb-2026,Flexipay_has_time_to_pay,ENROLLED,Flexipay_has_time_to_pay,0_PERCENT_APR_FLEXIPAY,Incomplete OB,,Nishtha
EdgeUp,14239653,America/Los_Angeles,EdgeUp 2026 Backend LevelUp Program (with Agentic AI Interview Prep),Applied Agentic AI for SWEs - Early-March 2026,22-Feb-2026,has_paid_in_full,ENROLLED_WITH_NO_DUES,Fully Paid,PAYPAL,Onboarded,,Suraj
EdgeUp,189083451,America/Los_Angeles,EdgeUp 2026 Engineering Manager LevelUp Program (with Agentic AI Interview Prep),Applied Agentic AI for EM's - 2nd Mid-March 2026,22-Feb-2026,Flexipay_has_time_to_pay,ENROLLED,Flexipay_has_time_to_pay,0_PERCENT_APR_FLEXIPAY,Onboarded,,Akshitha
EdgeUp,335686601,America/Los_Angeles,EdgeUp 2026 Engineering Manager LevelUp Program (with Agentic AI Interview Prep),Applied Agentic AI for EM's - Early-April 2026,22-Feb-2026,Flexipay_has_time_to_pay,ENROLLED,Flexipay_has_time_to_pay,0_PERCENT_APR_FLEXIPAY,Onboarded,,Akshitha
Agentic SkillUp,495675301,America/Chicago,Applied Agentic AI Program for SWEs,Applied Agentic AI for SWEs - 2nd Mid-March 2026,23-Feb-2026,has_paid_in_full,ENROLLED_WITH_NO_DUES,Fully Paid,CLIMBCREDIT,Onboarded,,Arush
Advanced ML,100488687949,America/New_York,Advanced Machine Learning Program (with Agentic AI),Advanced Machine Learning Program - End-March 2026,22-Feb-2026,has_time_to_pay,ENROLLED,has_time_to_pay,CLIMBCREDIT,VM - 4 Attempts,,Manish
EdgeUp,149756867985,America/Los_Angeles,EdgeUp 2026 Engineering Manager LevelUp Program (with Agentic AI Interview Prep),Engineering Management Interview Prep - Mid-March 2026,23-Feb-2026,has_paid_in_full,FULL_PAYMENT_PAID,Fully Paid,CLIMBCREDIT,Onboarded,,Arshia
New ML,169295197720,America/Chicago,Machine Learning Program (with Agentic AI),Machine Learning Program - Mid-March 2026,23-Feb-2026,has_paid_in_full,ENROLLED_WITH_NO_DUES,Fully Paid,CLIMBCREDIT,Onboarded,,Arush
Agentic SkillUp,186757585234,America/New_York,Applied Agentic AI Program,Applied Agentic AI - Early-March 2026,22-Feb-2026,has_paid_in_full,FULL_PAYMENT_PAID,Fully Paid,CLIMBCREDIT,Incomplete OB,,Muskan
EdgeUp Step Up,199085793614,America/New_York,EdgeUp 2026 Data Science StepUp Program (with Agentic AI Interview Prep),EdgeUp StepUp Cohort,23-Feb-2026,has_paid_in_full,ENROLLED_WITH_NO_DUES,Fully Paid,ACH_TRANSFER,Onboarded,,Anjali
New ML,203984742723,America/Los_Angeles,Machine Learning Program (with Agentic AI),Machine Learning Program - Mid-March 2026,22-Feb-2026,has_paid_in_full,ENROLLED_WITH_NO_DUES,Fully Paid,ACH_TRANSFER,Onboarded,,Anwesh
Level Up,9298697,America/Chicago,Test Engineering (W/o System Design) Interview Prep Program,Test Engineering DSA Interview Prep - Early-March 2026,23-Feb-2026,has_paid_in_full,ENROLLED_WITH_NO_DUES,Fully Paid,STRIPE_CARD,Onboarded,,Anjali
EdgeUp,28627259,America/Los_Angeles,EdgeUp 2026 Backend LevelUp Program (with Agentic AI Interview Prep),"Applied Agentic AI for SWEs - 2nd Mid-March 2026",24-Feb-2026,has_paid_in_full,ENROLLED_WITH_NO_DUES,Fully Paid,STRIPE_CARD,Onboarded,,Pragya
EdgeUp Step Up,245823001,America/Los_Angeles,EdgeUp 2026 Technical Program Manager StepUp Program (with Agentic AI Interview Prep),Applied Agentic AI - 2nd Mid-March 2026,23-Feb-2026,Flexipay_has_time_to_pay,ENROLLED,has_time_to_pay,0_PERCENT_APR_FLEXIPAY,Onboarded,,Ajil
New ML,263791151,America/New_York,Machine Learning Program (with Agentic AI),Machine Learning Program - Mid-February 2026,23-Feb-2026,has_paid_in_full,ENROLLED_WITH_NO_DUES,Fully Paid,CLIMBCREDIT,VM - 4 Attempts,,Kamal
New ML,103500473698,America/Los_Angeles,Machine Learning Program (with Agentic AI),Machine Learning Program - Mid-March 2026,24-Feb-2026,has_paid_in_full,ENROLLED_WITH_NO_DUES,Fully Paid,STRIPE_CARD,Onboarded,,Nishtha
EdgeUp,187731623947,America/Los_Angeles,EdgeUp 2026 Data Analyst & Business Analyst LevelUp Program (with Agentic AI Interview Prep),Applied Agentic AI for SWEs - Early-March 2026,24-Feb-2026,Flexipay_has_time_to_pay,DEPOSIT_PAID,Flexipay_has_time_to_pay,0_PERCENT_APR_FLEXIPAY,Onboarded,,Anjali
Paid Upgrade,203405116856,America/New_York,Career Skills Program,Career Skills Pathway - Early-April 2026,23-Feb-2026,has_paid_in_full,ENROLLED_WITH_NO_DUES,Fully Paid,STRIPE_CARD,Onboarded,,Ajil
Advanced ML,203726651007,America/New_York,Advanced Machine Learning Program (with Agentic AI),Advanced Machine Learning Program - End-March 2026,24-Feb-2026,Flexipay_has_time_to_pay,ENROLLED,Flexipay_has_time_to_pay,0_PERCENT_APR_FLEXIPAY,Onboarded Via Calendly,,Muskan
EdgeUp,203764721806,America/Los_Angeles,EdgeUp 2026 Test Engineering LevelUp Program (with Agentic AI Interview Prep),Test Engineering DSA Interview Prep - Early-March 2026,23-Feb-2026,has_paid_in_full,ENROLLED_WITH_NO_DUES,Fully Paid,STRIPE_CARD,Onboarded,,Sharon
EdgeUp,204225875249,America/Los_Angeles,EdgeUp 2026 Backend LevelUp Program (with Agentic AI Interview Prep),Applied Agentic AI for SWEs - 2nd Mid-March 2026,23-Feb-2026,has_paid_in_full,ENROLLED_WITH_NO_DUES,Fully Paid,STRIPE_CARD,Onboarded,,Sharon
New ML,204443730702,America/New_York,Machine Learning Program (with Agentic AI),Machine Learning Program - Mid-March 2026,23-Feb-2026,has_paid_in_full,ENROLLED_WITH_NO_DUES,Refunded,STRIPE_CARD,Incomplete OB,,Arush
EdgeUp,204863313707,America/Los_Angeles,EdgeUp 2026 Test Engineering LevelUp Program (with Agentic AI Interview Prep),"Test Engineering DSA Interview Prep - Early-March 2026",23-Feb-2026,has_paid_in_full,FULL_PAYMENT_PAID,Fully Paid,CLIMBCREDIT,Onboarded,,Pragya
Agentic SkillUp,103305193029,America/Detroit,AI Engineering,Applied Agentic AI for SWEs - Early-March 2026,25-Feb-2026,has_paid_in_full,ENROLLED_WITH_NO_DUES,Fully Paid,STRIPE_CARD,Onboarded Via Calendly,,Manish
Level Up,159004218638,America/Chicago,"Test Engineering DSA Interview Prep - Early-March 2026
",Test Engineering DSA Interview Prep - Early-March 2026,25-Feb-2026,has_paid_in_full,ENROLLED_WITH_NO_DUES,Fully Paid,PAYPAL,Onboarded,,Disha
EdgeUp Step Up,196912688646,US/Pacific,EdgeUp 2026 Product Manager (Tech) StepUp Program (with Agentic AI Interview Prep),"Applied Agentic AI - 2nd Mid-March 2026
",24-Feb-2026,has_paid_in_full,ENROLLED_WITH_NO_DUES,Fully Paid,PAYPAL,Onboarded,,Pragya
New ML,199888976414,America/New_York,Machine Learning Program (with Agentic AI),Machine Learning Program - Mid-March 2026,25-Feb-2026,has_paid_in_full,FULL_PAYMENT_PAID,Fully Paid,CLIMBCREDIT,Onboarded,,Kamal
Level Up,201201550095,America/Toronto,Data Engineering Interview Prep Program,Data Engineering Interview Prep - Mid-March 2026,24-Feb-2026,Flexipay_has_time_to_pay,ENROLLED,has_time_to_pay,0_PERCENT_APR_FLEXIPAY,Onboarded,,Ajil
Level Up,201498338886,America/Los_Angeles,Data Analyst & Business Analyst Interview Preparation Program,Data Analyst & Business Analyst Interview Prep - Mid-March 2026,25-Feb-2026,has_paid_in_full,ENROLLED_WITH_NO_DUES,Fully Paid,CLIMBCREDIT,Onboarded,,Suraj
New ML,202725082166,America/Phoenix,Machine Learning Program (with Agentic AI),Machine Learning Program - Mid-March 2026,24-Feb-2026,Flexipay_has_time_to_pay,ENROLLED,Flexipay_has_time_to_pay,0_PERCENT_APR_FLEXIPAY,Onboarded,,Sharon
EdgeUp Step Up,204553832877,America/New_York,EdgeUp 2026 Backend StepUp Program (with Agentic AI Interview Prep),Applied Agentic AI - 2nd Mid-March 2026,24-Feb-2026,has_paid_in_full,ENROLLED_WITH_NO_DUES,Fully Paid,CLIMBCREDIT,Onboarded,,Disha
EdgeUp,204830261163,America/Chicago,EdgeUp 2026 Security Engineering LevelUp Program (with Agentic AI Interview Prep),Applied Agentic AI - 2nd Mid-March 2026,24-Feb-2026,has_paid_in_full,FULL_PAYMENT_PAID,Fully Paid,CLIMBCREDIT,Onboarded,,Muskan
EdgeUp,204846802771,America/Los_Angeles,EdgeUp 2026 Data Engineering LevelUp Program (with Agentic AI Interview Prep),Applied Agentic AI for SWEs - Early-April 2026,24-Feb-2026,has_paid_in_full,FULL_PAYMENT_PAID,Fully Paid,CLIMBCREDIT,Onboarded,,Nishtha
EdgeUp,130028951,US/Pacific,EdgeUp 2026 Technical Program Manager LevelUp Program (with Agentic AI Interview Prep),TPM Interview Prep - 2nd Mid-March 2026,25-Feb-2026,has_time_to_pay,ENROLLED,has_time_to_pay,STRIPE_CARD,Onboarded,,Arshia
Advanced ML,407435501,America/Denver,Advanced Machine Learning Program (with Agentic AI),Advanced Machine Learning Program - End-March 2026,25-Feb-2026,has_paid_in_full,ENROLLED_WITH_NO_DUES,Fully Paid,CLIMBCREDIT,Onboarded,,Kamal
Advanced ML,115518779955,America/Chicago,Advanced Machine Learning Program (with Agentic AI),Advanced Machine Learning Program - End-May 2026,26-Feb-2026,has_time_to_pay,ENROLLED,has_time_to_pay,STRIPE_MANUAL_PAYMENT,Incomplete OB,,Manish
New ML,174597416718,America/Chicago,Machine Learning Program (with Agentic AI),Machine Learning Program - Mid-March 2026,26-Feb-2026,has_paid_in_full,FULL_PAYMENT_PAID,Fully Paid,CLIMBCREDIT,Onboarded,,Archi
EdgeUp,176076830734,America/Chicago,EdgeUp Backend LevelUp Program (with Agentic AI),Backend Interview Prep - Early-March 2026,25-Feb-2026,Flexipay_has_time_to_pay,ENROLLED,Flexipay_has_time_to_pay,0_PERCENT_APR_FLEXIPAY,Onboarded,,Zeeshan
New ML,189612359515,America/New_York,Machine Learning Program (with Agentic AI),Machine Learning Program - 2nd End-May 2026,26-Feb-2026,has_dropped_out,DEPOSIT_PAID,Fully Paid,CLIMBCREDIT,Onboarded,,Kamal
New ML,193041919052,America/Chicago,Machine Learning Program (with Agentic AI),Machine Learning Program - 2nd End-May 2026,26-Feb-2026,has_time_to_pay,ENROLLED,Fully Paid,BANK_TRANSFER,Onboarded,,Manish
EdgeUp,202265169560,America/New_York,EdgeUp 2026 Engineering Manager LevelUp Program (with Agentic AI Interview Prep),Applied Agentic AI for EM's - 2nd Mid-March 2026,26-Feb-2026,has_paid_in_full,ENROLLED_WITH_NO_DUES,Fully Paid,CLIMBCREDIT,Onboarded,,Ajil
Agentic SkillUp,203741484587,America/Los_Angeles,Applied Agentic AI Program for PM/TPM,Applied Agentic AI - 2nd Mid-March 2026,25-Feb-2026,has_paid_in_full,ENROLLED_WITH_NO_DUES,Fully Paid,ACH_TRANSFER,Onboarded,,Nishtha
EdgeUp,204232830630,America/Chicago,EdgeUp 2026 Product Manager (Tech) LevelUp Program (with Agentic AI Interview Prep),"Applied Agentic AI - Early-March 2026
",25-Feb-2026,has_paid_in_full,ENROLLED_WITH_NO_DUES,Fully Paid,STRIPE_CARD,Onboarded,,Disha
New ML,205635515711,America/New_York,Machine Learning Program (with Agentic AI),Machine Learning Program - Mid-March 2026,26-Feb-2026,Flexipay_has_time_to_pay,DEPOSIT_PAID,Flexipay Refunded,0_PERCENT_APR_FLEXIPAY,VM - 4 Attempts,,Archi
EdgeUp Step Up,129246462381,America/Los_Angeles,EdgeUp 2026 Backend StepUp Program (with Agentic AI Interview Prep),Applied Agentic AI for SWEs - Early-April 2026,26-Feb-2026,has_paid_in_full,ENROLLED_WITH_NO_DUES,Fully Paid,CLIMBCREDIT,Onboarded,,Safoora
EdgeUp Step Up,204574811214,America/New_York,EdgeUp 2026 Engineering Management StepUp Program (with Agentic AI Interview Prep),Applied Agentic AI for EM's - Early-May 2026,26-Feb-2026,has_time_to_pay,ENROLLED,has_time_to_pay,0_PERCENT_APR_FLEXIPAY,Onboarded,,Manish
EdgeUp Step Up,200399062437,America/Chicago,EdgeUp 2026 Machine Learning StepUp Program (with Agentic AI Interview Prep),Self-Paced Machine Learning FastTrack,27-Feb-2026,has_paid_in_full,ENROLLED_WITH_NO_DUES,Fully Paid,	CLIMBCREDIT,Onboarded,,Anwesh
Agentic SkillUp,35618001,America/Chicago,Applied Agentic AI Program for EM,Applied Agentic AI for EM's - 2nd Mid-March 2026,27-Feb-2026,has_paid_in_full,ENROLLED_WITH_NO_DUES,Fully Paid,CLIMBCREDIT,Onboarded,,Anwesh
New ML,204663332376,America/Chicago,Machine Learning Program (with Agentic AI),Machine Learning Program - 2nd Mid-April 2026,27-Feb-2026,Refunded,ENROLLED_WITH_NO_DUES,Refunded,	STRIPE_CARD	,VM - 4 Attempts,,Anwesh
Step Up,205157977131,America/New_York,Backend Interview Prep Fast Track Program,Self-Paced Backend FastTrack,27-Feb-2026,has_paid_in_full,ENROLLED_WITH_NO_DUES,Fully Paid,CLIMBCREDIT,Onboarded,,Arshia
EdgeUp,203992574729,America/New_York,EdgeUp 2026 Technical Program Manager LevelUp Program (with Agentic AI Interview Prep),Applied Agentic AI - 2nd Mid-March 2026,27-Feb-2026,has_time_to_pay,ENROLLED,has_time_to_pay,	STRIPE_MANUAL_PAYMENT	,Onboarded,,Zeeshan
EdgeUp,205748295436,America/Chicago,EdgeUp 2026 Technical Program Manager LevelUp Program (with Agentic AI Interview Prep),Applied Agentic AI - Early-April 2026,27-Feb-2026,has_paid_in_full,ENROLLED_WITH_NO_DUES,Fully Paid,STRIPE_CARD,Onboarded,,Akshitha
EdgeUp,14238362,America/Chicago,EdgeUp 2026 Backend LevelUp Program (with Agentic AI Interview Prep),Backend Interview Prep-Early-March 2026,27-Feb-2026,has_dropped_out,DEPOSIT_PAID,Fully Paid,STRIPE_MANUAL_PAYMENT,Onboarded,,Sanjana
Advanced ML,9551998,America/Chicago,Advanced Machine Learning Program (with Agentic AI),Advanced Machine Learning Program - End-March 2026,27-Feb-2026,has_paid_in_full,ENROLLED_WITH_NO_DUES,Fully Paid,STRIPE_CARD,Onboarded,,Arush
EdgeUp,23606051,US/Pacific,EdgeUp 2026 Machine Learning LevelUp Program (with Agentic AI Interview Prep),Machine Learning Interview Prep - Mid-March 2026,27-Feb-2026,has_paid_in_full,FULL_PAYMENT_PAID,Fully Paid,CLIMBCREDIT,Onboarded,,Safoora
EdgeUp,24988751,America/Los_Angeles,EdgeUp Fullstack LevelUp Program (with Agentic AI),Fullstack Interview Prep - End-January 2026,27-Feb-2026,has_paid_in_full,ENROLLED_WITH_NO_DUES,Fully Paid,ACH_TRANSFER,Callback Requested,,SSA-1
EdgeUp,52611701,America/Chicago,EdgeUp 2026 Backend LevelUp Program (with Agentic AI Interview Prep),Applied Agentic AI for SWEs - 2nd Mid-March 2026,27-Feb-2026,has_paid_in_full,FULL_PAYMENT_PAID,Fully Paid,CLIMBCREDIT,Onboarded,,Arush
Agentic SkillUp,63507451,America/New_York,Applied Agentic AI Program for EM,Applied Agentic AI for EM's - 2nd Mid-March 2026,27-Feb-2026,has_paid_in_full,ENROLLED_WITH_NO_DUES,Fully Paid,KLARNA,Onboarded,,Muskan
Agentic SkillUp,176535401,America/Chicago,AI Engineering,Applied Agentic AI for SWEs- 2nd Mid-March 2026,27-Feb-2026,has_paid_in_full,FULL_PAYMENT_PAID,Fully Paid,CLIMBCREDIT,Onboarded,,Sanjana
New ML,357219094,America/Los_Angeles,Machine Learning Program (with Agentic AI),Machine Learning Program - Mid-March 2026,27-Feb-2026,has_paid_in_full,ENROLLED_WITH_NO_DUES,Fully Paid,STRIPE_CARD,Onboarded,,Safoora
Step Up,42430491800,America/Los_Angeles,Test Engineering DSA Only Interview Prep Fast Track Program,Self-Paced Test Engineering FastTrack,27-Feb-2026,has_paid_in_full,ENROLLED_WITH_NO_DUES,Fully Paid,CLIMBCREDIT,Onboarded,,Arshia
EdgeUp Step Up,63214892883,America/Los_Angeles,EdgeUp 2026 Backend StepUp Program (with Agentic AI Interview Prep),Applied Agentic AI for SWEs - Early-April 2026,27-Feb-2026,has_paid_in_full,ENROLLED_WITH_NO_DUES,Fully Paid,ACH_TRANSFER,Onboarded,,Arshia
Agentic SkillUp,64443073864,America/New_York,Applied Agentic AI Program for SWEs,Applied Agentic AI for SWEs - Early- September 2026,28-Feb-2026,has_paid_in_full,ENROLLED_WITH_NO_DUES,Fully Paid,KLARNA,Onboarded,,Archi
EdgeUp Step Up,30311627813,America/Los_Angeles,EdgeUp 2026 Backend StepUp Program (with Agentic AI Interview Prep),"
Applied Agentic AI for SWEs - 2nd Mid-March 2026",27-Feb-2026,has_paid_in_full,ENROLLED_WITH_NO_DUES,Fully Paid,STRIPE_CARD,Onboarded,,Zeeshan
Step Up,125959069191,America/Los_Angeles,Technical Program Manager Interview Prep Fast Track Program,"Self-Paced TPM FastTrack
",27-Feb-2026,has_paid_in_full,ENROLLED_WITH_NO_DUES,Fully Paid,STRIPE_CARD,Onboarded,,Zeeshan
EdgeUp,157053903484,America/Chicago,EdgeUp 2026 Data Science LevelUp Program (with Agentic AI Interview Prep),Applied Agentic AI for SWEs - 2nd Mid-March 2026,27-Feb-2026,has_paid_in_full,FULL_PAYMENT_PAID,Fully Paid,CLIMBCREDIT,Onboarded,,Safoora
EdgeUp Step Up,159287082005,America/New_York,EdgeUp 2026 Backend StepUp Program (with Agentic AI Interview Prep),Applied Agentic AI for SWEs - 2nd Mid-March 2026,27-Feb-2026,Flexipay_has_time_to_pay,ENROLLED,Flexipay_has_time_to_pay,0_PERCENT_APR_FLEXIPAY,Onboarded,,Disha
AI/DS SwitchUp,190134150804,America/Chicago,AI Data Science SwitchUp Program,AI Data Science SwitchUp - Early-April 2026,27-Feb-2026,Flexipay_has_time_to_pay,ENROLLED,Flexipay Refunded,0_PERCENT_APR_FLEXIPAY,Onboarded,,Sanjana
EdgeUp,201196192135,America/Los_Angeles,EdgeUp 2026 Data Analyst & Business Analyst LevelUp Program (with Agentic AI Interview Prep),Applied Agentic AI for SWEs - Early-March 2026,27-Feb-2026,has_paid_in_full,ENROLLED_WITH_NO_DUES,Fully Paid,CLIMBCREDIT,Onboarded,,Anjali
EdgeUp Step Up,201627965827,America/Chicago,EdgeUp 2026 Engineering Management StepUp Program (with Agentic AI Interview Prep),Applied Agentic AI for EM's - Early-March 2026,27-Feb-2026,has_paid_in_full,ENROLLED_WITH_NO_DUES,Fully Paid,CLIMBCREDIT,Incomplete OB,,Arshia
EdgeUp Step Up,202910729280,America/New_York,EdgeUp 2026 Fullstack StepUp Program (with Agentic AI Interview Prep),Self-Paced Fullstack FastTrack,27-Feb-2026,has_paid_in_full,ENROLLED_WITH_NO_DUES,Fully Paid,ACH_TRANSFER,Onboarded,,Anjali
Advanced ML,204500477291,Europe/Athens,Advanced Machine Learning Program (with Agentic AI),Advanced Machine Learning Program - End-March 2026,27-Feb-2026,Flexipay_has_time_to_pay,ENROLLED,Flexipay_has_time_to_pay,0_PERCENT_APR_FLEXIPAY,Onboarded,,Muskan
EdgeUp,205151917607,America/New_York,EdgeUp 2026 Technical Program Manager LevelUp Program (with Agentic AI Interview Prep),Applied Agentic AI - 2nd Mid-March 2026,27-Feb-2026,has_paid_in_full,FULL_PAYMENT_PAID,Refunded,CLIMBCREDIT,Onboarded,,Ajil
Agentic SkillUp,205173865489,America/Los_Angeles,AI Engineering,Applied Agentic AI for SWEs - 2nd Mid-March 2026,27-Feb-2026,Flexipay_has_time_to_pay,ENROLLED,Flexipay_has_time_to_pay,0_PERCENT_APR_FLEXIPAY,Onboarded,,Anwesh
Level Up,205191154182,America/Los_Angeles,Early Engineering Interview Prep Program,Early Engineering - Mid-March 2026,27-Feb-2026,Flexipay_has_time_to_pay,ENROLLED,Flexipay_has_time_to_pay,0_PERCENT_APR_FLEXIPAY,Onboarded,,Zeeshan
Step Up,205036288774,America/Los_Angeles,Product Management Interview Prep Fast Track Program,Self-Paced Product Management FastTrack,27-Feb-2026,has_paid_in_full,ENROLLED_WITH_NO_DUES,Fully Paid,ACH_TRANSFER,Onboarded,,Anjali
EdgeUp,205334895018,America/Chicago,EdgeUp 2026 Data Analyst & Business Analyst LevelUp Program (with Agentic AI Interview Prep),"Data Analyst & Business Analyst Interview Prep - Mid-March 2026
",27-Feb-2026,has_paid_in_full,ENROLLED_WITH_NO_DUES,Fully Paid,PAYPAL,Onboarded,,Ajil
EdgeUp,205701603842,America/New_York,EdgeUp 2026 Technical Program Manager LevelUp Program (with Agentic AI Interview Prep),TPM Interview Prep - 2nd Mid-March 2026,28-Feb-2026,has_paid_in_full,ENROLLED_WITH_NO_DUES,Dispute Lost,PAYPAL,Onboarded,,Disha
Agentic SkillUp,9552891,America/New_York,Applied Agentic AI Program for EM,Applied Agentic AI for EM's - 2nd Mid-March 2026,28-Feb-2026,has_paid_in_full,ENROLLED_WITH_NO_DUES,Refunded,STRIPE_MANUAL_PAYMENT,Onboarded,,Muskan
EdgeUp Step Up,14238622,America/New_York,EdgeUp 2026 Engineering Management StepUp Program (with Agentic AI Interview Prep),Applied Agentic AI for SWEs - 2nd Mid-March 2026,28-Feb-2026,has_paid_in_full,FULL_PAYMENT_PAID,Fully Paid,STRIPE_MANUAL_PAYMENT,Onboarded,,Anjali
EdgeUp,19804351,America/Los_Angeles,EdgeUp 2026 Frontend LevelUp Program (with Agentic AI Interview Prep),Applied Agentic AI for SWEs - 2nd Mid-March 2026,28-Feb-2026,has_paid_in_full,ENROLLED_WITH_NO_DUES,Fully Paid,STRIPE_CARD,Onboarded,,Anwesh
EdgeUp,30607101,America/New_York,EdgeUp 2026 Technical Program Manager LevelUp Program (with Agentic AI Interview Prep),"
Applied Agentic AI - 2nd Mid-March 2026",28-Feb-2026,has_paid_in_full,FULL_PAYMENT_PAID,Fully Paid,CLIMBCREDIT,Onboarded,,Zeeshan
EdgeUp,125141951,US/Pacific,EdgeUp 2026 Technical Program Manager LevelUp Program (with Agentic AI Interview Prep),Applied Agentic AI - 2nd Mid-March 2026,28-Feb-2026,has_paid_in_full,ENROLLED_WITH_NO_DUES,Fully Paid,PAYPAL,Onboarded,,Sanjana
EdgeUp Step Up,199527704587,America/Los_Angeles,EdgeUp Engineering Management StepUp Program (with Agentic AI),Applied Agentic AI for EM's - Early-March 2026,28-Feb-2026,has_paid_in_full,ENROLLED_WITH_NO_DUES,Fully Paid,ACH_TRANSFER,Onboarded,,Arshia
New ML,200235308615,America/Los_Angeles,Machine Learning Program (with Agentic AI),Machine Learning Program - 2nd End-May 2026,28-Feb-2026,has_paid_in_full,ENROLLED_WITH_NO_DUES,Fully Paid,KLARNA,Onboarded,,Nishtha
Level Up,203084929339,America/Chicago,Technical Program Manager Interview Prep Program,TPM Interview Prep - 2nd Mid-March 2026,28-Feb-2026,has_paid_in_full,ENROLLED_WITH_NO_DUES,Fully Paid,STRIPE_CARD,Onboarded,,Anjali
Agentic SkillUp,14242789,America/New_York,Applied Agentic AI Program for SWEs,Applied Agentic AI for SWEs - 2nd Mid-March 2026,1-Mar-2026,has_paid_in_full,ENROLLED_WITH_NO_DUES,Fully Paid,STRIPE_CARD,Onboarded Via Calendly,,Muskan
EdgeUp Step Up,194150784066,US/Pacific,EdgeUp 2026 Technical Program Manager StepUp Program (with Agentic AI Interview Prep),Applied Agentic AI - Early-April 2026,2-Mar-2026,has_paid_in_full,ENROLLED_WITH_NO_DUES,Fully Paid,ACH_TRANSFER,Onboarded,,Arshia
EdgeUp,201196789559,America/New_York,EdgeUp 2026 Backend LevelUp Program (with Agentic AI Interview Prep),Applied Agentic AI for SWEs - Early-April 2026,2-Mar-2026,has_paid_in_full,ENROLLED_WITH_NO_DUES,Fully Paid,STRIPE_CARD,Onboarded,,Arush
EdgeUp,205510261166,America/Los_Angeles,EdgeUp 2026 Fullstack LevelUp Program (with Agentic AI Interview Prep),Applied Agentic AI for SWEs - 2nd Mid-April 2026,1-Mar-2026,has_paid_in_full,FULL_PAYMENT_PAID,Fully Paid,CLIMBCREDIT,Onboarded,,Pragya
EdgeUp,205627615781,America/New_York,EdgeUp 2026 Technical Program Manager LevelUp Program (with Agentic AI Interview Prep),Applied Agentic AI - 2nd Mid-March 2026,2-Mar-2026,has_paid_in_full,ENROLLED_WITH_NO_DUES,Fully Paid,STRIPE_CARD,Onboarded,,Arush
EdgeUp,206131328018,America/New_York,EdgeUp 2026 Machine Learning LevelUp Program (with Agentic AI Interview Prep),Machine Learning Interview Prep - 2nd Mid-March 2026,1-Mar-2026,has_paid_in_full,FULL_PAYMENT_PAID,Fully Paid,CLIMBCREDIT,Onboarded,,Zeeshan
EdgeUp Step Up,206278667390,America/Los_Angeles,EdgeUp 2026 Backend StepUp Program (with Agentic AI Interview Prep),Applied Agentic AI for SWEs - 2nd Mid-March 2026,2-Mar-2026,has_paid_in_full,FULL_PAYMENT_PAID,Fully Paid,CLIMBCREDIT,Onboarded,,Suraj
Level Up,9306766,America/Los_Angeles,Backend Engineering Interview Prep Program,Backend Interview Prep - End-March 2026,3-Mar-2026,has_paid_in_full,ENROLLED_WITH_NO_DUES,Fully Paid,STRIPE_CARD,Onboarded,,Pragya
Agentic SkillUp,121625301,America/Los_Angeles,Applied Agentic AI Program for SWEs,Applied Agentic AI for SWEs - 2nd End-March 2026,2-Mar-2026,has_paid_in_full,ENROLLED_WITH_NO_DUES,Fully Paid,ACH_TRANSFER,Onboarded,,Sharon
EdgeUp Step Up,181786753,America/Los_Angeles,EdgeUp Backend StepUp Program (with Agentic AI),"Applied Agentic AI for SWEs - Early-July 2026
",3-Mar-2026,has_paid_in_full,ENROLLED_WITH_NO_DUES,Fully Paid,CLIMBCREDIT,Onboarded,,Pragya
Level Up,374527551,America/Los_Angeles,Technical Program Manager Interview Prep Program,TPM Interview Prep - 2nd Mid-March 2026,2-Mar-2026,has_paid_in_full,ENROLLED_WITH_NO_DUES,Fully Paid,STRIPE_CARD,Onboarded,,Pragya
Advanced ML,106167264383,America/Phoenix,Advanced Machine Learning Program (with Agentic AI),Advanced Machine Learning Program - End-March 2026,2-Mar-2026,has_paid_in_full,ENROLLED_WITH_NO_DUES,Fully Paid,STRIPE_CARD,VM - 4 Attempts,,Sanjana
EdgeUp,196251802634,America/New_York,EdgeUp 2026 Technical Program Manager LevelUp Program (with Agentic AI Interview Prep),Applied Agentic AI - 2nd Mid-March 2026,3-Mar-2026,Flexipay_has_time_to_pay,ENROLLED,Flexipay_has_time_to_pay,0_PERCENT_APR_FLEXIPAY,Onboarded,,Arush
EdgeUp Step Up,204879761413,America/Los_Angeles,EdgeUp 2026 Engineering Management StepUp Program (with Agentic AI Interview Prep),EdgeUp StepUp Cohort,2-Mar-2026,has_paid_in_full,ENROLLED_WITH_NO_DUES,Fully Paid,ACH_TRANSFER,Onboarded,,Suraj
EdgeUp Step Up,205216585984,America/Los_Angeles,EdgeUp Backend StepUp Program (with Agentic AI),Applied Agentic AI for SWEs - Early-April 2026,2-Mar-2026,has_paid_in_full,ENROLLED_WITH_NO_DUES,Fully Paid,PAYPAL,Onboarded,,Suraj
Agentic SkillUp,205749753483,America/Chicago,Applied Agentic AI Program for SWEs,Applied Agentic AI for SWEs - 2nd End-March 2026,2-Mar-2026,has_paid_in_full,ENROLLED_WITH_NO_DUES,Fully Paid,PAYPAL,Onboarded,,Muskan
Level Up,9558504,America/Los_Angeles,Data Engineering Interview Prep Program,Data Engineering Interview Prep - 2nd Mid-March 2026,3-Mar-2026,has_paid_in_full,FULL_PAYMENT_PAID,Fully Paid,CLIMBCREDIT,Onboarded,,Pragya
Agentic SkillUp,510881951,America/Chicago,Applied Agentic AI Program for SWEs,Applied Agentic AI for SWEs - 2nd Mid-March 2026,4-Mar-2026,has_paid_in_full,ENROLLED_WITH_NO_DUES,Fully Paid,KLARNA,Onboarded,,Manish
New ML,51762889531,America/New_York,Machine Learning Program (with Agentic AI),Machine Learning Program - Mid-March 2026,3-Mar-2026,Flexipay_has_time_to_pay,ENROLLED,Flexipay_has_time_to_pay,0_PERCENT_APR_FLEXIPAY,Incomplete OB,,Kamal
EdgeUp,198256064850,America/New_York,EdgeUp 2026 Fullstack LevelUp Program (with Agentic AI Interview Prep),"Applied Agentic AI for SWEs - 2nd Mid-March 2026
",4-Mar-2026,has_time_to_pay,ENROLLED,has_time_to_pay,STRIPE_MANUAL_PAYMENT,Onboarded,,Disha
Advanced ML,205044096064,America/New_York,Advanced Machine Learning Program (with Agentic AI),Advanced Machine Learning Program - End-March 2026,4-Mar-2026,has_paid_in_full,ENROLLED_WITH_NO_DUES,Fully Paid,ACH_TRANSFER,Onboarded,,Archi
EdgeUp,205837417605,America/Kentucky/Louisville,EdgeUp 2026 Engineering Manager LevelUp Program (with Agentic AI Interview Prep),Applied Agentic AI for EM's - 2nd Mid-March 2026,4-Mar-2026,has_paid_in_full,ENROLLED_WITH_NO_DUES,Fully Paid,CLIMBCREDIT,Onboarded,,Ajil
Agentic SkillUp,205838129452,America/Chicago,Applied Agentic AI Program for EM,Applied Agentic AI for EM's - 2nd Mid-March 2026,3-Mar-2026,has_paid_in_full,ENROLLED_WITH_NO_DUES,Fully Paid,ACH_TRANSFER,Onboarded,,Muskan
EdgeUp Step Up,205892356156,America/Los_Angeles,EdgeUp 2026 Backend StepUp Program (with Agentic AI Interview Prep),"Self-Paced Backend FastTrack",3-Mar-2026,has_paid_in_full,FULL_PAYMENT_PAID,Fully Paid,STRIPE_CARD,Onboarded,,Pragya
New ML,205999890236,America/Los_Angeles,Machine Learning Program (with Agentic AI),Machine Learning Program - 2nd Mid-April 2026,4-Mar-2026,has_paid_in_full,FULL_PAYMENT_PAID,Fully Paid,CLIMBCREDIT,VM - 4 Attempts,,Nishtha
EdgeUp,206062995716,America/Los_Angeles,EdgeUp 2026 Machine Learning LevelUp Program (with Agentic AI Interview Prep),Machine Learning Interview Prep - 2nd Mid-March 2026,3-Mar-2026,has_paid_in_full,ENROLLED_WITH_NO_DUES,Fully Paid,STRIPE_CARD,Onboarded,,Suraj
EdgeUp,206839077520,America/Denver,EdgeUp 2026 AWS Cloud Solutions Architect LevelUp Program (with Agentic AI Interview Prep),Cloud Interview Prep - Early-April 2026,4-Mar-2026,has_paid_in_full,ENROLLED_WITH_NO_DUES,Fully Paid,CLIMBCREDIT,Onboarded,,Sharon
Step Up,206861439851,America/Chicago,Backend Interview Prep Fast Track Program,Self-Paced Backend FastTrack,4-Mar-2026,has_paid_in_full,ENROLLED_WITH_NO_DUES,Fully Paid,STRIPE_CARD,Onboarded,,Disha
Advanced ML,40415451,US/Pacific,Advanced Machine Learning Program (with Agentic AI),Advanced Machine Learning Program - End-May 2026,5-Mar-2026,has_paid_in_full,ENROLLED_WITH_NO_DUES,Fully Paid,STRIPE_MANUAL_PAYMENT,Onboarded,,Anwesh
EdgeUp Step Up,123714551,America/New_York,EdgeUp 2026 Backend StepUp Program (with Agentic AI Interview Prep),Applied Agentic AI for SWEs - 2nd Mid-March 2026,4-Mar-2026,has_paid_in_full,ENROLLED_WITH_NO_DUES,Fully Paid,STRIPE_CARD,Onboarded,,Ajil
EdgeUp,357219513,America/Los_Angeles,EdgeUp Product Manager (Tech) LevelUp Program (with Agentic AI),Product Management Interview Prep - Mid-March 2026,4-Mar-2026,has_paid_in_full,ENROLLED_WITH_NO_DUES,Fully Paid,STRIPE_CARD,Onboarded,,Sharon
EdgeUp Step Up,247297151,America/New_York,EdgeUp 2026 Product Manager (Tech) StepUp Program (with Agentic AI Interview Prep),"Applied Agentic AI - 2nd Mid-March 2026",5-Mar-2026,has_paid_in_full,FULL_PAYMENT_PAID,Fully Paid,CLIMBCREDIT,Onboarded,,Ajil
Paid Upgrade,206780689519,America/Los_Angeles,Career Skills Program,Career Skills Pathway - Early-April 2026,4-Mar-2026,has_paid_in_full,ENROLLED_WITH_NO_DUES,Fully Paid,ACH_TRANSFER,Onboarded,,Arshia
Step Up,206874161722,America/New_York,Product Management Interview Prep Fast Track Program,Self-Paced Product Management FastTrack,4-Mar-2026,has_paid_in_full,ENROLLED_WITH_NO_DUES,Fully Paid,PAYPAL,Onboarded,,Zeeshan
EdgeUp Step Up,204634214220,America/New_York,EdgeUp 2026 Engineering Management StepUp Program (with Agentic AI Interview Prep),Applied Agentic AI for EM's - Early-April 2026,3-Mar-2026,has_paid_in_full,ENROLLED_WITH_NO_DUES,Fully Paid,ACH_TRANSFER,Onboarded,,Arshia
New ML,227601801,America/Chicago,Machine Learning Program (with Agentic AI),Machine Learning Program - 2nd Mid-April 2026,6-Mar-2026,has_paid_in_full,ENROLLED_WITH_NO_DUES,Fully Paid,	CLIMBCREDIT,Onboarded,,Safoora
EdgeUp,184608810126,-,EdgeUp 2026 Technical Program Manager LevelUp Program (with Agentic AI Interview Prep),Applied Agentic AI - 2nd Mid-March 2026,6-Mar-2026,has_paid_in_full,ENROLLED_WITH_NO_DUES,Fully Paid,	CLIMBCREDIT,Onboarded,,Sanjana
New ML,9546927,America/New_York,Machine Learning Program (with Agentic AI),Machine Learning Program - 2nd End-May 2026,6-Mar-2026,has_paid_in_full,ENROLLED_WITH_NO_DUES,Refunded,CLIMBCREDIT,VM - 4 Attempts,,Archi
Agentic SkillUp,218584301,America/Los_Angeles,Applied Agentic AI Program for SWEs,Applied Agentic AI for SWEs - 2nd Mid-March 2026,6-Mar-2026,has_time_to_pay,ENROLLED,has_time_to_pay,STRIPE_MANUAL_PAYMENT,Onboarded,,Sanjana
EdgeUp Step Up,119931363088,America/Los_Angeles,EdgeUp 2026 Machine Learning StepUp Program (with Agentic AI Interview Prep),Applied Agentic AI for SWEs - 2nd Mid-March 2026,6-Mar-2026,has_paid_in_full,ENROLLED_WITH_NO_DUES,Fully Paid,STRIPE_CARD,Onboarded,,Arshia
New ML,203384421729,America/New_York,Machine Learning Program (with Agentic AI),Machine Learning Program - Mid-March 2026,6-Mar-2026,has_paid_in_full,ENROLLED_WITH_NO_DUES,Fully Paid,STRIPE_CARD,Onboarded,,Kamal
EdgeUp,206000203929,America/Los_Angeles,EdgeUp 2026 Product Manager (Tech) LevelUp Program (with Agentic AI Interview Prep),Product Management Interview Prep - 2nd Mid-April 2026,6-Mar-2026,Flexipay_has_time_to_pay,DEPOSIT_PAID,Flexipay_has_time_to_pay,0_PERCENT_APR_FLEXIPAY,Onboarded,,Arshia
AI/DS SwitchUp,207433305649,America/Los_Angeles,AI Data Science SwitchUp Program,AI Data Science SwitchUp - Early-April 2026,6-Mar-2026,has_paid_in_full,ENROLLED_WITH_NO_DUES,Fully Paid,STRIPE_CARD,Onboarded,,Safoora
EdgeUp Step Up,155490941955,America/New_York,EdgeUp 2026 Engineering Management StepUp Program (with Agentic AI Interview Prep),,7-Mar-2026,has_paid_in_full,FULL_PAYMENT_PAID,Fully Paid,CLIMBCREDIT,Onboarded,,Anjali
DL & Gen AI Specialisation,206985746435,America/Los_Angeles,Advanced Deep Learning & Generative AI Specialisation Program,Advanced Machine Learning Program - End-March 2026,6-Mar-2026,has_time_to_pay,ENROLLED,has_time_to_pay,STRIPE_CARD,Onboarded,,Safoora
Advanced ML,207571090965,America/Los_Angeles,Advanced Machine Learning Program (with Agentic AI),Advanced Machine Learning Program - End-March 2026,7-Mar-2026,has_paid_in_full,ENROLLED_WITH_NO_DUES,Fully Paid,CLIMBCREDIT,Incomplete OB,,Manish
EdgeUp Step Up,9627715,America/Chicago,EdgeUp 2026 Backend StepUp Program (with Agentic AI Interview Prep),Applied Agentic AI for SWEs - 2nd End-March 2026,8-Mar-2026,has_paid_in_full,FULL_PAYMENT_PAID,Fully Paid,CLIMBCREDIT,Incomplete OB,,Anjali
Step Up,205381705238,America/Los_Angeles,Site Reliability Engineering Interview Prep Fast Track Program,"Self-Paced SRE FastTrack
",8-Mar-2026,has_paid_in_full,ENROLLED_WITH_NO_DUES,Fully Paid,CLIMBCREDIT,Onboarded,,Arshia
EdgeUp,581168051,America/New_York,EdgeUp 2026 Data Engineering LevelUp Program (with Agentic AI Interview Prep),Data Engineering Interview Prep - End-April 2026,8-Mar-2026,has_time_to_pay,DEPOSIT_PAID,Fully Paid,ACH_TRANSFER,Onboarded,,Arush
EdgeUp Step Up,206518159704,America/Chicago,EdgeUp Technical Program Manager StepUp Program (with Agentic AI),Applied Agentic AI - 2nd Mid-March 2026,9-Mar-2026,has_paid_in_full,ENROLLED_WITH_NO_DUES,Fully Paid,PAYPAL,Onboarded,,Arshia
New ML,207754697044,America/Chicago,Machine Learning Program (with Agentic AI),Machine Learning Program - 2nd Mid-April 2026,9-Mar-2026,Flexipay_has_time_to_pay,ENROLLED,Flexipay_has_time_to_pay,0_PERCENT_APR_FLEXIPAY,Onboarded,,Muskan
Step Up,207776510064,America/Denver,Product Management Interview Prep Fast Track Program,Self-Paced Product Management FastTrack,8-Mar-2026,has_paid_in_full,ENROLLED_WITH_NO_DUES,Refunded,PAYPAL,Onboarded,,Pragya
EdgeUp Step Up,9599059,America/New_York,EdgeUp 2026 Backend StepUp Program (with Agentic AI Interview Prep),Applied Agentic AI for SWEs - 2nd End-March 2026,9-Mar-2026,has_paid_in_full,FULL_PAYMENT_PAID,Refunded,CLIMBCREDIT,Incomplete OB,,Anjali
EdgeUp,78676201,America/New_York,EdgeUp 2026 Machine Learning LevelUp Program (with Agentic AI Interview Prep),Applied Agentic AI for SWEs - 2nd End-March 2026,10-Mar-2026,has_paid_in_full,ENROLLED_WITH_NO_DUES,Fully Paid,ACH_TRANSFER,Onboarded,,Arush
EdgeUp Step Up,498279601,America/Los_Angeles,EdgeUp 2026 AWS Cloud Solutions Architect StepUp Program (with Agentic AI Interview Prep),Applied Agentic AI - 2nd Mid-March 2026,9-Mar-2026,has_paid_in_full,FULL_PAYMENT_PAID,Fully Paid,CLIMBCREDIT,Onboarded,,Pragya
EdgeUp,545115901,America/Chicago,EdgeUp 2026 Engineering Manager LevelUp Program (with Agentic AI Interview Prep),Engineering Management Interview Prep - 2nd Mid-March 2026,10-Mar-2026,has_paid_in_full,ENROLLED_WITH_NO_DUES,Fully Paid,STRIPE_CARD,Onboarded,,Muskan
Step Up,88815821936,America/New_York,Technical Program Manager Interview Prep Fast Track Program,Self-Paced TPM FastTrack,9-Mar-2026,has_paid_in_full,ENROLLED_WITH_NO_DUES,Fully Paid,STRIPE_CARD,Onboarded,,Ajil
EdgeUp Step Up,113130756200,America/New_York,EdgeUp 2026 Fullstack StepUp Program (with Agentic AI Interview Prep),Applied Agentic AI for SWEs - 2nd End-March 2026,10-Mar-2026,has_paid_in_full,ENROLLED_WITH_NO_DUES,Fully Paid,ACH_TRANSFER,Onboarded,,Anjali
Level Up,123085020821,America/Los_Angeles,Fullstack Engineering Interview Prep Program,Fullstack Interview Prep - 2nd Mid-March 2026,9-Mar-2026,has_paid_in_full,ENROLLED_WITH_NO_DUES,Fully Paid,STRIPE_CARD,Onboarded,,Suraj
EdgeUp,180337827714,America/New_York,EdgeUp 2026 Fullstack LevelUp Program (with Agentic AI Interview Prep),Fullstack Interview Prep - 2nd Mid-March 2026,9-Mar-2026,Flexipay_has_time_to_pay,ENROLLED,Flexipay_has_time_to_pay,0_PERCENT_APR_FLEXIPAY,Onboarded,,Kamal
New ML,206038181803,America/New_York,Machine Learning Program (with Agentic AI),Machine Learning Program - 2nd End-May 2026,10-Mar-2026,has_paid_in_full,ENROLLED_WITH_NO_DUES,Fully Paid,STRIPE_CARD,Onboarded,,Kamal
EdgeUp Step Up,206240673608,America/Los_Angeles,EdgeUp 2026 Technical Program Manager StepUp Program (with Agentic AI Interview Prep),Self-Paced TPM FastTrack,10-Mar-2026,has_paid_in_full,ENROLLED_WITH_NO_DUES,Fully Paid,CLIMBCREDIT,Onboarded,,Pragya
New ML,206635618718,America/Los_Angeles,Machine Learning Program (with Agentic AI),Machine Learning Program - 2nd End-May 2026,10-Mar-2026,has_paid_in_full,ENROLLED_WITH_NO_DUES,Fully Paid,CLIMBCREDIT,VM - 4 Attempts,,Nishtha
Step Up,206782240895,America/Los_Angeles,Data Analyst & Business Analyst Interview Prep Fast Track Program,Self-Paced Data Analyst & Business Analyst FastTrack,10-Mar-2026,has_paid_in_full,ENROLLED_WITH_NO_DUES,Fully Paid,CLIMBCREDIT,Onboarded,,Suraj
EdgeUp,207202896910,America/Chicago,EdgeUp 2026 Technical Program Manager LevelUp Program (with Agentic AI Interview Prep),Applied Agentic AI - Early-April 2026,9-Mar-2026,Flexipay_has_time_to_pay,ENROLLED,Flexipay Refunded,0_PERCENT_APR_FLEXIPAY,Onboarded,,Manish
EdgeUp,207218419069,America/New_York,EdgeUp 2026 Technical Program Manager LevelUp Program (with Agentic AI Interview Prep),TPM Interview Prep - 2nd Mid-March 2026,9-Mar-2026,has_paid_in_full,ENROLLED_WITH_NO_DUES,Fully Paid,CLIMBCREDIT,Incomplete OB,,Kamal
New ML,207731371567,America/New_York,Machine Learning Program (with Agentic AI),Machine Learning Program - 2nd Mid-April 2026,9-Mar-2026,has_paid_in_full,ENROLLED_WITH_NO_DUES,Fully Paid,CLIMBCREDIT,Onboarded,,Manish
EdgeUp Step Up,208051310135,America/New_York,EdgeUp 2026 Backend StepUp Program (with Agentic AI Interview Prep),Applied Agentic AI for SWEs - 2nd End-March 2026,9-Mar-2026,has_paid_in_full,ENROLLED_WITH_NO_DUES,Fully Paid,STRIPE_CARD,Onboarded,,Ajil
Level Up,208083750008,America/New_York,Engineering Manager Interview Prep Program,Engineering Management Interview Prep - 2nd Mid-March 2026,10-Mar-2026,has_paid_in_full,ENROLLED_WITH_NO_DUES,Fully Paid,PAYPAL,Onboarded,,Anjali
New ML,9275568,America/Los_Angeles,Machine Learning Program (with Agentic AI),Machine Learning Program - 2nd End-May 2026,10-Mar-2026,has_paid_in_full,ENROLLED_WITH_NO_DUES,Fully Paid,STRIPE_CARD,Onboarded,,Sharon
EdgeUp,9551299,America/Los_Angeles,EdgeUp 2026 Backend LevelUp Program (with Agentic AI Interview Prep),Applied Agentic AI for SWEs - 2nd Mid-April 2026,10-Mar-2026,has_paid_in_full,ENROLLED_WITH_NO_DUES,Fully Paid,STRIPE_CARD,Onboarded,,Pragya
Level Up,176505851,America/Los_Angeles,Technical Program Manager Interview Prep Program,TPM Interview Prep - Early-April 2026,10-Mar-2026,has_paid_in_full,ENROLLED_WITH_NO_DUES,Fully Paid,STRIPE_CARD,Onboarded,,Suraj
Agentic SkillUp,312801901,America/Los_Angeles,Applied Agentic AI Program for PM/TPM,,10-Mar-2026,has_paid_in_full,FULL_PAYMENT_PAID,Fully Paid,STRIPE_CARD,VM - 4 Attempts,,Sharon
Agentic SkillUp,8906777738,America/Chicago,Applied Agentic AI Program for SWEs,Applied Agentic AI for SWEs - 2nd Mid-March 2026,10-Mar-2026,has_paid_in_full,ENROLLED_WITH_NO_DUES,Fully Paid,PAYPAL,Onboarded,,Archi
Agentic SkillUp,14237763,America/Los_Angeles,Applied Agentic AI Program for SWEs,Applied Agentic AI for SWEs - 2nd End-March 2026,10-Mar-2026,has_paid_in_full,ENROLLED_WITH_NO_DUES,Fully Paid,ACH_TRANSFER,Onboarded,,Nishtha
Step Up,204410039062,America/Chicago,Product Management Interview Prep Fast Track Program,"Self-Paced Product Management FastTrack",11-Mar-2026,has_paid_in_full,FULL_PAYMENT_PAID,has_time_to_pay,STRIPE_CARD,Onboarded,,Ajil
New ML,205707195303,America/Chicago,Machine Learning Program (with Agentic AI),Machine Learning Program - 2nd Mid-April 2026,10-Mar-2026,has_paid_in_full,FULL_PAYMENT_PAID,Fully Paid,CLIMBCREDIT,Onboarded,,Archi
EdgeUp Step Up,207907889763,America/Los_Angeles,EdgeUp 2026 Fullstack StepUp Program (with Agentic AI Interview Prep),"
Applied Agentic AI for SWEs - 2nd End-March 2026",11-Mar-2026,has_paid_in_full,FULL_PAYMENT_PAID,Fully Paid,CLIMBCREDIT,Onboarded,,Pragya
New ML,207956246193,America/New_York,Machine Learning Program (with Agentic AI),Machine Learning Program - 2nd Mid-April 2026,11-Mar-2026,has_paid_in_full,FULL_PAYMENT_PAID,Fully Paid,CLIMBCREDIT,Onboarded,,Kamal
EdgeUp,208273111327,America/New_York,EdgeUp 2026 Backend LevelUp Program (with Agentic AI Interview Prep),"Backend Interview Prep - End-March 2026
",10-Mar-2026,has_paid_in_full,ENROLLED_WITH_NO_DUES,Fully Paid,CLIMBCREDIT,Onboarded,,Disha
Level Up,208314628217,America/Los_Angeles,Test Engineering (W/o System Design) Interview Prep Program,Test Engineering DSA Interview Prep - Early-April 2026,11-Mar-2026,has_paid_in_full,FULL_PAYMENT_PAID,Refunded,CLIMBCREDIT,Onboarded,,Suraj
EdgeUp,9285646,America/Los_Angeles,EdgeUp 2026 Engineering Manager LevelUp Program (with Agentic AI Interview Prep),Engineering Management Interview Prep - 2nd Mid-March 2026,11-Mar-2026,has_paid_in_full,ENROLLED_WITH_NO_DUES,Refunded,STRIPE_CARD,Onboarded,,Safoora
Step Up,521338351,America/New_York,Machine Learning Interview Prep Fast Track Program,"Self-Paced Machine Learning FastTrack
",11-Mar-2026,has_paid_in_full,ENROLLED_WITH_NO_DUES,Fully Paid,STRIPE_CARD,Onboarded,,Disha
EdgeUp Step Up,54580542514,America/New_York,EdgeUp 2026 Technical Program Manager StepUp Program (with Agentic AI Interview Prep),"Applied Agentic AI - 2nd Mid-March 2026
",11-Mar-2026,has_paid_in_full,ENROLLED_WITH_NO_DUES,Fully Paid,PAYPAL,Onboarded,,Disha
EdgeUp Step Up,102178062992,America/New_York,EdgeUp 2026 Fullstack StepUp Program (with Agentic AI Interview Prep),Applied Agentic AI for SWEs - Early-April 2026,12-Mar-2026,has_dropped_out,DEPOSIT_PAID,has_time_to_pay,,Onboarded,,Zeeshan
EdgeUp,145526974557,America/Los_Angeles,EdgeUp 2026 Fullstack LevelUp Program (with Agentic AI Interview Prep),Applied Agentic AI for SWEs - 2nd Mid-March 2026,11-Mar-2026,has_paid_in_full,FULL_PAYMENT_PAID,Fully Paid,CLIMBCREDIT,Onboarded,,Anwesh
EdgeUp,155643541164,America/New_York,EdgeUp 2026 Technical Program Manager LevelUp Program (with Agentic AI Interview Prep),Applied Agentic AI - Early-April 2026,11-Mar-2026,Flexipay_has_time_to_pay,ENROLLED,Flexipay_has_time_to_pay,0_PERCENT_APR_FLEXIPAY,Onboarded,,Ajil
AI/DS SwitchUp,204756566335,America/Chicago,AI Data Science SwitchUp Program (w/o Interview Prep),AI Data Science SwitchUp - Early-April 2026,12-Mar-2026,has_paid_in_full,ENROLLED_WITH_NO_DUES,Fully Paid,STRIPE_CARD,Onboarded,,Archi
Step Up,205367050071,America/Los_Angeles,Site Reliability Engineering Interview Prep Fast Track Program,"Self-Paced SRE FastTrack",10-Mar-2026,has_dropped_out,DEPOSIT_PAID,has_time_to_pay,,Onboarded,,Suraj
New ML,206692421810,America/Chicago,Machine Learning Program (with Agentic AI),Machine Learning Program - 2nd Mid-April 2026,11-Mar-2026,has_paid_in_full,ENROLLED_WITH_NO_DUES,Fully Paid,PAYPAL,Onboarded,,Archi
New ML,207086901337,America/Detroit,Machine Learning Program (with Agentic AI),No Cohort,12-Mar-2026,has_dropped_out,DEPOSIT_PAID,Potential Drop,STRIPE_MANUAL_PAYMENT,Incomplete OB,,Kamal
EdgeUp,207570576516,America/New_York,EdgeUp 2026 Fullstack LevelUp Program (with Agentic AI Interview Prep),"Applied Agentic AI for SWEs - Early-April 2026
",11-Mar-2026,has_paid_in_full,ENROLLED_WITH_NO_DUES,Fully Paid,,Onboarded,,Zeeshan
Level Up,207786796887,America/Chicago,Frontend Engineering Interview Prep Program,Frontend Interview Prep - End-March 2026,11-Mar-2026,has_paid_in_full,FULL_PAYMENT_PAID,Fully Paid,CLIMBCREDIT,Onboarded,,Ajil
EdgeUp,207884966984,America/Los_Angeles,EdgeUp 2026 Data Engineering LevelUp Program (with Agentic AI Interview Prep),Data Engineering Interview Prep - End-March 2026,11-Mar-2026,has_paid_in_full,FULL_PAYMENT_PAID,Fully Paid,CLIMBCREDIT,VM - 4 Attempts,,Arshia
Agentic SkillUp,207942287283,America/New_York,Applied Agentic AI Program,Applied Agentic AI - 2nd Mid-March 2026,11-Mar-2026,has_paid_in_full,ENROLLED_WITH_NO_DUES,Refunded,STRIPE_MANUAL_PAYMENT,Onboarded,,Manish
EdgeUp,208375247491,America/Los_Angeles,EdgeUp 2026 Technical Program Manager LevelUp Program (with Agentic AI Interview Prep),Applied Agentic AI - 2nd Mid-March 2026,11-Mar-2026,Flexipay_has_time_to_pay,ENROLLED,Flexipay_has_time_to_pay,0_PERCENT_APR_FLEXIPAY,Onboarded,,Sharon
Agentic SkillUp,9557101,America/Chicago,Applied Agentic AI Program for SWEs,Applied Agentic AI for SWEs - 2nd End-March 2026,11-Mar-2026,has_dropped_out,DEPOSIT_PAID,has_time_to_pay,STRIPE_MANUAL_PAYMENT,Onboarded,,Kamal
Paid Upgrade,9275568,America/Los_Angeles,Engineering Management Interview Preparation Pathway,Engineering Management Interview Prep Pathway - Mid-April 2026,10-Mar-2026,has_paid_in_full,ENROLLED_WITH_NO_DUES,Fully Paid,STRIPE_CARD,Onboarded,,Sharon
EdgeUp,580396751,America/Los_Angeles,EdgeUp 2026 Backend LevelUp Program (with Agentic AI Interview Prep),Backend Interview Prep - End-March 2026,12-Mar-2026,has_paid_in_full,ENROLLED_WITH_NO_DUES,Refunded,ACH_TRANSFER,Onboarded,,Arshia
New ML,86470694663,America/New_York,Machine Learning Program (with Agentic AI),Machine Learning Program - 2nd End-May 2026,12-Mar-2026,Flexipay_has_time_to_pay,ENROLLED,Flexipay_has_time_to_pay,0_PERCENT_APR_FLEXIPAY,Onboarded,,Manish
Paid Upgrade,178989236823,America/New_York,Systems Design Interview Preparation Pathway,Systems Design Pathway - 2nd Mid-March 2026,12-Mar-2026,has_paid_in_full,ENROLLED_WITH_NO_DUES,Fully Paid,CLIMBCREDIT,Onboarded,,Zeeshan
Advanced ML,138319869977,,Advanced Machine Learning Program (with Agentic AI),Advanced Machine Learning Program - End-May 2026,12-Mar-2026,Flexipay_has_time_to_pay,ENROLLED,Flexipay_has_time_to_pay,0_PERCENT_APR_FLEXIPAY,Onboarded,,Anwesh
EdgeUp Step Up,162498623598,America/Los_Angeles,EdgeUp 2026 Engineering Management StepUp Program (with Agentic AI Interview Prep),Applied Agentic AI for EM's - 2nd Mid-March 2026,13-Mar-2026,has_paid_in_full,ENROLLED_WITH_NO_DUES,Fully Paid,STRIPE_CARD,Onboarded,,Manish
New ML,34742946,America/New_York,Machine Learning Program (with Agentic AI),Machine Learning Program - 2nd Mid-April 2026,12-Mar-2026,Flexipay_has_time_to_pay,ENROLLED,Flexipay_has_time_to_pay,0_PERCENT_APR_FLEXIPAY,Onboarded,,Archi
Agentic SkillUp,59607751,America/Phoenix,Applied Agentic AI Program,Applied Agentic AI - Early-April 2026,12-Mar-2026,has_paid_in_full,ENROLLED_WITH_NO_DUES,Fully Paid,STRIPE_CARD,Onboarded,,Anwesh
Step Up,97078518697,America/Los_Angeles,Data Analyst & Business Analyst Interview Prep Fast Track Program,Self-Paced Data Analyst & Business Analyst FastTrack,12-Mar-2026,has_paid_in_full,ENROLLED_WITH_NO_DUES,Fully Paid,STRIPE_CARD,Onboarded,,Arshia
New ML,202956845896,America/Los_Angeles,Machine Learning Program (with Agentic AI),Machine Learning Program - 2nd Mid-April 2026,12-Mar-2026,has_paid_in_full,FULL_PAYMENT_PAID,Fully Paid,CLIMBCREDIT,Onboarded Via Calendly,,Anwesh
EdgeUp,208172023723,America/Chicago,EdgeUp 2026 Backend LevelUp Program (with Agentic AI Interview Prep),Applied Agentic AI for SWEs - 2nd End-March 2026,12-Mar-2026,has_paid_in_full,FULL_PAYMENT_PAID,Refunded,CLIMBCREDIT,Incomplete OB,,Anwesh
Step Up,208633866870,Asia/Tokyo,Product Management Interview Prep Fast Track Program,Self-Paced Product Management FastTrack,12-Mar-2026,has_paid_in_full,ENROLLED_WITH_NO_DUES,Fully Paid,ACH_TRANSFER,Incomplete OB,,Arshia
EdgeUp,257127951,America/Chicago,EdgeUp 2026 Backend LevelUp Program (with Agentic AI Interview Prep),Applied Agentic AI for SWEs - 2nd End-March 2026,13-Mar-2026,has_paid_in_full,FULL_PAYMENT_PAID,Fully Paid,CLIMBCREDIT,Onboarded,,Arush
EdgeUp Step Up,274554401,America/Los_Angeles,EdgeUp 2026 Engineering Management StepUp Program (with Agentic AI Interview Prep),Applied Agentic AI for EM's - 2nd Mid-March 2026,13-Mar-2026,has_paid_in_full,ENROLLED_WITH_NO_DUES,Fully Paid,PAYPAL,Onboarded,,Sanjana
Agentic SkillUp,20296958472,America/Los_Angeles,Applied Agentic AI Program for SWEs,Applied Agentic AI for SWEs - 2nd End-March 2026,13-Mar-2026,has_paid_in_full,ENROLLED_WITH_NO_DUES,Fully Paid,KLARNA,Onboarded,,Safoora
Level Up,84354660614,America/Los_Angeles,Data Science Interview Prep Program,Data Science Interview Prep - End-March 2026,13-Mar-2026,Flexipay_has_time_to_pay,ENROLLED,Flexipay_has_time_to_pay,0_PERCENT_APR_FLEXIPAY,Callback Requested,,SSA-1
EdgeUp,134478753932,America/New_York,EdgeUp 2026 Technical Program Manager LevelUp Program (with Agentic AI Interview Prep),"
Applied Agentic AI - Early-April 2026",13-Mar-2026,has_paid_in_full,FULL_PAYMENT_PAID,Fully Paid,CLIMBCREDIT,Onboarded,,Zeeshan
Paid Upgrade,134478753932,America/New_York,Fullstack Interview Preparation Pathway,Fullstack Interview Prep Pathway - End-March 2026,13-Mar-2026,has_paid_in_full,ENROLLED_WITH_NO_DUES,Fully Paid,STRIPE_CARD,Onboarded,,Zeeshan
EdgeUp Step Up,151639348400,America/Chicago,EdgeUp 2026 Technical Program Manager StepUp Program (with Agentic AI Interview Prep),Applied Agentic AI - Early-April 2026,13-Mar-2026,has_paid_in_full,ENROLLED_WITH_NO_DUES,Fully Paid,STRIPE_CARD,Onboarded,,Archi
Level Up,182305236519,America/Los_Angeles,Test Engineering (W/o System Design) Interview Prep Program,Test Engineering DSA Interview Prep - Early-April 2026,13-Mar-2026,has_paid_in_full,FULL_PAYMENT_PAID,Refunded,CLIMBCREDIT,Onboarded,,Arshia
EdgeUp Step Up,192477672571,America/Los_Angeles,EdgeUp Engineering Management StepUp Program (with Agentic AI),Applied Agentic AI for EM's - Eraly-April 2026,13-Mar-2026,has_paid_in_full,ENROLLED_WITH_NO_DUES,Fully Paid,PAYPAL,Onboarded,,Sanjana
Advanced ML,195262267437,America/Phoenix,Advanced Machine Learning Program (with Agentic AI),Advanced Machine Learning Program - 2nd End-March 2026,13-Mar-2026,Flexipay_has_time_to_pay,DEPOSIT_PAID,Flexipay_has_time_to_pay,0_PERCENT_APR_FLEXIPAY,Onboarded,,Sanjana
Step Up,206460654710,America/Los_Angeles,Technical Program Manager Interview Prep Fast Track Program,"Self-Paced TPM FastTrack
",13-Mar-2026,Flexipay_has_time_to_pay,ENROLLED,Flexipay_has_time_to_pay,0_PERCENT_APR_FLEXIPAY,Onboarded,,Disha
New ML,207297214741,America/Chicago,Machine Learning Program (with Agentic AI),Machine Learning Program - 2nd Mid-April 2026,13-Mar-2026,has_paid_in_full,FULL_PAYMENT_PAID,Fully Paid,CLIMBCREDIT,Onboarded,,Anwesh
EdgeUp,128578501,America/Chicago,EdgeUp 2026 Technical Program Manager LevelUp Program (with Agentic AI Interview Prep),Applied Agentic AI - Early-June 2026,13-Mar-2026,has_paid_in_full,ENROLLED_WITH_NO_DUES,Fully Paid,STRIPE_CARD,Onboarded,,Arush
Agentic SkillUp,208185140895,America/New_York,Applied Agentic AI Program for SWEs,Applied Agentic AI - 2nd Mid-March 2026,13-Mar-2026,has_paid_in_full,ENROLLED_WITH_NO_DUES,Fully Paid,CLIMBCREDIT,Onboarded,,Arush
EdgeUp Step Up,208512139847,America/Chicago,EdgeUp 2026 Engineering Management StepUp Program (with Agentic AI Interview Prep),Applied Agentic AI for EM's - 2nd Mid-March 2026,13-Mar-2026,has_paid_in_full,ENROLLED_WITH_NO_DUES,Fully Paid,PAYPAL,Onboarded,,Safoora
Fast Track Adv.ML,208807319427,America/Los_Angeles,Fast Track Advanced Machine Learning Program,Advanced Machine Learning Program - 2nd End-March 2026,13-Mar-2026,has_paid_in_full,ENROLLED_WITH_NO_DUES,Fully Paid,STRIPE_CARD,Onboarded,,Safoora
New ML,208822236462,America/Los_Angeles,Machine Learning Program (with Agentic AI),Machine Learning Program - 2nd Mid-April 2026,13-Mar-2026,has_paid_in_full,FULL_PAYMENT_PAID,Fully Paid,CLIMBCREDIT,Onboarded,,Sanjana
EdgeUp Step Up,208850816377,America/Los_Angeles,EdgeUp 2026 Backend StepUp Program (with Agentic AI Interview Prep),Applied Agentic AI for SWEs - 2nd End-March 2026,13-Mar-2026,has_paid_in_full,ENROLLED_WITH_NO_DUES,Fully Paid,STRIPE_CARD,Onboarded,,Anwesh
New ML,208853162604,America/Phoenix,Machine Learning Program (with Agentic AI),Machine Learning Program - 2nd End-May 2026,13-Mar-2026,has_paid_in_full,ENROLLED_WITH_NO_DUES,Fully Paid,STRIPE_CARD,Onboarded,,Kamal
New ML,49987910190,America/Los_Angeles,Machine Learning Program (with Agentic AI),Machine Learning Program - 2nd Mid-April 2026,13-Mar-2026,Flexipay_has_time_to_pay,ENROLLED,Flexipay_has_time_to_pay,0_PERCENT_APR_FLEXIPAY,Onboarded,,Sanjana
Step Up,25870551,America/Los_Angeles,Backend Interview Prep Fast Track Program,Self-Paced Backend FastTrack,15-Mar-2026,Flexipay_has_time_to_pay,ENROLLED,Fully Paid,0_PERCENT_APR_FLEXIPAY,Onboarded,,Suraj
Step Up,57404151,America/Los_Angeles,iOS Interview Prep Fast Track Program,iOS Fast Track Masterclass,15-Mar-2026,has_paid_in_full,ENROLLED_WITH_NO_DUES,Fully Paid,STRIPE_CARD,Onboarded,,Arshia
Agentic SkillUp,314181701,America/New_York,Applied Agentic AI Program for EM,Applied Agentic AI for EM's - 2nd Mid-April 2026,14-Mar-2026,has_paid_in_full,ENROLLED_WITH_NO_DUES,Fully Paid,ACH_TRANSFER,Onboarded,,Muskan
EdgeUp Step Up,9599166,America/New_York,EdgeUp Technical Program Manager StepUp Program (with Agentic AI),"""Applied Agentic AI - Early-April 2026
""",16-Mar-2026,has_paid_in_full,FULL_PAYMENT_PAID,Fully Paid,CLIMBCREDIT,Onboarded,,Zeeshan
Agentic SkillUp,21970751,America/Los_Angeles,Applied Agentic AI Program for SWEs,Applied Agentic AI for SWEs - 2nd End-March 2026,16-Mar-2026,has_paid_in_full,FULL_PAYMENT_PAID,Fully Paid,CLIMBCREDIT,Onboarded,,Sharon
Advanced ML,26686551,America/Chicago,Advanced Machine Learning Program (with Agentic AI),Advanced Machine Learning Program - 2nd End-March 2026,15-Mar-2026,has_paid_in_full,ENROLLED_WITH_NO_DUES,Fully Paid,CLIMBCREDIT,Onboarded,,Muskan
Advanced ML,290351201,America/New_York,Advanced Machine Learning Program (with Agentic AI),Advanced Machine Learning Program - 2nd End-March 2026,15-Mar-2026,has_paid_in_full,ENROLLED_WITH_NO_DUES,Fully Paid,ACH_TRANSFER,Onboarded Via Calendly,,Arush
Step Up,482965701,EST,Fullstack Interview Prep Fast Track Program,"Self-Paced Fullstack FastTrack
",15-Mar-2026,has_paid_in_full,FULL_PAYMENT_PAID,Fully Paid,CLIMBCREDIT,Onboarded,,Anjali
EdgeUp,87722640194,America/Los_Angeles,EdgeUp 2026 Engineering Manager LevelUp Program (with Agentic AI Interview Prep),Engineering Management Interview Prep - End-March 2026,15-Mar-2026,has_time_to_pay,ENROLLED,Fully Paid,CLIMBCREDIT,Onboarded,,Arshia
New ML,127076101657,America/Los_Angeles,Machine Learning Program (with Agentic AI),Machine Learning Program - 2nd Mid-April 2026,15-Mar-2026,has_paid_in_full,ENROLLED_WITH_NO_DUES,Fully Paid,STRIPE_CARD,Onboarded,,Sharon
New ML,134093787572,America/Los_Angeles,Machine Learning Program (with Agentic AI),Machine Learning Program - 2nd End-May 2026,15-Mar-2026,has_paid_in_full,ENROLLED_WITH_NO_DUES,Fully Paid,STRIPE_CARD,Onboarded,,Nishtha
EdgeUp Step Up,155300517966,America/Chicago,EdgeUp Engineering Management StepUp Program (with Agentic AI),"Applied Agentic AI - Early-April 2026
",15-Mar-2026,has_paid_in_full,ENROLLED_WITH_NO_DUES,Fully Paid,CLIMBCREDIT,Onboarded,,Zeeshan
Advanced ML,193042065688,America/New_York,Advanced Machine Learning Program (with Agentic AI),Advanced Machine Learning Program - 2nd End-March 2026,15-Mar-2026,has_paid_in_full,ENROLLED_WITH_NO_DUES,Refunded,CLIMBCREDIT,Onboarded,,Muskan
New ML,198268674355,America/Los_Angeles,Machine Learning Program (with Agentic AI),Machine Learning Program - 2nd End-May 2026,16-Mar-2026,has_paid_in_full,ENROLLED_WITH_NO_DUES,Fully Paid,BANK_TRANSFER,VM - 4 Attempts,,Nishtha
EdgeUp Step Up,205946391590,America/Los_Angeles,EdgeUp Technical Program Manager StepUp Program (with Agentic AI),Applied Agentic AI for SWEs - Early-April 2026,16-Mar-2026,has_paid_in_full,FULL_PAYMENT_PAID,Fully Paid,CLIMBCREDIT,Onboarded,,Pragya
EdgeUp Step Up,208385013818,America/New_York,EdgeUp 2026 Technical Program Manager StepUp Program (with Agentic AI Interview Prep),Self-Paced TPM FastTrack,16-Mar-2026,has_paid_in_full,FULL_PAYMENT_PAID,Fully Paid,CLIMBCREDIT,Onboarded,,Anjali
EdgeUp Step Up,208628812896,US/Pacific,EdgeUp Technical Program Manager StepUp Program (with Agentic AI),Self-Paced TPM FastTrack,16-Mar-2026,has_paid_in_full,ENROLLED_WITH_NO_DUES,Fully Paid,STRIPE_CARD,Onboarded,,Suraj
Step Up,20241251,US/Pacific,Engineering Management Interview Prep Fast Track Program,Self-Paced Engineering Management FastTrack,13-Mar-2026,has_paid_in_full,ENROLLED_WITH_NO_DUES,Fully Paid,STRIPE_CARD,Onboarded,,Suraj
EdgeUp,9281193,America/New_York,EdgeUp 2026 Backend LevelUp Program (with Agentic AI Interview Prep),Applied Agentic AI for SWEs - Early-April 2026,16-Mar-2026,has_paid_in_full,ENROLLED_WITH_NO_DUES,Fully Paid,STRIPE_CARD,Onboarded,,Manish
Paid Upgrade,9268395,America/Los_Angeles,Machine Learning Interview Preparation Pathway,Machine Learning Interview Prep Pathway - 2nd End-March 2026,17-Mar-2026,has_paid_in_full,ENROLLED_WITH_NO_DUES,Fully Paid,PAYPAL,Onboarded,,Pragya
Advanced ML,9301583,America/New_York,Advanced Machine Learning Program (with Agentic AI),Advanced Machine Learning Program - 2nd End-March 2026,17-Mar-2026,Flexipay_has_time_to_pay,ENROLLED,Flexipay_has_time_to_pay,0_PERCENT_APR_FLEXIPAY,Onboarded,,Muskan
EdgeUp,50549951,America/Chicago,EdgeUp 2026 Machine Learning LevelUp Program (with Agentic AI Interview Prep),Applied Agentic AI for SWEs - Mid-April 2026,16-Mar-2026,has_paid_in_full,ENROLLED_WITH_NO_DUES,Fully Paid,CLIMBCREDIT,Onboarded,,Ajil
EdgeUp,85912551,America/Chicago,EdgeUp 2026 Technical Program Manager LevelUp Program (with Agentic AI Interview Prep),Applied Agentic AI - Early-April 2026,16-Mar-2026,has_paid_in_full,FULL_PAYMENT_PAID,Fully Paid,CLIMBCREDIT,Onboarded,,Arush
Level Up,14238876,America/Los_Angeles,Backend Engineering Interview Prep Program,Backend Interview Prep - End-March 2026,16-Mar-2026,has_paid_in_full,ENROLLED_WITH_NO_DUES,Fully Paid,ACH_TRANSFER,Onboarded,,Pragya
New ML,368308551,America/Los_Angeles,Machine Learning Program (with Agentic AI),Machine Learning Program - 2nd End-May 2026,17-Mar-2026,has_paid_in_full,ENROLLED_WITH_NO_DUES,Fully Paid,CLIMBCREDIT,VM - 4 Attempts,,Safoora
EdgeUp,560397551,America/Phoenix,EdgeUp Data Science LevelUp Program (with Agentic AI),"Applied Agentic AI for SWEs - 2nd End-March 2026",17-Mar-2026,has_paid_in_full,FULL_PAYMENT_PAID,Fully Paid,CLIMBCREDIT,Onboarded,,Ajil
Level Up,138839926844,America/Los_Angeles,Frontend Engineering Interview Prep Program,Frontend Interview Prep - End-March 2026,16-Mar-2026,has_paid_in_full,ENROLLED_WITH_NO_DUES,Fully Paid,STRIPE_CARD,Onboarded,,Pragya
EdgeUp,138934352415,America/Los_Angeles,EdgeUp 2026 Product Manager (Tech) LevelUp Program (with Agentic AI Interview Prep),Applied Agentic AI - Early-April 2026,17-Mar-2026,has_paid_in_full,FULL_PAYMENT_PAID,Fully Paid,CLIMBCREDIT,Onboarded,,Sanjana
Step Up,207711336504,America/New_York,Security Engineering SysD Only Interview Prep Fast Track Program,Self-Paced Security Engineering FastTrack,16-Mar-2026,has_paid_in_full,ENROLLED_WITH_NO_DUES,Fully Paid,CLIMBCREDIT,VM - 6 Attempts,,Anjali
EdgeUp Step Up,209026815036,America/Los_Angeles,EdgeUp 2026 Technical Program Manager StepUp Program (with Agentic AI Interview Prep),Applied Agentic AI - Early-April 2026,17-Mar-2026,has_paid_in_full,ENROLLED_WITH_NO_DUES,Fully Paid,CLIMBCREDIT,Onboarded,,Suraj
Step Up,209292214549,America/Los_Angeles,Technical Program Manager Interview Prep Fast Track Program,Self-Paced TPM FastTrack,17-Mar-2026,has_paid_in_full,ENROLLED_WITH_NO_DUES,Fully Paid,ACH_TRANSFER,Onboarded,,Ajil
Level Up,5174864440,America/Los_Angeles,Data Analyst & Business Analyst Interview Preparation Program,Data Analyst & Business Analyst Interview Prep - Mid-April 2026,17-Mar-2026,has_paid_in_full,ENROLLED_WITH_NO_DUES,Fully Paid,STRIPE_CARD,Onboarded,,Disha
EdgeUp,64982673454,America/Chicago,EdgeUp 2026 Engineering Manager LevelUp Program (with Agentic AI Interview Prep),Engineering Management Interview Prep - Early-April 2026,17-Mar-2026,Flexipay_has_time_to_pay,ENROLLED,Flexipay_has_time_to_pay,0_PERCENT_APR_FLEXIPAY,Onboarded,,Ajil
New ML,146353881166,America/New_York,Machine Learning Program (with Agentic AI),Machine Learning Program - 2nd End-May 2026,17-Mar-2026,has_paid_in_full,FULL_PAYMENT_PAID,Fully Paid,CLIMBCREDIT,Incomplete OB,,Kamal
Fast Track ML,177661523982,America/Chicago,Fast Track Machine Learning Program,Fast Track Machine Learning Program,17-Mar-2026,Flexipay_has_time_to_pay,ENROLLED,has_time_to_pay,0_PERCENT_APR_FLEXIPAY,Onboarded,,Manish
EdgeUp Step Up,209219608690,America/New_York,EdgeUp 2026 Data Engineering StepUp Program (with Agentic AI Interview Prep),"Applied Agentic AI for SWEs - Early-April 2026
",17-Mar-2026,has_paid_in_full,ENROLLED_WITH_NO_DUES,Fully Paid,ACH_TRANSFER,Onboarded,,Disha
Advanced ML,209424395883,America/New_York,Advanced Machine Learning Program (with Agentic AI),Advanced Machine Learning Program - 2nd End-March 2026,17-Mar-2026,has_paid_in_full,FULL_PAYMENT_PAID,Fully Paid,CLIMBCREDIT,Callback Requested,,Archi
Agentic SkillUp,9277984,America/New_York,AI Engineering,Applied Agentic AI for SWEs - 2nd End-March 2026,19-Mar-2026,has_paid_in_full,ENROLLED_WITH_NO_DUES,Fully Paid,ACH_TRANSFER,Onboarded,,Kamal
EdgeUp Step Up,9626910,America/Los_Angeles,EdgeUp 2026 Android StepUp Program (with Agentic AI Interview Prep),Applied Agentic AI for SWEs - 2nd End-March 2026,18-Mar-2026,has_paid_in_full,ENROLLED_WITH_NO_DUES,Fully Paid,ACH_TRANSFER,Onboarded,,Suraj
EdgeUp Step Up,34743765,America/Chicago,EdgeUp 2026 Fullstack StepUp Program (with Agentic AI Interview Prep),Applied Agentic AI for SWEs - 2nd End-March 2026,19-Mar-2026,has_paid_in_full,ENROLLED_WITH_NO_DUES,Fully Paid,STRIPE_CARD,Onboarded,,Ajil
EdgeUp,34743051,America/New_York,EdgeUp 2026 Engineering Manager LevelUp Program (with Agentic AI Interview Prep),Applied Agentic AI for EM's - Early-April 2026,18-Mar-2026,has_paid_in_full,ENROLLED_WITH_NO_DUES,Fully Paid,PAYPAL,Onboarded,,Archi
EdgeUp Step Up,24742070825,America/Los_Angeles,EdgeUp 2026 Fullstack StepUp Program (with Agentic AI Interview Prep),Applied Agentic AI for SWEs - 2nd End-March 2026,18-Mar-2026,has_paid_in_full,ENROLLED_WITH_NO_DUES,Fully Paid,STRIPE_CARD,Onboarded,,Suraj
AI/DS SwitchUp,203580098672,America/Chicago,AI Data Science SwitchUp Program,AI Data Science SwitchUp - Early-April 2026,19-Mar-2026,has_paid_in_full,ENROLLED_WITH_NO_DUES,Fully Paid,CLIMBCREDIT,VM - 4 Attempts,,Manish
EdgeUp,206479990383,America/Los_Angeles,EdgeUp 2026 Backend LevelUp Program (with Agentic AI Interview Prep),Applied Agentic AI for SWEs - 2nd Mid-March 2026,19-Mar-2026,has_paid_in_full,ENROLLED_WITH_NO_DUES,Fully Paid,STRIPE_MANUAL_PAYMENT,Onboarded,,Safoora
EdgeUp Step Up,207733780794,America/New_York,EdgeUp 2026 AWS Cloud Solutions Architect StepUp Program (with Agentic AI Interview Prep),"Applied Agentic AI for SWEs - Early-April 2026
",18-Mar-2026,has_paid_in_full,ENROLLED_WITH_NO_DUES,Fully Paid,ACH_TRANSFER,Onboarded,,Disha
Agentic SkillUp,9263650,America/Los_Angeles,Applied Agentic AI Program for SWEs,Applied Agentic AI for SWEs - 2nd Mid-April 2026,19-Mar-2026,has_paid_in_full,ENROLLED_WITH_NO_DUES,Fully Paid,STRIPE_CARD,Onboarded,,Kamal
EdgeUp,9292350,America/Phoenix,EdgeUp 2026 Machine Learning LevelUp Program (with Agentic AI Interview Prep),Applied Agentic AI for SWEs - Early-April 2026,20-Mar-2026,has_paid_in_full,ENROLLED_WITH_NO_DUES,Fully Paid,PAYPAL,Onboarded,,Anwesh
New ML,52635701,America/Chicago,Machine Learning Program (with Agentic AI),Machine Learning Program - 2nd Mid-April 2026,20-Mar-2026,has_paid_in_full,ENROLLED_WITH_NO_DUES,Fully Paid,CLIMBCREDIT,Onboarded Via Calendly,,Anwesh
EdgeUp,191426451,America/Los_Angeles,EdgeUp Test Engineering LevelUp Program (with Agentic AI),Applied Agentic AI for SWEs - Early-April 2026,20-Mar-2026,has_paid_in_full,FULL_PAYMENT_PAID,Fully Paid,CLIMBCREDIT,Onboarded,,Anwesh
AI/DS SwitchUp,408838501,America/Los_Angeles,AI Data Science SwitchUp Program,AI Data Science SwitchUp - Early-April 2026,20-Mar-2026,Flexipay_has_time_to_pay,ENROLLED,Flexipay_has_time_to_pay,0_PERCENT_APR_FLEXIPAY,Onboarded,,Sanjana
EdgeUp Step Up,418500251,America/Los_Angeles,EdgeUp 2026 Technical Program Manager StepUp Program (with Agentic AI Interview Prep),Self-Paced TPM FastTrack,19-Mar-2026,has_paid_in_full,ENROLLED_WITH_NO_DUES,Fully Paid,CLIMBCREDIT,Onboarded,,Anwesh
Agentic SkillUp,540128901,America/Los_Angeles,Applied Agentic AI Program,Applied Agentic AI - Early-April 2026,19-Mar-2026,has_paid_in_full,ENROLLED_WITH_NO_DUES,Fully Paid,CLIMBCREDIT,Onboarded,,Arush
EdgeUp,562960301,America/Phoenix,EdgeUp Engineering Manager LevelUp Program (with Agentic AI),Applied Agentic AI for EM's - Eraly-April 2026,19-Mar-2026,has_paid_in_full,ENROLLED_WITH_NO_DUES,Fully Paid,CLIMBCREDIT,Onboarded,,Sanjana
Agentic SkillUp,22057275019,America/New_York,Applied Agentic AI Program,Applied Agentic AI - Early-April 2026,19-Mar-2026,has_paid_in_full,ENROLLED_WITH_NO_DUES,Fully Paid,STRIPE_CARD,Onboarded,,Manish
Step Up,109667492505,America/New_York,Technical Program Manager Interview Prep Fast Track Program,Self-Paced TPM FastTrack,19-Mar-2026,has_paid_in_full,ENROLLED_WITH_NO_DUES,Fully Paid,CLIMBCREDIT,Onboarded,,Anjali
Agentic SkillUp,169803513629,America/New_York,Applied Agentic AI Program for SWEs,Applied Agentic AI for SWEs - 2nd End-March 2026,20-Mar-2026,has_paid_in_full,ENROLLED_WITH_NO_DUES,Fully Paid,ACH_TRANSFER,Yet to Connect,,SSA-1
New ML,184656704152,America/Los_Angeles,Machine Learning Program (with Agentic AI),,20-Mar-2026,Flexipay_has_time_to_pay,DEPOSIT_PAID,Flexipay_has_time_to_pay,0_PERCENT_APR_FLEXIPAY,Onboarded,,Archi
Advanced ML,207391300437,America/New_York,Advanced Machine Learning Program (with Agentic AI),Advanced Machine Learning Program - 2nd End-March 2026,20-Mar-2026,has_paid_in_full,FULL_PAYMENT_PAID,Fully Paid,CLIMBCREDIT,Onboarded,,Arush
Level Up,208629103715,America/New_York,Site Reliability Engineering & DevOps Interview Prep Program,SRE Interview Prep - 2nd End-March 2026,19-Mar-2026,has_paid_in_full,ENROLLED_WITH_NO_DUES,Fully Paid,CLIMBCREDIT,Onboarded,,Disha
Agentic SkillUp,208741167715,America/Chicago,Applied Agentic AI Program,Applied Agentic AI - 2nd-Mid-April 2026,19-Mar-2026,has_paid_in_full,ENROLLED_WITH_NO_DUES,Fully Paid,CLIMBCREDIT,Onboarded,,Sanjana
EdgeUp,209205832574,America/New_York,EdgeUp 2026 Data Analyst & Business Analyst LevelUp Program (with Agentic AI Interview Prep),Applied Agentic AI - Early-April 2026,20-Mar-2026,Flexipay_has_time_to_pay,ENROLLED,Flexipay_has_time_to_pay,0_PERCENT_APR_FLEXIPAY,Onboarded,,Arush
EdgeUp Step Up,209349766034,America/New_York,EdgeUp 2026 Engineering Management StepUp Program (with Agentic AI Interview Prep),"Applied Agentic AI for EM's - Early-April 2026
",19-Mar-2026,has_paid_in_full,ENROLLED_WITH_NO_DUES,Fully Paid,CLIMBCREDIT,Onboarded,,Pragya
Advanced ML,209927200931,America/Chicago,Advanced Machine Learning Program (with Agentic AI),Advanced Machine Learning Program - 2nd End-March 2026,19-Mar-2026,Flexipay_has_time_to_pay,ENROLLED,Flexipay_has_time_to_pay,0_PERCENT_APR_FLEXIPAY,Onboarded,,Kamal
Level Up,210432376332,America/Los_Angeles,Machine Learning Interview Prep Program,Machine Learning Interview Prep - 2nd End-March 2026,20-Mar-2026,has_paid_in_full,ENROLLED_WITH_NO_DUES,Fully Paid,STRIPE_CARD,VM - 4 Attempts,,Pragya
EdgeUp Step Up,209383067316,America/New_York,EdgeUp 2026 Product Manager (Tech) StepUp Program (with Agentic AI Interview Prep),Applied Agentic AI - Early-April 2026,21-Mar-2026,has_paid_in_full,ENROLLED_WITH_NO_DUES,Fully Paid,STRIPE_CARD,Onboarded,,Muskan
EdgeUp,209589765973,America/Los_Angeles,EdgeUp 2026 Data Analyst & Business Analyst LevelUp Program (with Agentic AI Interview Prep),Applied Agentic AI - Early-April 2026,21-Mar-2026,has_paid_in_full,ENROLLED_WITH_NO_DUES,Fully Paid,ACH_TRANSFER,Onboarded,,Zeeshan
AI/DS SwitchUp,210373838428,America/Los_Angeles,AI Data Science SwitchUp Program (w/o Interview Prep),AI Data Science SwitchUp - Early-April 2026,21-Mar-2026,has_paid_in_full,FULL_PAYMENT_PAID,Fully Paid,CLIMBCREDIT,Onboarded,,Muskan
EdgeUp,174443854154,America/New_York,EdgeUp 2026 AWS Cloud Solutions Architect LevelUp Program (with Agentic AI Interview Prep),"
Applied Agentic AI for SWEs - Mid-April 2026",22-Mar-2026,has_paid_in_full,ENROLLED_WITH_NO_DUES,Fully Paid,KLARNA,Onboarded,,Muskan
EdgeUp,9551050,America/Los_Angeles,EdgeUp 2026 Security Engineering LevelUp Program (with Agentic AI Interview Prep),Applied Agentic AI for SWEs - Early-April 2026,22-Mar-2026,has_paid_in_full,FULL_PAYMENT_PAID,Fully Paid,STRIPE_CARD,Onboarded,,Sharon
Agentic SkillUp,109623451,America/Los_Angeles,AI Engineering,Applied Agentic AI for SWEs - 2nd Mid-April 2026,23-Mar-2026,has_paid_in_full,ENROLLED_WITH_NO_DUES,Fully Paid,STRIPE_CARD,Onboarded,,Nishtha
EdgeUp,557577501,America/Chicago,EdgeUp 2026 Fullstack LevelUp Program (with Agentic AI Interview Prep),Applied Agentic AI for SWEs - 2nd End-March 2026,22-Mar-2026,has_paid_in_full,ENROLLED_WITH_NO_DUES,Fully Paid,CLIMBCREDIT,Onboarded,,Anjali
Advanced ML,119445738336,America/New_York,Advanced Machine Learning Program (with Agentic AI),Advanced Machine Learning Program - 2nd End-March 2026,22-Mar-2026,has_paid_in_full,FULL_PAYMENT_PAID,Fully Paid,CLIMBCREDIT,Onboarded,,Arush
New ML,143290141035,America/Chicago,Machine Learning Program (with Agentic AI),Machine Learning Program - 2nd Mid-April 2026,23-Mar-2026,has_paid_in_full,ENROLLED_WITH_NO_DUES,Fully Paid,PAYPAL,Onboarded,,Arush
EdgeUp,162281936191,America/Chicago,EdgeUp 2026 Test Engineering LevelUp Program (with Agentic AI Interview Prep),Applied Agentic AI for SWEs - 2nd End-March 2026,22-Mar-2026,has_paid_in_full,ENROLLED_WITH_NO_DUES,Refunded,STRIPE_CARD,Incomplete OB,,Muskan
Step Up,206838771057,America/New_York,Security Engineering Interview Prep Fast Track Program,Self-Paced Security Engineering FastTrack,23-Mar-2026,has_paid_in_full,FULL_PAYMENT_PAID,Fully Paid,STRIPE_CARD,Onboarded,,Anjali
EdgeUp Step Up,207791491974,America/Chicago,EdgeUp 2026 Test Engineering StepUp Program (with Agentic AI Interview Prep),Applied Agentic AI for SWEs - Early-April 2026,23-Mar-2026,has_paid_in_full,FULL_PAYMENT_PAID,Fully Paid,CLIMBCREDIT,Onboarded,,Zeeshan
EdgeUp Step Up,210379449137,America/Los_Angeles,EdgeUp Backend StepUp Program (with Agentic AI),Applied Agentic AI for SWEs - Mid-April 2026,22-Mar-2026,has_paid_in_full,ENROLLED_WITH_NO_DUES,Fully Paid,STRIPE_CARD,Onboarded,,Suraj
Level Up,210794251604,America/New_York,Early Engineering Interview Prep Program,Early Engineering - 2nd End-March 2026,23-Mar-2026,has_paid_in_full,ENROLLED_WITH_NO_DUES,Fully Paid,CLIMBCREDIT,Onboarded,,Pragya
New ML,9278635,America/Los_Angeles,Machine Learning Program (with Agentic AI),Machine Learning Program - 2nd Mid-April 2026,24-Mar-2026,has_paid_in_full,ENROLLED_WITH_NO_DUES,Fully Paid,CLIMBCREDIT,Incomplete OB,,Nishtha
EdgeUp Step Up,9296337,America/Chicago,EdgeUp Engineering Management StepUp Program (with Agentic AI),Applied Agentic AI for EM's - Early-April 2026,24-Mar-2026,has_paid_in_full,ENROLLED_WITH_NO_DUES,Fully Paid,ACH_TRANSFER,Onboarded,,Nishtha
Agentic SkillUp,9633804,America/Los_Angeles,Applied Agentic AI Program for SWEs,Applied Agentic AI Pathway for SWEs - 2nd Mid-January 2026,24-Mar-2026,has_paid_in_full,ENROLLED_WITH_NO_DUES,Fully Paid,STRIPE_CARD,Onboarded,,Sharon
Step Up,67599954,America/Chicago,AWS Cloud Solution Architect Interview Prep Fast Track Program,Self-Paced Cloud FastTrack,23-Mar-2026,has_paid_in_full,ENROLLED_WITH_NO_DUES,Fully Paid,CLIMBCREDIT,Onboarded,,Pragya
EdgeUp Step Up,12936619029,America/New_York,EdgeUp 2026 iOS StepUp Program (with Agentic AI Interview Prep),Applied Agentic AI for SWEs - 2nd Mid-April 2026,24-Mar-2026,has_paid_in_full,ENROLLED_WITH_NO_DUES,Fully Paid,STRIPE_CARD,Onboarded,,Manish
EdgeUp,9306526,America/Los_Angeles,EdgeUp 2026 Technical Program Manager LevelUp Program (with Agentic AI Interview Prep),TPM Interview Prep - Early-April 2026,23-Mar-2026,Flexipay_has_time_to_pay,ENROLLED,Flexipay_has_time_to_pay,0_PERCENT_APR_FLEXIPAY,Onboarded,,Suraj
EdgeUp,82933762129,America/New_York,EdgeUp 2026 Technical Program Manager LevelUp Program (with Agentic AI Interview Prep),Applied Agentic AI - Early-April 2026,23-Mar-2026,has_paid_in_full,ENROLLED_WITH_NO_DUES,Fully Paid,PAYPAL,Onboarded,,Ajil
EdgeUp,142749147195,America/New_York,EdgeUp 2026 Product Manager (Tech) LevelUp Program (with Agentic AI Interview Prep),"Applied Agentic AI - Early-April 2026
",23-Mar-2026,has_paid_in_full,ENROLLED_WITH_NO_DUES,Fully Paid,STRIPE_CARD,Onboarded,,Anjali
EdgeUp Step Up,190966612480,America/New_York,EdgeUp 2026 Fullstack StepUp Program (with Agentic AI Interview Prep),Applied Agentic AI for SWEs - Early-April 2026,23-Mar-2026,has_paid_in_full,ENROLLED_WITH_NO_DUES,Fully Paid,KLARNA,Onboarded,,Ajil
EdgeUp Step Up,208152076129,America/New_York,EdgeUp 2026 Technical Program Manager StepUp Program (with Agentic AI Interview Prep),EdgeUp StepUp Cohort,23-Mar-2026,has_paid_in_full,ENROLLED_WITH_NO_DUES,Refunded,CLIMBCREDIT,VM - 6 Attempts,,Anjali
EdgeUp,208162611117,America/Los_Angeles,EdgeUp Technical Program Manager LevelUp Program (with Agentic AI),"
Applied Agentic AI - Early-April 2026",23-Mar-2026,has_paid_in_full,ENROLLED_WITH_NO_DUES,Fully Paid,CLIMBCREDIT,Onboarded,,Pragya
DL & Gen AI Specialisation,209662677281,America/Los_Angeles,Advanced Deep Learning & Generative AI Specialisation Program,Advanced Machine Learning Program - Early-October 2025,23-Mar-2026,has_paid_in_full,ENROLLED_WITH_NO_DUES,Fully Paid,STRIPE_CARD,Onboarded,,Sharon
Agentic SkillUp,210552177732,America/Los_Angeles,Applied Agentic AI Program for SWEs,"
Applied Agentic AI for SWEs - Mid-April 2026",24-Mar-2026,has_paid_in_full,ENROLLED_WITH_NO_DUES,Fully Paid,PAYPAL,VM - 4 Attempts,,Nishtha
Agentic SkillUp,210737947005,America/Chicago,Applied Agentic AI Program,Applied Agentic AI - 2nd Mid-April 2026,23-Mar-2026,has_paid_in_full,ENROLLED_WITH_NO_DUES,Fully Paid,PAYPAL,Onboarded,,Safoora
EdgeUp Step Up,210917667614,America/Chicago,EdgeUp 2026 Technical Program Manager StepUp Program (with Agentic AI Interview Prep),EdgeUp StepUp Cohort,23-Mar-2026,has_paid_in_full,ENROLLED_WITH_NO_DUES,Fully Paid,CLIMBCREDIT,Onboarded,,Sharon
Agentic SkillUp,9260935,America/Los_Angeles,AI Engineering,Applied Agentic AI for SWEs - Mid-April 2026,24-Mar-2026,has_paid_in_full,ENROLLED_WITH_NO_DUES,Fully Paid,STRIPE_CARD,Onboarded,,Sharon
Agentic SkillUp,14237708,America/Los_Angeles,AI Engineering,Applied Agentic AI for SWEs - Mid-April 2026,24-Mar-2026,has_paid_in_full,ENROLLED_WITH_NO_DUES,Fully Paid,STRIPE_CARD,Onboarded,,Safoora
Step Up,41502476913,America/Los_Angeles,Technical Program Manager Interview Prep Fast Track Program,Self-Paced TPM FastTrack,24-Mar-2026,has_paid_in_full,ENROLLED_WITH_NO_DUES,Fully Paid,STRIPE_CARD,Onboarded,,Suraj
Agentic SkillUp,84604198479,America/New_York,Applied Agentic AI Program for SWEs,Applied Agentic AI for SWEs - Mid-April 2026,25-Mar-2026,has_paid_in_full,FULL_PAYMENT_PAID,Fully Paid,CLIMBCREDIT,VM - 4 Attempts,,Kamal
EdgeUp,187853327371,America/New_York,EdgeUp Data Engineering LevelUp Program (with Agentic AI),Applied Agentic AI for SWEs - Early-April 2026,25-Mar-2026,has_time_to_pay,ENROLLED,has_time_to_pay,STRIPE_MANUAL_PAYMENT,Onboarded,,Manish
EdgeUp,194778384495,America/Los_Angeles,EdgeUp 2026 Technical Program Manager LevelUp Program (with Agentic AI Interview Prep),Applied Agentic AI - 2nd Mid-April 2026,25-Mar-2026,has_paid_in_full,FULL_PAYMENT_PAID,Fully Paid,CLIMBCREDIT,Onboarded,,Suraj
EdgeUp,198213072250,America/Los_Angeles,EdgeUp 2026 Backend LevelUp Program (with Agentic AI Interview Prep),"
Backend Interview Prep - Mid-April 2026",25-Mar-2026,has_paid_in_full,ENROLLED_WITH_NO_DUES,Fully Paid,STRIPE_CARD,Onboarded,,Nishtha
EdgeUp Step Up,198879061060,America/New_York,EdgeUp 2026 Engineering Management StepUp Program (with Agentic AI Interview Prep),"Applied Agentic AI for EM's - Early-April 2026",25-Mar-2026,Flexipay_has_time_to_pay,DEPOSIT_PAID,Flexipay_has_time_to_pay,0_PERCENT_APR_FLEXIPAY,Onboarded,,Disha
New ML,199865542250,America/Toronto,Machine Learning Program (with Agentic AI),Machine Learning Program - 2nd End-May 2026,24-Mar-2026,has_time_to_pay,ENROLLED,has_time_to_pay,STRIPE_CARD,Onboarded,,Manish
EdgeUp Step Up,202039048997,America/Los_Angeles,EdgeUp 2026 Data Science StepUp Program (with Agentic AI Interview Prep),Applied Agentic AI for SWEs - Early-April 2026,24-Mar-2026,has_paid_in_full,ENROLLED_WITH_NO_DUES,Fully Paid,CLIMBCREDIT,Incomplete OB,,Suraj
AI/DS SwitchUp,209433394049,America/New_York,AI Data Science SwitchUp Program,AI Data Science SwitchUp - Early-April 2026,25-Mar-2026,has_paid_in_full,ENROLLED_WITH_NO_DUES,Fully Paid,ACH_TRANSFER,Onboarded,,Archi
New ML,210479676806,America/Chicago,Machine Learning Program (with Agentic AI),Machine Learning Program - 2nd Mid-April 2026,25-Mar-2026,has_paid_in_full,ENROLLED_WITH_NO_DUES,Fully Paid,ACH_TRANSFER,Onboarded,,Kamal
Fast Track ML,210587136675,America/Los_Angeles,Fast Track Machine Learning Program,Fast Track Machine Learning Program,25-Mar-2026,has_paid_in_full,ENROLLED_WITH_NO_DUES,Fully Paid,CLIMBCREDIT,Onboarded,,Sharon
Level Up,210749691767,America/New_York,Site Reliability Engineering & DevOps Interview Prep Program,SRE Interview Prep - Early-April 2026,24-Mar-2026,has_paid_in_full,ENROLLED_WITH_NO_DUES,Fully Paid,ACH_TRANSFER,Onboarded,,Ajil
EdgeUp,211103961933,America/New_York,EdgeUp 2026 Engineering Manager LevelUp Program (with Agentic AI Interview Prep),"Applied Agentic AI for EM's - Early-April 2026
",24-Mar-2026,has_paid_in_full,ENROLLED_WITH_NO_DUES,Fully Paid,CLIMBCREDIT,Onboarded,,Disha
AI/DS SwitchUp,211122393636,America/Chicago,AI Data Science SwitchUp Program,AI Data Science SwitchUp - Early-April 2026,24-Mar-2026,has_paid_in_full,ENROLLED_WITH_NO_DUES,Fully Paid,STRIPE_CARD,Onboarded,,Manish
New ML,211272217654,America/New_York,Machine Learning Program (with Agentic AI),Machine Learning Program - 2nd Mid-April 2026,25-Mar-2026,has_paid_in_full,ENROLLED_WITH_NO_DUES,Fully Paid,CLIMBCREDIT,Onboarded,,Archi
EdgeUp Step Up,79863507713,America/New_York,EdgeUp 2026 AWS Cloud Solutions Architect StepUp Program (with Agentic AI Interview Prep),,10-Mar-2026,Refunded,REFUNDED,,PAYPAL,Yet to Connect,,SSA
Level Up,9277031,America/Vancouver,Security Engineering (W/o Coding) Interview Prep Program,"
Security Engineering SysD Interview Prep - Early-April 2026",26-Mar-2026,has_paid_in_full,FULL_PAYMENT_PAID,Fully Paid,CLIMBCREDIT,Onboarded,,Zeeshan
Agentic SkillUp,9293349,America/New_York,AI Engineering,Applied Agentic AI for SWEs - Early-April 2026,26-Mar-2026,has_paid_in_full,ENROLLED_WITH_NO_DUES,Fully Paid,ACH_TRANSFER,Onboarded,,Kamal
EdgeUp,9550406,America/Los_Angeles,EdgeUp Engineering Manager LevelUp Program (with Agentic AI),Applied Agentic AI for EM's - 2nd Mid-April 2026,26-Mar-2026,has_paid_in_full,ENROLLED_WITH_NO_DUES,Fully Paid,ACH_TRANSFER,VM/VM Not Setup,,Suraj
EdgeUp,9595701,America/Los_Angeles,EdgeUp 2026 Technical Program Manager LevelUp Program (with Agentic AI Interview Prep),"Applied Agentic AI for SWEs - Mid-April 2026
",25-Mar-2026,has_paid_in_full,ENROLLED_WITH_NO_DUES,Fully Paid,PAYPAL,Onboarded,,Nishtha
EdgeUp,116608051,America/New_York,EdgeUp 2026 Engineering Manager LevelUp Program (with Agentic AI Interview Prep),Applied Agentic AI for EM's - Early-April 2026,26-Mar-2026,has_paid_in_full,ENROLLED_WITH_NO_DUES,Fully Paid,STRIPE_CARD,Onboarded,,Zeeshan
New ML,354180751,America/New_York,Machine Learning Program (with Agentic AI),Machine Learning Program - 2nd End-May 2026,25-Mar-2026,has_paid_in_full,ENROLLED_WITH_NO_DUES,Fully Paid,STRIPE_CARD,Onboarded,,Manish
Fast Track ML,444834401,America/New_York,Fast Track Machine Learning Program,Fast Track Machine Learning Program,25-Mar-2026,has_paid_in_full,ENROLLED_WITH_NO_DUES,Fully Paid,PAYPAL,Onboarded,,Archi
EdgeUp Step Up,481498401,America/Chicago,EdgeUp Fullstack StepUp Program (with Agentic AI),Applied Agentic AI for SWEs - Mid-April 2026,25-Mar-2026,has_paid_in_full,FULL_PAYMENT_PAID,Fully Paid,CLIMBCREDIT,VM - 6 Attempts,,Ajil
New ML,196910663049,America/New_York,Machine Learning Program (with Agentic AI),Machine Learning Program - 2nd Mid-April 2026,25-Mar-2026,has_paid_in_full,FULL_PAYMENT_PAID,Dropped Out,CLIMBCREDIT,Incomplete OB,,Kamal
New ML,206776408409,America/Denver,Machine Learning Program (with Agentic AI),Machine Learning Program - 2nd Mid-April 2026,26-Mar-2026,has_paid_in_full,ENROLLED_WITH_NO_DUES,Fully Paid,CLIMBCREDIT,Onboarded,,Manish
Fast Track ML,211367669071,America/New_York,Fast Track Machine Learning Program,Fast Track Machine Learning Program,26-Mar-2026,has_paid_in_full,ENROLLED_WITH_NO_DUES,Refunded,PAYPAL,VM - 4 Attempts,,Archi
Step Up,211453662101,America/Los_Angeles,Technical Program Manager Interview Prep Fast Track Program,Self-Paced TPM FastTrack,25-Mar-2026,has_paid_in_full,ENROLLED_WITH_NO_DUES,Fully Paid,STRIPE_MANUAL_PAYMENT,Onboarded,,Suraj
Advanced ML,211531265113,,Advanced Machine Learning Program (with Agentic AI),Advanced Machine Learning Program - 2nd End-March 2026,25-Mar-2026,has_paid_in_full,FULL_PAYMENT_PAID,Fully Paid,CLIMBCREDIT,Onboarded,,Kamal
EdgeUp Step Up,211554886040,America/Chicago,EdgeUp 2026 Technical Program Manager StepUp Program (with Agentic AI Interview Prep),"Applied Agentic AI - 2nd Mid-April 2026
",26-Mar-2026,has_paid_in_full,ENROLLED_WITH_NO_DUES,Fully Paid,CLIMBCREDIT,Onboarded,,Disha
EdgeUp,513588351,America/New_York,EdgeUp 2026 Data Science LevelUp Program (with Agentic AI Interview Prep),Data Science Interview Prep - Early-April 2026,26-Mar-2026,has_paid_in_full,ENROLLED_WITH_NO_DUES,Fully Paid,CLIMBCREDIT,Onboarded,,Manish
EdgeUp Step Up,45545547869,America/New_York,EdgeUp 2026 Data Engineering StepUp Program (with Agentic AI Interview Prep),Applied Agentic AI for SWEs - 2nd Mid-April 2026,26-Mar-2026,has_paid_in_full,FULL_PAYMENT_PAID,Refunded,CLIMBCREDIT,Incomplete OB,,Kamal
EdgeUp Step Up,65243599180,America/Chicago,EdgeUp 2026 Engineering Management StepUp Program (with Agentic AI Interview Prep),Applied Agentic AI for EM's - 2nd Mid-April 2026,26-Mar-2026,has_paid_in_full,ENROLLED_WITH_NO_DUES,Fully Paid,STRIPE_MANUAL_PAYMENT,Onboarded,,Anwesh
EdgeUp,209419748443,America/New_York,EdgeUp Technical Program Manager LevelUp Program (with Agentic AI),Applied Agentic AI - 2nd Mid-April 2026,26-Mar-2026,Flexipay_has_time_to_pay,DEPOSIT_PAID,Flexipay_has_time_to_pay,0_PERCENT_APR_FLEXIPAY,Onboarded,,Archi
EdgeUp Step Up,210854938237,America/Chicago,EdgeUp Product Manager (Tech) StepUp Program (with Agentic AI),"Applied Agentic AI - 2nd Mid-April 2026
",26-Mar-2026,has_paid_in_full,ENROLLED_WITH_NO_DUES,,PAYPAL,Incomplete OB,,Safoora
Agentic SkillUp,210946658870,America/New_York,Applied Agentic AI Program for SWEs,Applied Agentic AI Pathway for SWEs - 2nd Mid-January 2026,26-Mar-2026,has_paid_in_full,ENROLLED_WITH_NO_DUES,Fully Paid,PAYPAL,Onboarded,,Archi
Fast Track ML,211815372951,America/Los_Angeles,Fast Track Machine Learning Program,Fast Track Machine Learning Program,26-Mar-2026,has_paid_in_full,FULL_PAYMENT_PAID,Fully Paid,CLIMBCREDIT,Onboarded,,Anwesh
Agentic SkillUp,9270951,America/Los_Angeles,Applied Agentic AI Program for EM,Applied Agentic AI for EM's - 2nd Mid-April 2026,27-Mar-2026,has_paid_in_full,ENROLLED_WITH_NO_DUES,Fully Paid,ACH_TRANSFER,Onboarded,,Manish
Step Up,9294652,America/Los_Angeles,Backend Interview Prep Fast Track Program,,27-Mar-2026,has_paid_in_full,FULL_PAYMENT_PAID,,CLIMBCREDIT,VM/VM Not Setup,,Pragya
EdgeUp,9547076,America/New_York,EdgeUp 2026 Engineering Manager LevelUp Program (with Agentic AI Interview Prep),Applied Agentic AI for EM's - 2nd Mid-May 2026,27-Mar-2026,has_paid_in_full,FULL_PAYMENT_PAID,Fully Paid,CLIMBCREDIT,Callback Requested,,Kamal
Level Up,14240161,America/Los_Angeles,AI Engineering,Applied Agentic AI for SWEs - Mid-April 2026,27-Mar-2026,has_paid_in_full,ENROLLED_WITH_NO_DUES,Fully Paid,ACH_TRANSFER,Onboarded,,Anwesh
Level Up,76204851,America/New_York,Data Analyst & Business Analyst Interview Preparation Program,Data Analyst & Business Analyst Interview Prep - Mid-April 2026,27-Mar-2026,has_paid_in_full,ENROLLED_WITH_NO_DUES,Fully Paid,STRIPE_CARD,Onboarded,,Zeeshan
EdgeUp Step Up,474010455,America/Los_Angeles,EdgeUp 2026 Fullstack StepUp Program (with Agentic AI Interview Prep),"Applied Agentic AI for SWEs - Mid-April 2026
",27-Mar-2026,has_paid_in_full,ENROLLED_WITH_NO_DUES,Fully Paid,ACH_TRANSFER,Onboarded,,Disha
EdgeUp,264727751,America/New_York,EdgeUp 2026 Engineering Manager LevelUp Program (with Agentic AI Interview Prep),Engineering Management Interview Prep - Early-April 2026,27-Mar-2026,has_paid_in_full,ENROLLED_WITH_NO_DUES,,STRIPE_CARD,Onboarded,,Anjali
Paid Upgrade,119785719125,America/Los_Angeles,Backend Interview Preparation Pathway,Backend Interview Prep Pathway - Early-April 2026,27-Mar-2026,has_paid_in_full,ENROLLED_WITH_NO_DUES,,ACH_TRANSFER,Onboarded,,Pragya
EdgeUp,208376434068,America/Los_Angeles,EdgeUp Technical Program Manager LevelUp Program (with Agentic AI),Applied Agentic AI - Early-April 2026,27-Mar-2026,Flexipay_has_time_to_pay,ENROLLED,Flexipay_has_time_to_pay,0_PERCENT_APR_FLEXIPAY,Onboarded,,Sanjana
EdgeUp Step Up,211349201269,America/Los_Angeles,EdgeUp 2026 Technical Program Manager StepUp Program (with Agentic AI Interview Prep),Applied Agentic AI - 2nd-Mid-April 2026,27-Mar-2026,has_paid_in_full,FULL_PAYMENT_PAID,Fully Paid,CLIMBCREDIT,Onboarded,,Safoora
Level Up,211598360127,America/New_York,Data Engineering Interview Prep Program,Data Engineering Interview Prep - Early-April 2026,27-Mar-2026,Flexipay_has_time_to_pay,ENROLLED,Flexipay Refunded,0_PERCENT_APR_FLEXIPAY,Onboarded,,Ajil
EdgeUp Step Up,211613427478,America/Los_Angeles,EdgeUp 2026 Engineering Management StepUp Program (with Agentic AI Interview Prep),Applied Agentic AI for EM's - Early-June 2026,27-Mar-2026,has_paid_in_full,ENROLLED_WITH_NO_DUES,,STRIPE_CARD,Onboarded,,Arush
Fast Track Adv.ML,9271441,America/Los_Angeles,Fast Track Advanced Machine Learning Program,Fast Track Advanced Machine Learning,27-Mar-2026,has_paid_in_full,ENROLLED_WITH_NO_DUES,,ACH_TRANSFER,Onboarded,,Archi
EdgeUp,9272409,America/Los_Angeles,EdgeUp 2026 Engineering Manager LevelUp Program (with Agentic AI Interview Prep),Applied Agentic AI for EM's - Early-April 2026,27-Mar-2026,has_paid_in_full,ENROLLED_WITH_NO_DUES,,ACH_TRANSFER,Onboarded,,Ajil
New ML,115518779955,America/Chicago,Machine Learning Program (with Agentic AI),Machine Learning Program - Early-August 2027,27-Mar-2026,Flexipay_has_time_to_pay,ENROLLED,Flexipay_has_time_to_pay,0_PERCENT_APR_FLEXIPAY,Callback Requested,,Manish
Agentic SkillUp,9590844,America/Los_Angeles,Applied Agentic AI Program for EM,Applied Agentic AI for EM's - Early-April 2026,29-Mar-2026,has_paid_in_full,ENROLLED_WITH_NO_DUES,Fully Paid,ACH_TRANSFER,Onboarded,,Sharon
EdgeUp Step Up,302773301,America/New_York,EdgeUp 2026 Fullstack StepUp Program (with Agentic AI Interview Prep),"
Applied Agentic AI for SWEs - Early-April 2026",30-Mar-2026,has_paid_in_full,FULL_PAYMENT_PAID,Fully Paid,CLIMBCREDIT,Yet to Connect,,Zeeshan
Step Up,320759951,US/Pacific,Test Engineering Interview Prep Fast Track Program,Self-Paced Test Engineering FastTrack,30-Mar-2026,has_paid_in_full,FULL_PAYMENT_PAID,Fully Paid,STRIPE_CARD,Yet to Connect,,Suraj
Level Up,12915745291,America/Chicago,AI Engineering,"
Applied Agentic AI for SWEs - Mid-April 2026",29-Mar-2026,has_paid_in_full,ENROLLED_WITH_NO_DUES,Fully Paid,ACH_TRANSFER,Yet to Connect,,Muskan
New ML,186340589590,America/New_York,Machine Learning Program (with Agentic AI),Machine Learning Program - 2nd End-May 2026,29-Mar-2026,has_paid_in_full,ENROLLED_WITH_NO_DUES,,STRIPE_CARD,Yet to Connect,,Arush
EdgeUp,207771001198,America/New_York,EdgeUp 2026 Technical Program Manager LevelUp Program (with Agentic AI Interview Prep),DEFAULT COHORT (USA),30-Mar-2026,has_paid_in_full,ENROLLED_WITH_NO_DUES,,PAYPAL,Yet to Connect,,Manish
Step Up,208044959917,America/Chicago,Backend Interview Prep Fast Track Program,Self-Paced Backend FastTrack,30-Mar-2026,has_paid_in_full,ENROLLED_WITH_NO_DUES,Fully Paid,PAYPAL,Onboarded,,Zeeshan
EdgeUp,209032398221,America/New_York,EdgeUp 2026 Engineering Manager LevelUp Program (with Agentic AI Interview Prep),,30-Mar-2026,has_paid_in_full,FULL_PAYMENT_PAID,,CLIMBCREDIT,Yet to Connect,,Anjali
Step Up,210547972961,America/Chicago,Backend Interview Prep Fast Track Program,Self-Paced Backend FastTrack,30-Mar-2026,has_paid_in_full,ENROLLED_WITH_NO_DUES,,STRIPE_CARD,Yet to Connect,,Anjali
Step Up,211075066279,America/Chicago,Test Engineering Interview Prep Fast Track Program,"
Self-Paced Test Engineering FastTrack",29-Mar-2026,has_paid_in_full,ENROLLED_WITH_NO_DUES,Fully Paid,CLIMBCREDIT,Onboarded,,Zeeshan
Advanced ML,211100795913,America/Los_Angeles,Advanced Machine Learning Program (with Agentic AI),Advanced Machine Learning Program - 2nd End-March 2026,30-Mar-2026,Flexipay_has_time_to_pay,ENROLLED,Flexipay_has_time_to_pay,0_PERCENT_APR_FLEXIPAY,VM/VM Not Setup,,Nishtha
EdgeUp Step Up,211838211635,America/New_York,EdgeUp 2026 Security Engineering W/o Coding StepUp Program (with Agentic AI Interview Prep),DEFAULT COHORT (USA),30-Mar-2026,has_paid_in_full,ENROLLED_WITH_NO_DUES,,CLIMBCREDIT,Yet to Connect,,Anjali
New ML,211840602474,America/Chicago,Machine Learning Program (with Agentic AI),Machine Learning Program - 2nd Mid-April 2026,30-Mar-2026,has_paid_in_full,FULL_PAYMENT_PAID,Fully Paid,CLIMBCREDIT,Yet to Connect,,Muskan
New ML,212341704504,America/Chicago,Machine Learning Program (with Agentic AI),Machine Learning Program - 2nd End-May 2026,29-Mar-2026,has_paid_in_full,ENROLLED_WITH_NO_DUES,,CLIMBCREDIT,Yet to Connect,,Arush
Step Up,183075780695,America/Texas,Fullstack Interview Prep Fast Track Program,Self-Paced Fullstack FastTrack,30-Mar-2026,has_paid_in_full,ENROLLED_WITH_NO_DUES,,CLIMBCREDIT,Incomplete OB,,Pragya
EdgeUp Step Up,212396764848,America/New_York,EdgeUp 2026 AWS Cloud Solutions Architect StepUp Program (with Agentic AI Interview Prep),Applied Agentic AI for SWEs - 2nd Mid-April 2026,31-Mar-2026,has_paid_in_full,ENROLLED_WITH_NO_DUES,,CLIMBCREDIT,Yet to Connect,,Kamal
EdgeUp,130712712495,America/Indiana/Indianapolis,EdgeUp Data Engineering LevelUp Program (with Agentic AI),Applied Agentic AI for SWEs - Early-May 2026,31-Mar-2026,has_paid_in_full,ENROLLED_WITH_NO_DUES,,CLIMBCREDIT,Yet to Connect,,Archi
EdgeUp,300000190167,America/Los_Angeles,EdgeUp 2026 Data Engineering LevelUp Program (with Agentic AI Interview Prep),Data Engineering Interview Prep - Early-August 2026,18-Jun-2026,ENROLLED_WITH_NO_DUES,has_paid_in_full,Fully Paid,CLIMBCREDIT,Callback Requested,Upfront Payment,Kamal
EdgeUp Step Up,134622506157,America/New_York,EdgeUp 2026 Engineering Management StepUp Program (with Agentic AI Interview Prep),Applied Agentic AI for EM's - Early-July 2026,19-Jun-2026,ENROLLED_WITH_NO_DUES,has_paid_in_full,Fully Paid,STRIPE_CARD,Callback Requested,Upfront Payment,Ajil
FDE Full program,21622480288,America/New_York,Forward Deployed Engineering Program,Forward Deployed Engineering - Mid-July 2026,23-Jun-2026,DEPOSIT_PAID,Flexipay_has_time_to_pay,Flexipay_has_time_to_pay,0_PERCENT_APR_FLEXIPAY,VM - 4 Attempts,Flexipay,Anjali
EdgeUp Step Up,300000192235,America/New_York,EdgeUp 2026 Backend StepUp Program (with Agentic AI Interview Prep),"Applied Agentic AI for SWEs - Early-July 2026
",23-Jun-2026,ENROLLED_WITH_NO_DUES,has_paid_in_full,Fully Paid,CLIMBCREDIT,Callback Requested,Upfront Payment,Samarth
EdgeUp Step Up,300000194816,America/New_York,EdgeUp 2026 Product Manager (Tech) StepUp Program (with Agentic AI Interview Prep),Applied Agentic AI - Early-July 2026,24-Jun-2026,ENROLLED_WITH_NO_DUES,has_paid_in_full,Fully Paid,STRIPE_CARD,Callback Requested,Upfront Payment,Manish
FDE Full program,57172978869,America/New_York,Forward Deployed Engineering Program,"Forward Deployed Engineering - Mid-July 2026",25-Jun-2026,FULL_PAYMENT_PAID,has_paid_in_full,Fully Paid,CLIMBCREDIT,VM - 4 Attempts,Upfront Payment,Disha
EdgeUp,300000194538,America/Chicago,EdgeUp 2026 Data Science LevelUp Program (with Agentic AI Interview Prep),Applied Agentic AI for SWEs - Early-July 2026,25-Jun-2026,ENROLLED,has_time_to_pay,has_time_to_pay,STRIPE_CARD,Incomplete OB ,Non-Upfront Payment,Suraj
FDE Full program,300000194663,America/Chicago,Forward Deployed Engineering Program,Forward Deployed Engineering - Early-August 2026,25-Jun-2026,FULL_PAYMENT_PAID,has_paid_in_full,Fully Paid,CLIMBCREDIT,VM - 4 Attempts,Upfront Payment,Suraj
EdgeUp,93752846712,America/Los_Angeles,EdgeUp Technical Program Manager LevelUp Program (with Agentic AI),Applied Agentic AI - 2nd mid-July 2026,26-Jun-2026,FULL_PAYMENT_PAID,has_paid_in_full,Fully Paid,STRIPE_MANUAL_PAYMENT,Callback Requested,Upfront Payment,Kamal
FDE Full program,328575201,America/Chicago,Forward Deployed Engineering Program,Forward Deployed Engineering - Early-August 2026,26-Jun-2026,ENROLLED_WITH_NO_DUES,has_paid_in_full,Fully Paid,CLIMBCREDIT,Onboarded,Upfront Payment,Pragya
FDE Full program,9299675,America/Los_Angeles,Forward Deployed Engineering Program,Forward Deployed Engineering  - Early-August 2026,26-Jun-2026,FULL_PAYMENT_PAID,has_paid_in_full,Fully Paid,CLIMBCREDIT,Onboarded,Upfront Payment,Pragya
FDE Full program,61591001,America/Denver,Forward Deployed Engineering Program,Forward Deployed Engineering - Mid-July 2026,26-Jun-2026,ENROLLED,has_time_to_pay,has_time_to_pay,STRIPE_CARD,Onboarded,Non-Upfront Payment,Disha
FDE Full program,14238043,America/Los_Angeles,Forward Deployed Engineering Program,Forward Deployed Engineering - Mid-July 2026,26-Jun-2026,ENROLLED_WITH_NO_DUES,has_paid_in_full,Fully Paid,CLIMBCREDIT,Onboarded,Upfront Payment,Kamal
Level Up,300000178443,America/Chicago,Early Engineering Interview Prep Program,Early Engineering - Early-July 2026,26-Jun-2026,ENROLLED_WITH_NO_DUES,has_paid_in_full,Fully Paid,CLIMBCREDIT,Onboarded,Upfront Payment,Sanjana
Step Up,300000193907,America/Los_Angeles,Backend Interview Prep Fast Track Program,Self-Paced Backend FastTrack,26-Jun-2026,FULL_PAYMENT_PAID,has_paid_in_full,Fully Paid,CLIMBCREDIT,Onboarded,Upfront Payment,Sanjana
Level Up,300000196394,America/Los_Angeles,Data Analyst & Business Analyst Interview Preparation Program,Data Analyst & Business Analyst Interview Prep - Mid-July 2026,26-Jun-2026,DEPOSIT_PAID,has_dropped_out,has_time_to_pay,STRIPE_CARD,Onboarded,Upfront Payment,Suraj
EdgeUp,300000194637,America/New_York,EdgeUp 2026 Machine Learning LevelUp Program (with Agentic AI Interview Prep),Applied Agentic AI - 2nd mid-July 2026,27-Jun-2026,FULL_PAYMENT_PAID,has_paid_in_full,Fully Paid,CLIMBCREDIT,Onboarded,Upfront Payment,Ajil
EdgeUp,300000196594,America/New_York,EdgeUp 2026 Data Engineering LevelUp Program (with Agentic AI Interview Prep),Applied Agentic AI for SWEs - Early-July 2026,27-Jun-2026,ENROLLED_WITH_NO_DUES,has_paid_in_full,Fully Paid,STRIPE_CARD,Onboarded,Upfront Payment,Ajil
EdgeUp Step Up,300000196612,America/Los_Angeles,EdgeUp Test Engineering StepUp Program (with Agentic AI),Applied Agentic AI - Early-July 2026,27-Jun-2026,ENROLLED_WITH_NO_DUES,has_paid_in_full,Fully Paid,ACH_TRANSFER,Onboarded,Upfront Payment,Sharon
EdgeUp,453772804,America/Los_Angeles,EdgeUp 2026 Technical Program Manager LevelUp Program (with Agentic AI Interview Prep),Applied Agentic AI - Early-July 2026,28-Jun-2026,ENROLLED,has_time_to_pay,has_time_to_pay,STRIPE_MANUAL_PAYMENT,Onboarded,Upfront Payment,Sharon
EdgeUp Step Up,357215098,America/Los_Angeles,EdgeUp 2026 Backend StepUp Program (with Agentic AI Interview Prep),Applied Agentic AI - Early-July 2026,28-Jun-2026,FULL_PAYMENT_PAID,has_paid_in_full,Fully Paid,CLIMBCREDIT,Onboarded,Upfront Payment,Sharon
FDE Full program,157000737886,America/Los_Angeles,Forward Deployed Engineering Program,Forward Deployed Engineering - Mid-July 2026,28-Jun-2026,ENROLLED_WITH_NO_DUES,has_paid_in_full,Fully Paid,CLIMBCREDIT,Onboarded,Upfront Payment,Sanjana
EdgeUp,228824451,America/Los_Angeles,EdgeUp 2026 AWS Cloud Solutions Architect LevelUp Program (with Agentic AI Interview Prep),Applied Agentic AI for SWEs - Early-July 2026,29-Jun-2026,FULL_PAYMENT_PAID,has_paid_in_full,Fully Paid,CLIMBCREDIT,Onboarded,Upfront Payment,Nishtha
Step Up,300000196268,America/Los_Angeles,Machine Learning Interview Prep Fast Track Program,Self-Paced Machine Learning FastTrack,29-Jun-2026,ENROLLED_WITH_NO_DUES,has_paid_in_full,Fully Paid,STRIPE_CARD,Onboarded,Upfront Payment,Sharon
EdgeUp Step Up,300000196870,America/Los_Angeles,EdgeUp 2026 Technical Program Manager StepUp Program (with Agentic AI Interview Prep),Applied Agentic AI - Early-July 2026,29-Jun-2026,ENROLLED_WITH_NO_DUES,has_paid_in_full,Fully Paid,PAYPAL,Onboarded,Upfront Payment,Kamal
Step Up,511686251,America/New_York,Technical Program Manager Interview Prep Fast Track Program,"Self-Paced TPM FastTrack",30-Jun-2026,FULL_PAYMENT_PAID,has_paid_in_full,Fully Paid,CLIMBCREDIT,Onboarded,Upfront Payment,Samarth
EdgeUp Step Up,300000197791,America/Los_Angeles,EdgeUp 2026 Engineering Management StepUp Program (with Agentic AI Interview Prep),"Applied Agentic AI for EM's - Early-July 2026",30-Jun-2026,FULL_PAYMENT_PAID,has_paid_in_full,Fully Paid,CLIMBCREDIT,Onboarded,Upfront Payment,Pragya
EdgeUp,9248051,America/Chicago,EdgeUp Test Engineering LevelUp Program (with Agentic AI),Applied Agentic AI - 2nd mid-July 2026,28-Jun-2026,ENROLLED,has_time_to_pay,has_time_to_pay,STRIPE_CARD,VM - 4 Attempts,Upfront Payment,Manish
EdgeUp,9275116,America/Los_Angeles,EdgeUp 2026 Embedded Systems LevelUp Program (with Agentic AI Interview Prep),Applied Agentic AI for SWEs - Mid-July 2026,28-Jun-2026,FULL_PAYMENT_PAID,account_deactivated,Fully Paid,CLIMBCREDIT,Onboarded,Upfront Payment,Nishtha
EdgeUp Step Up,74886601,America/Los_Angeles,EdgeUp 2026 Data Science StepUp Program (with Agentic AI Interview Prep),Applied Agentic AI for SWEs - Mid-July 2026,28-Jun-2026,ENROLLED_WITH_NO_DUES,has_paid_in_full,Fully Paid,PAYPAL,Onboarded,Upfront Payment,Nishtha
FDE Full program,300000191646,America/New_York,Forward Deployed Engineering Program,Forward Deployed Engineering - Mid-July 2026,28-Jun-2026,ENROLLED_WITH_NO_DUES,has_paid_in_full,Fully Paid,ACH_TRANSFER,Onboarded,Upfront Payment,Ajil
FDE Full program,300000193085,America/New_York,Forward Deployed Engineering Program,Forward Deployed Engineering - Mid-July 2026,28-Jun-2026,ENROLLED_WITH_NO_DUES,has_paid_in_full,Invalid,ACH_TRANSFER,Invalid,Upfront Payment,Safoora
EdgeUp,300000197762,America/Los_Angeles,EdgeUp 2026 Technical Program Manager LevelUp Program (with Agentic AI Interview Prep),Applied Agentic AI - Early-July 2026,28-Jun-2026,ENROLLED,has_time_to_pay,Fully Paid,STRIPE_MANUAL_PAYMENT,Callback Requested,Upfront Payment,Suraj
FDE Full program,9251490,America/Los_Angeles,Forward Deployed Engineering Program,Forward Deployed Engineering - Early-August 2026,29-Jun-2026,ENROLLED_WITH_NO_DUES,has_paid_in_full,Fully Paid,STRIPE_CARD,Onboarded,Upfront Payment,Sharon
FDE Pathway,343865801,America/New_York,FDE Pathway Program,Forward Deployed Engineering LevelUp Program - End-July 2026,29-Jun-2026,ENROLLED_WITH_NO_DUES,has_paid_in_full,Fully Paid,STRIPE_CARD,Incomplete OB ,Upfront Payment,Samarth
EdgeUp,30676101,America/New_York,EdgeUp 2026 Data Engineering LevelUp Program (with Agentic AI Interview Prep),Applied Agentic AI for SWEs - Early-July 2026,29-Jun-2026,FULL_PAYMENT_PAID,has_paid_in_full,Fully Paid,CLIMBCREDIT,Onboarded,Upfront Payment,Samarth
EdgeUp,508261401,America/Chicago,EdgeUp 2026 Engineering Manager LevelUp Program (with Agentic AI Interview Prep),Applied Agentic AI for EM's - Early-July 2026,29-Jun-2026,ENROLLED_WITH_NO_DUES,has_paid_in_full,Fully Paid,PAYPAL,Onboarded,Upfront Payment,Nishtha
EdgeUp,300000169755,America/Chicago,EdgeUp 2026 Fullstack LevelUp Program (with Agentic AI Interview Prep),Applied Agentic AI for SWEs - Mid-July 2026,29-Jun-2026,ENROLLED_WITH_NO_DUES,has_paid_in_full,Fully Paid,ACH_TRANSFER,Onboarded,Upfront Payment,Sanjana
Fast Track ML,300000198408,America/New_York,Fast Track Machine Learning Program,Self-Paced Machine Learning FastTrack,29-Jun-2026,ENROLLED_WITH_NO_DUES,has_paid_in_full,Fully Paid,CLIMBCREDIT,Onboarded,Upfront Payment,Safoora
FDE Pathway,9302416,America/Los_Angeles,FDE Pathway Program,Forward Deployed Engineering LevelUp Program - End-July 2026,30-Jun-2026,FULL_PAYMENT_PAID,has_paid_in_full,Fully Paid,CLIMBCREDIT,Onboarded,Upfront Payment,Sharon
FDE Full program,34888101,America/Chicago,Forward Deployed Engineering Program,Forward Deployed Engineering - Early-August 2026,30-Jun-2026,ENROLLED_WITH_NO_DUES,has_paid_in_full,Fully Paid,CLIMBCREDIT,Onboarded,Upfront Payment,Kamal
FDE Pathway,200661301,America/New_York,FDE Pathway Program,Forward Deployed Engineering LevelUp Program - End-July 2026,30-Jun-2026,FULL_PAYMENT_PAID,has_paid_in_full,Fully Paid,CLIMBCREDIT,VM - 4 Attempts,Upfront Payment,Anjali
FDE Upskill,450659201,America/New_York,Forward Deployed Engineering (Upskilling Program),	Forward Deployed Engineering - Early-August 2026,30-Jun-2026,ENROLLED,has_time_to_pay,has_time_to_pay,STRIPE_CARD,Onboarded,Non-Upfront Payment,Anjali
Agentic SkillUp,169864942102,America/Los_Angeles,Applied Agentic AI Program,Applied Agentic AI - 2nd mid-July 2026,29-Jun-2026,ENROLLED_WITH_NO_DUES,has_paid_in_full,Fully Paid,CLIMBCREDIT,Onboarded,Upfront Payment,Nishtha
EdgeUp Step Up,187866437982,America/Chicago,EdgeUp 2026 Engineering Management StepUp Program (with Agentic AI Interview Prep),Applied Agentic AI for EM's - 2nd Mid-August 2026,30-Jun-2026,ENROLLED_WITH_NO_DUES,has_paid_in_full,Fully Paid,STRIPE_MANUAL_PAYMENT,Callback Requested,Upfront Payment,Pragya
FDE Full program,209364183591,America/New_York,Forward Deployed Engineering Program,"Forward Deployed Engineering - Mid-July 2026
",30-Jun-2026,FULL_PAYMENT_PAID,has_paid_in_full,Invalid,CLIMBCREDIT,Onboarded,Upfront Payment,Disha
EdgeUp,300000176330,America/New_York,EdgeUp 2026 Data Analyst & Business Analyst LevelUp Program (with Agentic AI Interview Prep),Applied Agentic AI for SWEs - 2nd Mid-July 2026,29-Jun-2026,FULL_PAYMENT_PAID,has_paid_in_full,Fully Paid,CLIMBCREDIT,Onboarded,Upfront Payment,Anjali
EdgeUp,34737392,America/New_York,EdgeUp 2026 Backend LevelUp Program (with Agentic AI Interview Prep),Applied Agentic AI for SWEs - Mid-July 2026,1-Jul-2026,FULL_PAYMENT_PAID,has_paid_in_full,Fully Paid,CLIMBCREDIT,Onboarded,Upfront Payment,Samarth
EdgeUp,109938751,America/New_York,EdgeUp 2026 AWS Cloud Solutions Architect LevelUp Program (with Agentic AI Interview Prep),Applied Agentic AI for SWEs - Mid-July 2026,1-Jul-2026,INVALID,INVALID,Invalid,CLIMBCREDIT,Invalid,Upfront Payment,Manish
EdgeUp Step Up,136806205,America/New_York,EdgeUp 2026 Fullstack StepUp Program (with Agentic AI Interview Prep),Applied Agentic AI for SWEs - Early-August 2026,1-Jul-2026,ENROLLED_WITH_NO_DUES,has_paid_in_full,Fully Paid,STRIPE_MANUAL_PAYMENT,Onboarded,Upfront Payment,Disha
EdgeUp,206754178564,America/Los_Angeles,EdgeUp 2026 Site Reliability Engineering & DevOps LevelUp Program (with Agentic AI Interview Prep),Applied Agentic AI - 2nd mid-July 2026,1-Jul-2026,ENROLLED,Flexipay_has_time_to_pay,Flexipay_has_time_to_pay,0_PERCENT_APR_FLEXIPAY,Onboarded,Flexipay,Pragya
EdgeUp,300000189680,America/New_York,EdgeUp 2026 Fullstack LevelUp Program (with Agentic AI Interview Prep),Fullstack Interview Prep - Mid-July 2026,1-Jul-2026,ENROLLED,Flexipay_has_time_to_pay,Flexipay_has_time_to_pay,0_PERCENT_APR_FLEXIPAY,Onboarded,Flexipay,Manish
New ML,300000196663,America/Chicago,Machine Learning Program (with Agentic AI),Machine Learning Program - 2nd Mid-July 2026,1-Jul-2026,ENROLLED,Flexipay_has_time_to_pay,Flexipay_has_time_to_pay,Flexipay,Onboarded,Flexipay,Samarth
New ML,300000201041,America/Los_Angeles,Machine Learning Program (with Agentic AI),Machine Learning Program - 2nd Mid-July 2026,1-Jul-2026,FULL_PAYMENT_PAID,has_paid_in_full,Fully Paid,CLIMBCREDIT,Onboarded,Upfront Payment,Sharon
FDE Full program,9292090,America/Los_Angeles,Forward Deployed Engineering Program,,2-Jul-2026,FULL_PAYMENT_PAID,has_paid_in_full,Fully Paid,CLIMBCREDIT,VM/VM Not Setup,Upfront Payment,Suraj
EdgeUp,28728451,America/Chicago,EdgeUp 2026 Engineering Manager LevelUp Program (with Agentic AI Interview Prep),Applied Agentic AI for EM's - 2nd Mid-August 2026,2-Jul-2026,ENROLLED_WITH_NO_DUES,has_paid_in_full,Fully Paid,,Callback Requested,Upfront Payment,Pragya
FDE Full program,5274475572,America/New_York,Forward Deployed Engineering Program,Forward Deployed Engineering - Mid-July 2026,2-Jul-2026,ENROLLED_WITH_NO_DUES,has_paid_in_full,Fully Paid,ACH_TRANSFER,Onboarded,Upfront Payment,Manish
Advanced ML,145504470655,America/Los_Angeles,Advanced Machine Learning Program (with Agentic AI),Advanced Machine Learning Program - 2nd Mid-August 2026,2-Jul-2026,FULL_PAYMENT_PAID,has_paid_in_full,Fully Paid,CLIMBCREDIT,Onboarded,Upfront Payment,Kamal
Step Up,161482454929,US/Pacific,Technical Program Manager Interview Prep Fast Track Program,"Self-Paced TPM FastTrack
",2-Jul-2026,ENROLLED_WITH_NO_DUES,has_paid_in_full,Fully Paid,STRIPE_CARD,Unable to Connect,Upfront Payment,Pragya
New ML,196318733707,America/New_York,Machine Learning Program (with Agentic AI),"Machine Learning Program - 2nd Mid-July 2026",2-Jul-2026,DEPOSIT_PAID,has_dropped_out,Fully Paid,CLIMBCREDIT,Onboarded,Upfront Payment,Disha
EdgeUp Step Up,300000173922,America/New_York,EdgeUp 2026 Technical Program Manager StepUp Program (with Agentic AI Interview Prep),Applied Agentic AI - 2nd mid-July 2026,1-Jul-2026,ENROLLED,has_time_to_pay,has_time_to_pay,STRIPE_MANUAL_PAYMENT,Onboarded,Upfront Payment,Manish
EdgeUp Step Up,300000178007,America/New_York,EdgeUp 2026 Engineering Management StepUp Program (with Agentic AI Interview Prep),DEFAULT COHORT (USA),30-Jun-2026,ENROLLED_WITH_NO_DUES,has_paid_in_full,Fully Paid,STRIPE_MANUAL_PAYMENT,Yet to Connect,Upfront Payment,SSA-1
FDE Full program,300000198683,America/Los_Angeles,Forward Deployed Engineering Program,Forward Deployed Engineering - Mid-July 2026,2-Jul-2026,ENROLLED_WITH_NO_DUES,has_paid_in_full,Fully Paid,STRIPE_CARD,VM/VM Not Setup,Upfront Payment,Suraj
EdgeUp,300000201050,America/New_York,EdgeUp 2026 Technical Program Manager LevelUp Program (with Agentic AI Interview Prep),Applied Agentic AI - 2nd mid-July 2026,2-Jul-2026,ENROLLED_WITH_NO_DUES,has_paid_in_full,Fully Paid,STRIPE_CARD,Onboarded,Upfront Payment,Manish
EdgeUp,150562267561,America/Los_Angeles,EdgeUp 2026 Fullstack LevelUp Program (with Agentic AI Interview Prep),Applied Agentic AI for SWEs- Early-August 2026,3-Jul-2026,ENROLLED_WITH_NO_DUES,has_paid_in_full,Fully Paid,ACH Transfer,VM/VM Not Setup,Upfront Payment,Sanjana
Level Up,161015206780,America/New_York,Data Engineering Interview Prep Program,"Data Engineering Interview Prep - Mid-July 2026",3-Jul-2026,FULL_PAYMENT_PAID,has_paid_in_full,Fully Paid,CLIMBCREDIT,Onboarded,Upfront Payment,Disha
New ML,180542825604,America/New_York,Machine Learning Program (with Agentic AI),Machine Learning Program - 2nd Mid-July 2026,3-Jul-2026,ENROLLED,Flexipay_has_time_to_pay,Flexipay_has_time_to_pay,0_PERCENT_APR_FLEXIPAY,Onboarded,Flexipay,Manish
Step Up,300000183472,America/Los_Angeles,Technical Program Manager Interview Prep Fast Track Program,Self-Paced TPM FastTrack,3-Jul-2026,ENROLLED_WITH_NO_DUES,has_paid_in_full,Fully Paid,ACH_TRANSFER	,VM/VM Not Setup,Upfront Payment,Suraj
EdgeUp Step Up,300000192562,America/New_York,EdgeUp 2026 Technical Program Manager StepUp Program (with Agentic AI Interview Prep),"Applied Agentic AI - 2nd mid-July 2026
",3-Jul-2026,ENROLLED_WITH_NO_DUES,has_paid_in_full,Fully Paid,PAYPAL,Onboarded,Upfront Payment,Safoora
EdgeUp Step Up,300000194864,America/Chicago,EdgeUp 2026 Product Manager (Tech) StepUp Program (with Agentic AI Interview Prep),EdgeUp StepUp Cohort,1-Jul-2026,ENROLLED_WITH_NO_DUES,has_paid_in_full,Fully Paid,ACH_TRANSFER,Onboarded,,Ajil
EdgeUp,300000197228,America/New_York,EdgeUp 2026 Backend LevelUp Program (with Agentic AI Interview Prep),"Applied Agentic AI for SWEs - Mid-July 2026",3-Jul-2026,FULL_PAYMENT_PAID,has_paid_in_full,Fully Paid,CLIMBCREDIT,VM/VM Not Setup,Upfront Payment,Safoora
FDE Full program,300000203157,America/Los_Angeles,Forward Deployed Engineering Program,"Forward Deployed Engineering LevelUp Program - End-July 2026
",3-Jul-2026,FULL_PAYMENT_PAID,has_paid_in_full,Fully Paid,CLIMBCREDIT,VM/VM Not Setup,Upfront Payment,Pragya
New ML,300000203322,America/Detroit,Machine Learning Program (with Agentic AI),Machine Learning Program - Early-August 2027,3-Jul-2026,ENROLLED_WITH_NO_DUES,has_paid_in_full,Fully Paid,CLIMBCREDIT,Onboarded,Upfront Payment,Ajil
New ML,34740507,America/New_York,Machine Learning Program (with Agentic AI),Machine Learning Program - 2nd End-May 2026,4-Jul-2026,ENROLLED_WITH_NO_DUES,has_paid_in_full,Fully Paid,STRIPE_CARD,Callback Requested,Upfront Payment,Anjali
Step Up,40090256724,America/Chicago,Test Engineering Interview Prep Fast Track Program,Self-Paced Test Engineering FastTrack,4-Jul-2026,ENROLLED_WITH_NO_DUES,has_paid_in_full,Invalid,CLIMBCREDIT,Invalid,Upfront Payment,Safoora
Agentic SkillUp,216293598085,America/New_York,Applied Agentic AI Program for SWEs,Applied Agentic AI for SWEs - Mid-July 2026,4-Jul-2026,ENROLLED_WITH_NO_DUES,has_paid_in_full,Fully Paid,ACH_TRANSFER,VM/VM Not Setup,Upfront Payment,Anjali
New ML,34742134,America/Los_Angeles,Machine Learning Program (with Agentic AI),Machine Learning Program - 2nd Mid-July 2026,5-Jul-2026,ENROLLED_WITH_NO_DUES,has_paid_in_full,Fully Paid,PAYPAL,VM/VM Not Setup,Upfront Payment,Nishtha
New ML,300000198477,America/New_York,Machine Learning Program (with Agentic AI),Machine Learning Program - 2nd Mid-July 2026,5-Jul-2026,FULL_PAYMENT_PAID,has_paid_in_full,Fully Paid,CLIMBCREDIT,Onboarded,Upfront Payment,Safoora
EdgeUp Step Up,300000201251,America/Chicago,EdgeUp Site Reliability Engineering & DevOps StepUp Program (with Agentic AI),,6-Jul-2026,FULL_PAYMENT_PAID,has_paid_in_full,,CLIMBCREDIT,Yet to Connect,,Safoora
Agentic SkillUp,9290410,America/Los_Angeles,Applied Agentic AI Program for EM,,6-Jul-2026,FULL_PAYMENT_PAID,has_paid_in_full,,CLIMBCREDIT,Yet to Connect,,Nishtha
EdgeUp Step Up,49526551,America/Chicago,EdgeUp 2026 Data Engineering StepUp Program (with Agentic AI Interview Prep),,6-Jul-2026,FULL_PAYMENT_PAID,has_paid_in_full,,CLIMBCREDIT,Yet to Connect,,Safoora
Level Up,40357584141,America/Los_Angeles,Early Engineering Interview Prep Program,Early Engineering - Mid-July 2026,6-Jul-2026,ENROLLED_WITH_NO_DUES,has_paid_in_full,,KLARNA,Yet to Connect,,Kamal
EdgeUp,75188150165,America/Los_Angeles,EdgeUp 2026 Technical Program Manager LevelUp Program (with Agentic AI Interview Prep),,6-Jul-2026,FULL_PAYMENT_PAID,has_paid_in_full,,CLIMBCREDIT,Yet to Connect,,Sharon
Advanced ML,14386499,America/New_York,Advanced Machine Learning Program (with Agentic AI),,6-Jul-2026,FULL_PAYMENT_PAID,has_paid_in_full,,CLIMBCREDIT,Yet to Connect,,Anjali
EdgeUp Step Up,111777032470,America/Los_Angeles,EdgeUp Backend StepUp Program (with Agentic AI),,6-Jul-2026,FULL_PAYMENT_PAID,has_paid_in_full,,CLIMBCREDIT,Yet to Connect,,Nishtha
FDE Full program,142077756175,America/Los_Angeles,Forward Deployed Engineering Program,,6-Jul-2026,FULL_PAYMENT_PAID,has_paid_in_full,,CLIMBCREDIT,Yet to Connect,,Sharon
EdgeUp,300000196266,America/New_York,EdgeUp 2026 Product Manager (Tech) LevelUp Program (with Agentic AI Interview Prep),,6-Jul-2026,FULL_PAYMENT_PAID,has_paid_in_full,,CLIMBCREDIT,Yet to Connect,,Samarth
FDE Upskill,300000197189,America/Chicago,Forward Deployed Engineering (Upskilling Program),,6-Jul-2026,DEPOSIT_PAID,Flexipay_has_time_to_pay,,,Yet to Connect,,Anjali
EdgeUp Step Up,300000198381,America/New_York,EdgeUp 2026 Data Engineering StepUp Program (with Agentic AI Interview Prep),,6-Jul-2026,FULL_PAYMENT_PAID,has_paid_in_full,,CLIMBCREDIT,Yet to Connect,,Samarth
Fast Track ML,300000201076,,Fast Track Machine Learning Program,DEFAULT COHORT (USA),6-Jul-2026,ENROLLED_WITH_NO_DUES,has_paid_in_full,,,Yet to Connect,,Kamal
Level Up,300000203650,America/Los_Angeles,Embedded Systems Interview Prep Program,,6-Jul-2026,FULL_PAYMENT_PAID,has_paid_in_full,,CLIMBCREDIT,Yet to Connect,,Sanjana